t,q_hip,i_hip,q_knee,i_knee,q_ankle,i_ankle,q_shoulder,i_shoulder,ax,ay,az,fx,fy,fz,mx,my,mz,fx0,fy0,fz0,mx0,my0,mz0
0.0,0.0,2.0,0.420735,1.080605,0.454649,-0.832294,0.07056,-1.979985,0.0,0.257687,0.24089,0.0,2.164571,84.427472,-1.051442,-1.206107,0.030922,0.0,1.546122,60.305337,-0.154612,0.0,0.0
0.02,0.004,1.999936,0.422883,1.067107,0.45297,-0.846816,0.066598,-1.98218,0.006,0.259518,0.241155,0.050399,2.179952,84.429703,-1.05379,-1.198507,0.031574,0.035999,1.557108,60.306931,-0.155711,0.0036,0.0
0.04,0.008,1.999744,0.425004,1.05354,0.451261,-0.861283,0.062631,-1.984247,0.011999,0.26134,0.241417,0.100793,2.195253,84.431901,-1.056126,-1.190907,0.032225,0.071995,1.568038,60.308501,-0.156804,0.0072,0.0
0.06,0.011999,1.999424,0.427097,1.039907,0.449524,-0.875696,0.058661,-1.986188,0.017997,0.263152,0.241675,0.151177,2.210476,84.434067,-1.05845,-1.183308,0.032874,0.107984,1.578911,60.310048,-0.157891,0.010798,0.0
0.08,0.015997,1.998976,0.429163,1.026206,0.447759,-0.890053,0.054687,-1.988001,0.023994,0.264955,0.241929,0.201546,2.225619,84.436201,-1.060761,-1.175712,0.033522,0.143962,1.589728,60.311572,-0.158973,0.014396,0.0
0.1,0.019995,1.9984,0.431202,1.012441,0.445964,-0.904352,0.050709,-1.989688,0.029988,0.266748,0.242179,0.251895,2.240682,84.438302,-1.06306,-1.168117,0.034169,0.179925,1.600487,60.313073,-0.160049,0.017993,0.0
0.12,0.023991,1.997696,0.433213,0.99861,0.444141,-0.918594,0.046728,-1.991247,0.035978,0.268531,0.242425,0.302219,2.255664,84.44037,-1.065347,-1.160526,0.034814,0.21587,1.611189,60.31455,-0.161119,0.021587,0.0
0.14,0.027985,1.996865,0.435197,0.984715,0.44229,-0.932777,0.042744,-1.992678,0.041966,0.270305,0.242667,0.352512,2.270565,84.442406,-1.067621,-1.15294,0.035458,0.251794,1.621832,60.316004,-0.162183,0.025179,0.0
0.16,0.031978,1.995905,0.437152,0.970758,0.44041,-0.9469,0.038757,-1.993982,0.047949,0.27207,0.242906,0.40277,2.285385,84.444409,-1.069882,-1.145358,0.036101,0.287693,1.632418,60.317435,-0.163242,0.028769,0.0
0.18,0.035969,1.994818,0.439079,0.956738,0.438502,-0.960963,0.034768,-1.995159,0.053927,0.273824,0.24314,0.452988,2.300122,84.44638,-1.07213,-1.137782,0.036742,0.323563,1.642944,60.318843,-0.164294,0.032356,0.0
0.2,0.039957,1.993603,0.440979,0.942657,0.436566,-0.974964,0.030777,-1.996208,0.0599,0.275569,0.243371,0.50316,2.314776,84.448318,-1.074366,-1.130212,0.037381,0.3594,1.653411,60.320227,-0.165341,0.03594,0.0
0.22,0.043943,1.992261,0.44285,0.928515,0.434603,-0.988903,0.026784,-1.997129,0.065867,0.277303,0.243598,0.553283,2.329347,84.450223,-1.076589,-1.122649,0.038019,0.395202,1.663819,60.321588,-0.166382,0.03952,0.0
0.24,0.047926,1.990791,0.444693,0.914315,0.432611,-1.002778,0.022788,-1.997922,0.071827,0.279028,0.243821,0.60335,2.343834,84.452095,-1.078799,-1.115094,0.038655,0.430964,1.674167,60.322925,-0.167417,0.043096,0.0
0.26,0.051906,1.989194,0.446507,0.900055,0.430592,-1.01659,0.018792,-1.998587,0.07778,0.280742,0.24404,0.653356,2.358237,84.453935,-1.080995,-1.107548,0.039289,0.466683,1.684455,60.324239,-0.168445,0.046668,0.0
0.28,0.055883,1.987469,0.448293,0.885738,0.428545,-1.030336,0.014794,-1.999124,0.083726,0.282447,0.244255,0.703297,2.372555,84.455742,-1.083179,-1.100011,0.039922,0.502355,1.694682,60.32553,-0.169468,0.050236,0.0
0.3,0.059856,1.985617,0.45005,0.871365,0.42647,-1.044016,0.010795,-1.999534,0.089663,0.284141,0.244466,0.753168,2.386787,84.457516,-1.085349,-1.092485,0.040553,0.537977,1.704848,60.326797,-0.170485,0.053798,0.0
0.32,0.063825,1.983638,0.451779,0.856936,0.424369,-1.05763,0.006796,-1.999815,0.095591,0.285825,0.244673,0.802964,2.400933,84.459257,-1.087506,-1.084969,0.041182,0.573546,1.714952,60.328041,-0.171495,0.057355,0.0
0.34,0.067791,1.981532,0.453478,0.842451,0.42224,-1.071176,0.002796,-1.999969,0.101509,0.287499,0.244877,0.852679,2.414994,84.460965,-1.08965,-1.077465,0.041809,0.609056,1.724995,60.329261,-0.1725,0.060906,0.0
0.36,0.071751,1.9793,0.455148,0.827913,0.420084,-1.084653,-0.001204,-1.999994,0.107418,0.289163,0.245076,0.902309,2.428967,84.462641,-1.09178,-1.069974,0.042434,0.644506,1.734976,60.330458,-0.173498,0.064451,0.0
0.38,0.075708,1.97694,0.45679,0.813322,0.417901,-1.098061,-0.005204,-1.999892,0.113315,0.290816,0.245272,0.951849,2.442852,84.464283,-1.093897,-1.062496,0.043057,0.679892,1.744894,60.331631,-0.174489,0.067989,0.0
0.4,0.079659,1.974455,0.458402,0.798679,0.415692,-1.111398,-0.009203,-1.999661,0.119202,0.292458,0.245463,1.001293,2.45665,84.465892,-1.096,-1.055031,0.043678,0.71521,1.75475,60.33278,-0.175475,0.071521,0.0
0.42,0.083605,1.971842,0.459984,0.783985,0.413456,-1.124665,-0.013202,-1.999303,0.125076,0.29409,0.245651,1.050638,2.470359,84.467469,-1.09809,-1.047582,0.044296,0.750456,1.764542,60.333906,-0.176454,0.075046,0.0
0.44,0.087546,1.969104,0.461537,0.76924,0.411193,-1.137859,-0.0172,-1.998816,0.130938,0.295712,0.245835,1.099877,2.48398,84.469012,-1.100166,-1.040147,0.044913,0.785627,1.774271,60.335009,-0.177427,0.078563,0.0
0.46,0.091482,1.966239,0.463061,0.754447,0.408904,-1.150981,-0.021197,-1.998202,0.136787,0.297323,0.246015,1.149007,2.497511,84.470523,-1.102228,-1.032729,0.045527,0.820719,1.783936,60.336088,-0.178394,0.082072,0.0
0.48,0.095411,1.963249,0.464555,0.739605,0.406589,-1.164029,-0.025193,-1.99746,0.142622,0.298923,0.24619,1.198021,2.510952,84.472,-1.104276,-1.025328,0.046139,0.855729,1.793537,60.337143,-0.179354,0.085573,0.0
0.5,0.099335,1.960133,0.46602,0.724716,0.404248,-1.177002,-0.029187,-1.99659,0.148442,0.300512,0.246362,1.246916,2.524302,84.473444,-1.10631,-1.017945,0.046749,0.890654,1.803073,60.338175,-0.180307,0.089065,0.0
0.52,0.103252,1.956892,0.467454,0.70978,0.401881,-1.1899,-0.033179,-1.995592,0.154248,0.302091,0.24653,1.295686,2.537562,84.474856,-1.10833,-1.01058,0.047357,0.92549,1.812544,60.339183,-0.181254,0.092549,0.0
0.54,0.107162,1.953525,0.468859,0.694799,0.399489,-1.202722,-0.037169,-1.994466,0.160039,0.303658,0.246694,1.344326,2.55073,84.476234,-1.110335,-1.003234,0.047962,0.960233,1.82195,60.340167,-0.182195,0.096023,0.0
0.56,0.111066,1.950033,0.470233,0.679773,0.39707,-1.215467,-0.041157,-1.993213,0.165813,0.305215,0.246855,1.392832,2.563807,84.477579,-1.112327,-0.995908,0.048564,0.99488,1.831291,60.341128,-0.183129,0.099488,0.0
0.58,0.114962,1.946417,0.471578,0.664704,0.394627,-1.228135,-0.045142,-1.991832,0.171571,0.306761,0.247011,1.441199,2.576791,84.47889,-1.114305,-0.988603,0.049164,1.029428,1.840565,60.342064,-0.184057,0.102943,0.0
0.6,0.118851,1.942676,0.472892,0.649593,0.392158,-1.240723,-0.049124,-1.990324,0.177312,0.308296,0.247163,1.489422,2.589683,84.480169,-1.116268,-0.981319,0.049762,1.063873,1.849773,60.342978,-0.184977,0.106387,0.0
0.62,0.122733,1.938811,0.474176,0.634439,0.389664,-1.253232,-0.053103,-1.988688,0.183035,0.309819,0.247311,1.537496,2.602481,84.481414,-1.118216,-0.974057,0.050357,1.098211,1.858915,60.343867,-0.185891,0.109821,0.0
0.64,0.126606,1.934821,0.47543,0.619246,0.387145,-1.265661,-0.057079,-1.986925,0.18874,0.311332,0.247455,1.585415,2.615185,84.482626,-1.120151,-0.966817,0.050949,1.13244,1.86799,60.344733,-0.186799,0.113244,0.0
0.66,0.130472,1.930708,0.476653,0.604012,0.384601,-1.278009,-0.061051,-1.985035,0.194426,0.312833,0.247596,1.633177,2.627796,84.483805,-1.12207,-0.959602,0.051539,1.166555,1.876997,60.345575,-0.1877,0.116655,0.0
0.68,0.134329,1.926471,0.477846,0.58874,0.382033,-1.290276,-0.065019,-1.983018,0.200092,0.314323,0.247732,1.680775,2.640312,84.48495,-1.123975,-0.952411,0.052125,1.200554,1.885937,60.346393,-0.188594,0.120055,0.0
0.7,0.138178,1.922111,0.479008,0.57343,0.37944,-1.302459,-0.068983,-1.980874,0.205739,0.315801,0.247865,1.728205,2.652733,84.486063,-1.125866,-0.945244,0.052709,1.234432,1.894809,60.347188,-0.189481,0.123443,0.0
0.72,0.142018,1.917628,0.480139,0.558084,0.376823,-1.31456,-0.072942,-1.978603,0.211365,0.317269,0.247993,1.775462,2.665058,84.487141,-1.127741,-0.938103,0.053291,1.268187,1.903613,60.347958,-0.190361,0.126819,0.0
0.74,0.145848,1.913022,0.48124,0.542702,0.374182,-1.326576,-0.076897,-1.976206,0.216969,0.318725,0.248118,1.822542,2.677287,84.488187,-1.129602,-0.930989,0.053869,1.301816,1.912348,60.348705,-0.191235,0.130182,0.0
0.76,0.14967,1.908294,0.48231,0.527285,0.371517,-1.338507,-0.080847,-1.973682,0.222552,0.320169,0.248238,1.869439,2.68942,84.489199,-1.131448,-0.923902,0.054444,1.335314,1.921014,60.349428,-0.192101,0.133531,0.0
0.78,0.153481,1.903443,0.483349,0.511834,0.368828,-1.350353,-0.084792,-1.971032,0.228113,0.321602,0.248355,1.91615,2.701456,84.490178,-1.133279,-0.916843,0.055016,1.368678,1.929612,60.350127,-0.192961,0.136868,0.0
0.8,0.157283,1.898471,0.484358,0.496351,0.366116,-1.362112,-0.088731,-1.968255,0.233651,0.323023,0.248467,1.962668,2.713395,84.491124,-1.135095,-0.909812,0.055586,1.401906,1.938139,60.350803,-0.193814,0.140191,0.0
0.82,0.161075,1.893377,0.485335,0.480836,0.36338,-1.373784,-0.092665,-1.965353,0.239166,0.324433,0.248576,2.008991,2.725236,84.492036,-1.136896,-0.90281,0.056152,1.434994,1.946597,60.351454,-0.19466,0.143499,0.0
0.84,0.164857,1.888162,0.486281,0.46529,0.360621,-1.385368,-0.096593,-1.962325,0.244656,0.325831,0.24868,2.055113,2.73698,84.492914,-1.138682,-0.895839,0.056715,1.467938,1.954985,60.352082,-0.195499,0.146794,0.0
0.86,0.168628,1.882826,0.487196,0.449714,0.357838,-1.396863,-0.100514,-1.959171,0.250122,0.327217,0.248781,2.101029,2.748624,84.49376,-1.140452,-0.888898,0.057275,1.500735,1.963303,60.352685,-0.19633,0.150073,0.0
0.88,0.172388,1.87737,0.48808,0.43411,0.355033,-1.408269,-0.104429,-1.955892,0.255564,0.328592,0.248878,2.146735,2.76017,84.494571,-1.142208,-0.881988,0.057832,1.533382,1.97155,60.353265,-0.197155,0.153338,0.0
0.9,0.176137,1.871794,0.488932,0.418477,0.352205,-1.419585,-0.108338,-1.952488,0.260979,0.329954,0.24897,2.192226,2.771616,84.49535,-1.143948,-0.875111,0.058385,1.565876,1.979726,60.353821,-0.197973,0.156588,0.0
0.92,0.179875,1.866097,0.489754,0.402818,0.349355,-1.43081,-0.112239,-1.948958,0.266369,0.331305,0.249059,2.237498,2.782962,84.496095,-1.145672,-0.868266,0.058935,1.598213,1.98783,60.354353,-0.198783,0.159821,0.0
0.94,0.183601,1.860282,0.490544,0.387133,0.346482,-1.441944,-0.116133,-1.945304,0.271732,0.332644,0.249144,2.282547,2.794209,84.496806,-1.147381,-0.861454,0.059482,1.630391,1.995863,60.354862,-0.199586,0.163039,0.0
0.96,0.187316,1.854347,0.491302,0.371424,0.343587,-1.452985,-0.12002,-1.941526,0.277068,0.333971,0.249224,2.327367,2.805354,84.497484,-1.149075,-0.854677,0.060025,1.662405,2.003825,60.355346,-0.200382,0.166241,0.0
0.98,0.191019,1.848294,0.492029,0.35569,0.34067,-1.463933,-0.123899,-1.937623,0.282376,0.335286,0.249301,2.371954,2.816399,84.498129,-1.150753,-0.847934,0.060565,1.694253,2.011714,60.355806,-0.201171,0.169425,0.0
1.0,0.194709,1.842122,0.492725,0.339934,0.337732,-1.474787,-0.127771,-1.933596,0.287655,0.336588,0.249374,2.416305,2.827343,84.498739,-1.152415,-0.841227,0.061102,1.725932,2.01953,60.356242,-0.201953,0.172593,0.0
1.02,0.198387,1.835832,0.493389,0.324156,0.334771,-1.485548,-0.131634,-1.929446,0.292906,0.337879,0.249442,2.460413,2.838184,84.499317,-1.154062,-0.834556,0.061635,1.757438,2.027274,60.356655,-0.202727,0.175744,0.0
1.04,0.202052,1.829425,0.494021,0.308358,0.331789,-1.496213,-0.135488,-1.925172,0.298128,0.339158,0.249507,2.504276,2.848923,84.499861,-1.155693,-0.827922,0.062164,1.788768,2.034945,60.357043,-0.203495,0.178877,0.0
1.06,0.205705,1.822901,0.494622,0.292539,0.328786,-1.506782,-0.139334,-1.920775,0.30332,0.340424,0.249568,2.547888,2.85956,84.500371,-1.157308,-0.821325,0.06269,1.81992,2.042543,60.357408,-0.204254,0.181992,0.0
1.08,0.209344,1.81626,0.495192,0.276702,0.325762,-1.517255,-0.143171,-1.916255,0.308482,0.341678,0.249625,2.591245,2.870094,84.500848,-1.158907,-0.814766,0.063212,1.85089,2.050067,60.357749,-0.205007,0.185089,0.0
1.1,0.21297,1.809503,0.495729,0.260847,0.322717,-1.52763,-0.146999,-1.911612,0.313612,0.34292,0.249678,2.634344,2.880525,84.501291,-1.160491,-0.808246,0.06373,1.881674,2.057518,60.358065,-0.205752,0.188167,0.0
1.12,0.216582,1.80263,0.496235,0.244976,0.319652,-1.537908,-0.150818,-1.906847,0.318712,0.344149,0.249726,2.677178,2.890851,84.501701,-1.162058,-0.801766,0.064245,1.91227,2.064894,60.358358,-0.206489,0.191227,0.0
1.14,0.22018,1.795642,0.496709,0.229089,0.316566,-1.548088,-0.154626,-1.90196,0.323779,0.345366,0.249771,2.719746,2.901074,84.502077,-1.163609,-0.795325,0.064756,1.942675,2.072196,60.358627,-0.20722,0.194268,0.0
1.16,0.223764,1.788539,0.497151,0.213187,0.31346,-1.558168,-0.158425,-1.896951,0.328814,0.346571,0.249812,2.762041,2.911193,84.50242,-1.165144,-0.788926,0.065263,1.972886,2.079423,60.358871,-0.207942,0.197289,0.0
1.18,0.227334,1.781321,0.497562,0.197271,0.310333,-1.568149,-0.162214,-1.891821,0.333817,0.347763,0.249849,2.80406,2.921206,84.502729,-1.166663,-0.782567,0.065766,2.0029,2.086576,60.359092,-0.208658,0.20029,0.0
1.2,0.23089,1.77399,0.49794,0.181343,0.307187,-1.578029,-0.165993,-1.886569,0.338785,0.348942,0.249881,2.845798,2.931114,84.503004,-1.168166,-0.776251,0.066266,2.032713,2.093653,60.359289,-0.209365,0.203271,0.0
1.22,0.23443,1.766545,0.498287,0.165404,0.304021,-1.587809,-0.16976,-1.881197,0.34372,0.350109,0.24991,2.887252,2.940917,84.503246,-1.169652,-0.769977,0.066761,2.062323,2.100655,60.359461,-0.210066,0.206232,0.0
1.24,0.237956,1.758986,0.498602,0.149453,0.300836,-1.597487,-0.173517,-1.875705,0.348621,0.351264,0.249935,2.928417,2.950614,84.503454,-1.171123,-0.763746,0.067252,2.091727,2.107582,60.35961,-0.210758,0.209173,0.0
1.26,0.241466,1.751316,0.498885,0.133493,0.297631,-1.607062,-0.177263,-1.870092,0.353487,0.352405,0.249956,2.96929,2.960205,84.503629,-1.172576,-0.757559,0.06774,2.120921,2.114432,60.359735,-0.211443,0.212092,0.0
1.28,0.244961,1.743533,0.499136,0.117525,0.294408,-1.616535,-0.180998,-1.86436,0.358317,0.353534,0.249973,3.009865,2.969689,84.50377,-1.174014,-0.751417,0.068223,2.149904,2.121207,60.359836,-0.212121,0.21499,0.0
1.3,0.24844,1.735638,0.499355,0.101549,0.291165,-1.625904,-0.18472,-1.858508,0.363112,0.354651,0.249985,3.050139,2.979066,84.503878,-1.175435,-0.74532,0.068702,2.178671,2.127905,60.359913,-0.21279,0.217867,0.0
1.32,0.251903,1.727633,0.499542,0.085567,0.287904,-1.635169,-0.188432,-1.852538,0.36787,0.355754,0.249994,3.090109,2.988336,84.503952,-1.176839,-0.739269,0.069177,2.207221,2.134526,60.359965,-0.213453,0.220722,0.0
1.34,0.255351,1.719517,0.499697,0.069579,0.284625,-1.64433,-0.192131,-1.846449,0.372592,0.356845,0.249999,3.129769,2.997499,84.503992,-1.178227,-0.733263,0.069648,2.23555,2.141071,60.359994,-0.214107,0.223555,0.0
1.36,0.258781,1.711291,0.49982,0.053586,0.281327,-1.653385,-0.195817,-1.840242,0.377276,0.357923,0.25,3.169117,3.006553,84.503998,-1.179598,-0.727305,0.070115,2.263655,2.147538,60.359999,-0.214754,0.226365,0.0
1.38,0.262196,1.702955,0.499912,0.03759,0.278011,-1.662334,-0.199491,-1.833917,0.381922,0.358988,0.249997,3.208147,3.0155,84.503972,-1.180953,-0.721394,0.070577,2.291534,2.153928,60.35998,-0.215393,0.229153,0.0
1.4,0.265593,1.69451,0.499971,0.021592,0.274678,-1.671178,-0.203153,-1.827474,0.386531,0.36004,0.249989,3.246857,3.024337,84.503911,-1.18229,-0.715532,0.071035,2.319184,2.160241,60.359936,-0.216024,0.231918,0.0
1.42,0.268974,1.685957,0.499998,0.005593,0.271327,-1.679914,-0.206801,-1.820915,0.3911,0.361079,0.249978,3.285242,3.033066,84.503817,-1.183611,-0.709718,0.071489,2.346602,2.166476,60.359869,-0.216648,0.23466,0.0
1.44,0.272337,1.677296,0.499993,-0.010407,0.267958,-1.688542,-0.210436,-1.814239,0.395631,0.362105,0.249963,3.323299,3.041686,84.503689,-1.184916,-0.703953,0.071938,2.373785,2.172633,60.359778,-0.217263,0.237378,0.0
1.46,0.275683,1.668528,0.499956,-0.026407,0.264573,-1.697063,-0.214058,-1.807447,0.400122,0.363119,0.249944,3.361023,3.050196,84.503528,-1.186203,-0.698238,0.072383,2.400731,2.178712,60.359663,-0.217871,0.240073,0.0
1.48,0.279011,1.659653,0.499888,-0.042404,0.26117,-1.705475,-0.217666,-1.80054,0.404573,0.364119,0.249921,3.398411,3.058597,84.503333,-1.187473,-0.692574,0.072823,2.427436,2.184712,60.359524,-0.218471,0.242744,0.0
1.5,0.282321,1.650671,0.499787,-0.058399,0.257751,-1.713778,-0.22126,-1.793517,0.408983,0.365106,0.249893,3.435459,3.066887,84.503105,-1.188727,-0.686961,0.073259,2.4539,2.190633,60.35936,-0.219063,0.24539,0.0
1.52,0.285614,1.641584,0.499654,-0.07439,0.254315,-1.721971,-0.22484,-1.786379,0.413353,0.366079,0.249862,3.472164,3.075067,84.502842,-1.189963,-0.681399,0.073691,2.480117,2.196476,60.359173,-0.219648,0.248012,0.0
1.54,0.288888,1.632392,0.499489,-0.090377,0.250863,-1.730053,-0.228406,-1.779127,0.417681,0.36704,0.249827,3.508522,3.083136,84.502547,-1.191182,-0.675889,0.074118,2.506087,2.20224,60.358962,-0.220224,0.250609,0.0
1.56,0.292143,1.623096,0.499293,-0.106357,0.247395,-1.738026,-0.231957,-1.771761,0.421968,0.367987,0.249788,3.544528,3.091094,84.502218,-1.192385,-0.670432,0.07454,2.531806,2.207924,60.358727,-0.220792,0.253181,0.0
1.58,0.29538,1.613695,0.499064,-0.122331,0.243911,-1.745887,-0.235493,-1.764282,0.426212,0.368922,0.249745,3.58018,3.098941,84.501855,-1.19357,-0.665028,0.074958,2.557272,2.213529,60.358468,-0.221353,0.255727,0.0
1.6,0.298598,1.604192,0.498803,-0.138297,0.240411,-1.753636,-0.239014,-1.75669,0.430414,0.369842,0.249697,3.615475,3.106676,84.501458,-1.194738,-0.659678,0.075371,2.582482,2.219054,60.358185,-0.221905,0.258248,0.0
1.62,0.301797,1.594585,0.498511,-0.154254,0.236896,-1.761273,-0.242519,-1.748985,0.434572,0.37075,0.249646,3.650407,3.1143,84.501029,-1.195888,-0.654382,0.075779,2.607434,2.2245,60.357878,-0.22245,0.260743,0.0
1.64,0.304976,1.584877,0.498186,-0.170201,0.233366,-1.768797,-0.246009,-1.741169,0.438687,0.371644,0.249591,3.684975,3.121811,84.500565,-1.197022,-0.64914,0.076183,2.632125,2.229865,60.357546,-0.222987,0.263212,0.0
1.66,0.308136,1.575067,0.49783,-0.186138,0.229821,-1.776208,-0.249484,-1.733241,0.442759,0.372525,0.249532,3.719174,3.12921,84.500068,-1.198138,-0.643955,0.076582,2.656553,2.23515,60.357191,-0.223515,0.265655,0.0
1.68,0.311276,1.565156,0.497442,-0.202062,0.226262,-1.783505,-0.252942,-1.725202,0.446786,0.373392,0.249469,3.753001,3.136496,84.499537,-1.199237,-0.638825,0.076976,2.680715,2.240355,60.356812,-0.224035,0.268072,0.0
1.7,0.314397,1.555145,0.497022,-0.217974,0.222687,-1.790689,-0.256385,-1.717053,0.450768,0.374246,0.249402,3.786453,3.14367,84.498973,-1.200318,-0.633751,0.077365,2.704609,2.245478,60.35641,-0.224548,0.270461,0.0
1.72,0.317497,1.545035,0.49657,-0.233871,0.219099,-1.797757,-0.259811,-1.708794,0.454706,0.375087,0.24933,3.819527,3.15073,84.498376,-1.201382,-0.628734,0.077749,2.728233,2.250521,60.355983,-0.225052,0.272823,0.0
1.74,0.320577,1.534826,0.496086,-0.249754,0.215496,-1.804711,-0.26322,-1.700425,0.458597,0.375914,0.249255,3.852218,3.157677,84.497745,-1.202429,-0.623775,0.078129,2.751584,2.255483,60.355532,-0.225548,0.275158,0.0
1.76,0.323636,1.524518,0.495571,-0.26562,0.21188,-1.811549,-0.266612,-1.691948,0.462443,0.376727,0.249176,3.884524,3.16451,84.49708,-1.203458,-0.618873,0.078503,2.77466,2.260364,60.355057,-0.226036,0.277466,0.0
1.78,0.326675,1.514113,0.495024,-0.28147,0.20825,-1.818271,-0.269987,-1.683362,0.466243,0.377527,0.249093,3.916442,3.171229,84.496382,-1.204469,-0.61403,0.078873,2.797458,2.265164,60.354559,-0.226516,0.279746,0.0
1.8,0.329692,1.503611,0.494445,-0.297301,0.204607,-1.824877,-0.273346,-1.674669,0.469996,0.378314,0.249006,3.947968,3.177834,84.49565,-1.205463,-0.609246,0.079237,2.819977,2.269882,60.354036,-0.226988,0.281998,0.0
1.82,0.332689,1.493013,0.493834,-0.313114,0.200951,-1.831366,-0.276686,-1.665868,0.473702,0.379086,0.248915,3.979099,3.184325,84.494885,-1.20644,-0.604521,0.079597,2.842213,2.274518,60.35349,-0.227452,0.284221,0.0
1.84,0.335664,1.48232,0.493192,-0.328906,0.197282,-1.837737,-0.280009,-1.656961,0.477361,0.379845,0.24882,4.009832,3.190701,84.494087,-1.207398,-0.599855,0.079951,2.864166,2.279072,60.352919,-0.227907,0.286417,0.0
1.86,0.338618,1.471531,0.492519,-0.344678,0.1936,-1.843992,-0.283314,-1.647948,0.480972,0.380591,0.248721,4.040165,3.196962,84.493255,-1.208339,-0.59525,0.080301,2.885832,2.283544,60.352325,-0.228354,0.288583,0.0
1.88,0.34155,1.460648,0.491814,-0.360427,0.189906,-1.850128,-0.286601,-1.638829,0.484535,0.381322,0.248618,4.070093,3.203108,84.49239,-1.209263,-0.590706,0.080645,2.907209,2.287934,60.351707,-0.228793,0.290721,0.0
1.9,0.344461,1.449672,0.491077,-0.376154,0.1862,-1.856145,-0.289869,-1.629606,0.488049,0.38204,0.248511,4.099614,3.209139,84.491491,-1.210168,-0.586223,0.080984,2.928296,2.292242,60.351065,-0.229224,0.29283,0.0
1.92,0.347349,1.438603,0.490309,-0.391856,0.182481,-1.862044,-0.293119,-1.620278,0.491515,0.382745,0.2484,4.128726,3.215054,84.490559,-1.211056,-0.581801,0.081318,2.94909,2.296467,60.350399,-0.229647,0.294909,0.0
1.94,0.350215,1.427442,0.48951,-0.407533,0.178751,-1.867824,-0.29635,-1.610846,0.494931,0.383435,0.248285,4.157424,3.220854,84.489593,-1.211926,-0.577441,0.081647,2.969589,2.30061,60.349709,-0.230061,0.296959,0.0
1.96,0.353059,1.416189,0.488679,-0.423184,0.17501,-1.873484,-0.299562,-1.601312,0.498298,0.384112,0.248166,4.185707,3.226537,84.488594,-1.212778,-0.573144,0.081971,2.989791,2.304669,60.348996,-0.230467,0.298979,0.0
1.98,0.35588,1.404846,0.487817,-0.438808,0.171258,-1.879025,-0.302755,-1.591674,0.501616,0.384774,0.248043,4.213571,3.232104,84.487562,-1.213612,-0.56891,0.082289,3.009694,2.308646,60.348258,-0.230865,0.300969,0.0
2.0,0.358678,1.393413,0.486924,-0.454404,0.167494,-1.884445,-0.305929,-1.581935,0.504883,0.385423,0.247916,4.241014,3.237556,84.486496,-1.214428,-0.564739,0.082602,3.029296,2.31254,60.347497,-0.231254,0.30293,0.0
2.02,0.361453,1.381891,0.485999,-0.469971,0.16372,-1.889744,-0.309083,-1.572095,0.508099,0.386058,0.247785,4.268032,3.24289,84.485397,-1.215227,-0.560632,0.08291,3.048595,2.31635,60.346712,-0.231635,0.304859,0.0
2.04,0.364206,1.370281,0.485044,-0.485508,0.159935,-1.894923,-0.312217,-1.562154,0.511265,0.386679,0.247651,4.294624,3.248108,84.484265,-1.216007,-0.556589,0.083213,3.067589,2.320077,60.345903,-0.232008,0.306759,0.0
2.06,0.366934,1.358582,0.484057,-0.501014,0.15614,-1.89998,-0.315332,-1.552113,0.514379,0.387287,0.247512,4.320787,3.253208,84.483099,-1.21677,-0.552611,0.08351,3.086276,2.32372,60.345071,-0.232372,0.308628,0.0
2.08,0.36964,1.346797,0.48304,-0.516487,0.152335,-1.904916,-0.318426,-1.541973,0.517443,0.38788,0.247369,4.346517,3.258192,84.481901,-1.217514,-0.548697,0.083801,3.104655,2.32728,60.344215,-0.232728,0.310466,0.0
2.1,0.372322,1.334926,0.481991,-0.531928,0.148521,-1.909729,-0.321499,-1.531734,0.520454,0.388459,0.247222,4.371813,3.263059,84.480669,-1.21824,-0.544849,0.084088,3.122724,2.330756,60.343335,-0.233076,0.312272,0.0
2.12,0.374979,1.322969,0.480912,-0.547334,0.144697,-1.914421,-0.324553,-1.521398,0.523413,0.389025,0.247072,4.396672,3.267807,84.479403,-1.218949,-0.541067,0.084369,3.14048,2.334148,60.342431,-0.233415,0.314048,0.0
2.14,0.377613,1.310927,0.479802,-0.562706,0.140863,-1.91899,-0.327585,-1.510963,0.52632,0.389576,0.246917,4.421091,3.272439,84.478105,-1.219639,-0.537351,0.084644,3.157922,2.337456,60.341503,-0.233746,0.315792,0.0
2.16,0.380223,1.298802,0.478661,-0.578041,0.137021,-1.923436,-0.330596,-1.500432,0.529175,0.390113,0.246759,4.445067,3.276952,84.476773,-1.220311,-0.533701,0.084914,3.175048,2.34068,60.340552,-0.234068,0.317505,0.0
2.18,0.382809,1.286593,0.47749,-0.59334,0.133169,-1.927759,-0.333587,-1.489805,0.531976,0.390637,0.246596,4.4686,3.281348,84.475408,-1.220965,-0.530118,0.085179,3.191857,2.34382,60.339577,-0.234382,0.319186,0.0
2.2,0.385369,1.274302,0.476288,-0.6086,0.12931,-1.931959,-0.336555,-1.479083,0.534724,0.391146,0.24643,4.491685,3.285625,84.47401,-1.2216,-0.526602,0.085438,3.208346,2.346875,60.338579,-0.234688,0.320835,0.0
2.22,0.387906,1.26193,0.475056,-0.623822,0.125442,-1.936035,-0.339503,-1.468266,0.537419,0.391641,0.246259,4.514321,3.289784,84.472579,-1.222218,-0.523154,0.085691,3.224515,2.349846,60.337557,-0.234985,0.322452,0.0
2.24,0.390417,1.249477,0.473793,-0.639004,0.121566,-1.939987,-0.342428,-1.457355,0.54006,0.392122,0.246085,4.536506,3.293825,84.471115,-1.222817,-0.519774,0.085939,3.240362,2.352732,60.336511,-0.235273,0.324036,0.0
2.26,0.392904,1.236943,0.4725,-0.654144,0.117682,-1.943815,-0.345332,-1.446351,0.542647,0.392589,0.245907,4.558237,3.297747,84.469618,-1.223398,-0.516461,0.086181,3.255884,2.355533,60.335441,-0.235553,0.325588,0.0
2.28,0.395365,1.224331,0.471176,-0.669243,0.11379,-1.947518,-0.348214,-1.435254,0.54518,0.393042,0.245725,4.579513,3.30155,84.468087,-1.223961,-0.513218,0.086418,3.271081,2.35825,60.334348,-0.235825,0.327108,0.0
2.3,0.397801,1.21164,0.469823,-0.684299,0.109892,-1.951097,-0.351073,-1.424065,0.547658,0.39348,0.245539,4.60033,3.305235,84.466524,-1.224506,-0.510043,0.086649,3.28595,2.360882,60.333231,-0.236088,0.328595,0.0
2.32,0.400211,1.198872,0.468439,-0.699312,0.105986,-1.954551,-0.35391,-1.412786,0.550082,0.393905,0.245349,4.620688,3.3088,84.464928,-1.225032,-0.506938,0.086874,3.300491,2.363429,60.332091,-0.236343,0.330049,0.0
2.34,0.402596,1.186027,0.467026,-0.714279,0.102074,-1.95788,-0.356724,-1.401415,0.55245,0.394315,0.245155,4.640583,3.312247,84.463298,-1.22554,-0.503902,0.087094,3.314702,2.36589,60.330927,-0.236589,0.33147,0.0
2.36,0.404955,1.173106,0.465582,-0.729201,0.098155,-1.961084,-0.359516,-1.389956,0.554764,0.394711,0.244957,4.660014,3.315574,84.461636,-1.226029,-0.500935,0.087308,3.328582,2.368267,60.32974,-0.236827,0.332858,0.0
2.38,0.407289,1.16011,0.464109,-0.744076,0.094229,-1.964162,-0.362284,-1.378407,0.557021,0.395093,0.244755,4.67898,3.318782,84.459941,-1.226501,-0.498039,0.087517,3.342128,2.370558,60.328529,-0.237056,0.334213,0.0
2.4,0.409596,1.14704,0.462606,-0.758904,0.090298,-1.967115,-0.365029,-1.36677,0.559223,0.395461,0.244549,4.697477,3.32187,84.458213,-1.226954,-0.495214,0.087719,3.355341,2.372764,60.327295,-0.237276,0.335534,0.0
2.42,0.411877,1.133896,0.461073,-0.773682,0.086361,-1.969941,-0.367751,-1.355045,0.56137,0.395814,0.24434,4.715505,3.324839,84.456452,-1.227388,-0.492459,0.087916,3.368218,2.374885,60.326037,-0.237488,0.336822,0.0
2.44,0.414131,1.12068,0.459511,-0.788412,0.082418,-1.972642,-0.370449,-1.343234,0.56346,0.396153,0.244126,4.733061,3.327688,84.454658,-1.227804,-0.489774,0.088107,3.380758,2.37692,60.324756,-0.237692,0.338076,0.0
2.46,0.416359,1.107392,0.45792,-0.803091,0.078471,-1.975216,-0.373124,-1.331337,0.565493,0.396478,0.243909,4.750144,3.330417,84.452832,-1.228202,-0.487162,0.088293,3.39296,2.378869,60.323451,-0.237887,0.339296,0.0
2.48,0.418561,1.094033,0.456299,-0.817718,0.074518,-1.977664,-0.375775,-1.319354,0.56747,0.396789,0.243687,4.766751,3.333026,84.450972,-1.228581,-0.48462,0.088473,3.404822,2.380733,60.322123,-0.238073,0.340482,0.0
2.5,0.420735,1.080605,0.454649,-0.832294,0.07056,-1.979985,-0.378401,-1.307287,0.569391,0.397085,0.243462,4.782882,3.335516,84.44908,-1.228942,-0.48215,0.088646,3.416345,2.382511,60.320771,-0.238251,0.341634,0.0
2.52,0.422883,1.067107,0.45297,-0.846816,0.066598,-1.98218,-0.381004,-1.295137,0.571254,0.397367,0.243233,4.798535,3.337885,84.447155,-1.229284,-0.479753,0.088814,3.427525,2.384204,60.319397,-0.23842,0.342753,0.0
2.54,0.425004,1.05354,0.451261,-0.861283,0.062631,-1.984247,-0.383582,-1.282903,0.573061,0.397635,0.243,4.813708,3.340134,84.445198,-1.229608,-0.477427,0.088977,3.438363,2.38581,60.317998,-0.238581,0.343836,0.0
2.56,0.427097,1.039907,0.449524,-0.875696,0.058661,-1.986188,-0.386135,-1.270588,0.57481,0.397888,0.242763,4.8284,3.342263,84.443207,-1.229913,-0.475174,0.089133,3.448857,2.387331,60.316577,-0.238733,0.344886,0.0
2.58,0.429163,1.026206,0.447759,-0.890053,0.054687,-1.988001,-0.388664,-1.258191,0.576501,0.398128,0.242522,4.842609,3.344271,84.441185,-1.2302,-0.472993,0.089283,3.459006,2.388765,60.315132,-0.238877,0.345901,0.0
2.6,0.431202,1.012441,0.445964,-0.904352,0.050709,-1.989688,-0.391168,-1.245713,0.578135,0.398352,0.242277,4.856333,3.34616,84.439129,-1.230468,-0.470886,0.089428,3.468809,2.390114,60.313664,-0.239011,0.346881,0.0
2.62,0.433213,0.99861,0.444141,-0.918594,0.046728,-1.991247,-0.393647,-1.233156,0.579711,0.398563,0.242029,4.869572,3.347927,84.437041,-1.230718,-0.468851,0.089567,3.478266,2.391377,60.312172,-0.239138,0.347827,0.0
2.64,0.435197,0.984715,0.44229,-0.932777,0.042744,-1.992678,-0.396101,-1.22052,0.581229,0.398759,0.241776,4.882324,3.349575,84.434921,-1.230949,-0.46689,0.0897,3.487374,2.392553,60.310658,-0.239255,0.348737,0.0
2.66,0.437152,0.970758,0.44041,-0.9469,0.038757,-1.993982,-0.398529,-1.207806,0.582689,0.398941,0.24152,4.894588,3.351101,84.432768,-1.231162,-0.465002,0.089826,3.496134,2.393644,60.30912,-0.239364,0.349613,0.0
2.68,0.439079,0.956738,0.438502,-0.960963,0.034768,-1.995159,-0.400932,-1.195015,0.584091,0.399108,0.24126,4.906362,3.352507,84.430582,-1.231356,-0.463188,0.089947,3.504544,2.394648,60.307559,-0.239465,0.350454,0.0
2.7,0.440979,0.942657,0.436566,-0.974964,0.030777,-1.996208,-0.403309,-1.182147,0.585434,0.399261,0.240996,4.917646,3.353792,84.428364,-1.231532,-0.461447,0.090063,3.512604,2.395566,60.305974,-0.239557,0.35126,0.0
2.72,0.44285,0.928515,0.434603,-0.988903,0.026784,-1.997129,-0.40566,-1.169203,0.586719,0.3994,0.240728,4.928438,3.354957,84.426114,-1.231689,-0.459781,0.090172,3.520313,2.396398,60.304367,-0.23964,0.352031,0.0
2.74,0.444693,0.914315,0.432611,-1.002778,0.022788,-1.997922,-0.407986,-1.156185,0.587945,0.399524,0.240456,4.938737,3.356001,84.423831,-1.231827,-0.458189,0.090275,3.527669,2.397143,60.302737,-0.239714,0.352767,0.0
2.76,0.446507,0.900055,0.430592,-1.01659,0.018792,-1.998587,-0.410285,-1.143092,0.589112,0.399634,0.240181,4.948542,3.356924,84.421516,-1.231947,-0.456671,0.090372,3.534673,2.397803,60.301083,-0.23978,0.353467,0.0
2.78,0.448293,0.885738,0.428545,-1.030336,0.014794,-1.999124,-0.412558,-1.129927,0.59022,0.399729,0.239901,4.957852,3.357726,84.419169,-1.232048,-0.455228,0.090463,3.541323,2.398375,60.299407,-0.239838,0.354132,0.0
2.8,0.45005,0.871365,0.42647,-1.044016,0.010795,-1.999534,-0.414805,-1.116689,0.59127,0.39981,0.239618,4.966667,3.358407,84.41679,-1.232131,-0.453859,0.090549,3.547619,2.398862,60.297707,-0.239886,0.354762,0.0
2.82,0.451779,0.856936,0.424369,-1.05763,0.006796,-1.999815,-0.417025,-1.10338,0.59226,0.399877,0.239331,4.974985,3.358967,84.414378,-1.232195,-0.452565,0.090628,3.55356,2.399262,60.295984,-0.239926,0.355356,0.0
2.84,0.453478,0.842451,0.42224,-1.071176,0.002796,-1.999969,-0.419218,-1.09,0.593191,0.399929,0.23904,4.982805,3.359406,84.411934,-1.232241,-0.451346,0.090701,3.559146,2.399576,60.294239,-0.239958,0.355915,0.0
2.86,0.455148,0.827913,0.420084,-1.084653,-0.001204,-1.999994,-0.421385,-1.07655,0.594063,0.399967,0.238745,4.990127,3.359725,84.409458,-1.232268,-0.450202,0.090769,3.564376,2.399804,60.29247,-0.23998,0.356438,0.0
2.88,0.45679,0.813322,0.417901,-1.098061,-0.005204,-1.999892,-0.423524,-1.063031,0.594875,0.399991,0.238446,4.99695,3.359922,84.40695,-1.232276,-0.449133,0.09083,3.56925,2.399945,60.290679,-0.239994,0.356925,0.0
2.9,0.458402,0.798679,0.415692,-1.111398,-0.009203,-1.999661,-0.425637,-1.049445,0.595628,0.4,0.238144,5.003273,3.359999,84.40441,-1.232266,-0.448139,0.090885,3.573767,2.399999,60.288864,-0.24,0.357377,0.0
2.92,0.459984,0.783985,0.413456,-1.124665,-0.013202,-1.999303,-0.427722,-1.035791,0.596321,0.399995,0.237838,5.009097,3.359955,84.401838,-1.232237,-0.44722,0.090934,3.577926,2.399968,60.287027,-0.239997,0.357793,0.0
2.94,0.461537,0.76924,0.411193,-1.137859,-0.0172,-1.998816,-0.42978,-1.022071,0.596955,0.399975,0.237528,5.014419,3.359789,84.399234,-1.23219,-0.446377,0.090978,3.581728,2.399849,60.285167,-0.239985,0.358173,0.0
2.96,0.463061,0.754447,0.408904,-1.150981,-0.021197,-1.998202,-0.43181,-1.008285,0.597529,0.399941,0.237214,5.019239,3.359503,84.396598,-1.232124,-0.445609,0.091015,3.585171,2.399645,60.283284,-0.239964,0.358517,0.0
2.98,0.464555,0.739605,0.406589,-1.164029,-0.025193,-1.99746,-0.433813,-0.994435,0.598043,0.399892,0.236896,5.023558,3.359096,84.39393,-1.23204,-0.444917,0.091046,3.588256,2.399354,60.281379,-0.239935,0.358826,0.0
3.0,0.46602,0.724716,0.404248,-1.177002,-0.029187,-1.99659,-0.435788,-0.980522,0.598497,0.399829,0.236575,5.027375,3.358567,84.39123,-1.231936,-0.444301,0.091071,3.590982,2.398977,60.27945,-0.239898,0.359098,0.0
3.02,0.467454,0.70978,0.401881,-1.1899,-0.033179,-1.995592,-0.437735,-0.966545,0.598891,0.399752,0.23625,5.030688,3.357918,84.388499,-1.231815,-0.44376,0.09109,3.593349,2.398513,60.277499,-0.239851,0.359335,0.0
3.04,0.468859,0.694799,0.399489,-1.202722,-0.037169,-1.994466,-0.439654,-0.952507,0.599226,0.39966,0.235921,5.033499,3.357148,84.385735,-1.231674,-0.443295,0.091104,3.595357,2.397963,60.275525,-0.239796,0.359536,0.0
3.06,0.470233,0.679773,0.39707,-1.215467,-0.041157,-1.993213,-0.441545,-0.938408,0.599501,0.399554,0.235588,5.035806,3.356257,84.38294,-1.231516,-0.442906,0.091111,3.597005,2.397327,60.273529,-0.239733,0.3597,0.0
3.08,0.471578,0.664704,0.394627,-1.228135,-0.045142,-1.991832,-0.443408,-0.924248,0.599715,0.399434,0.235252,5.03761,3.355246,84.380114,-1.231338,-0.442592,0.091112,3.598293,2.396604,60.27151,-0.23966,0.359829,0.0
3.1,0.472892,0.649593,0.392158,-1.240723,-0.049124,-1.990324,-0.445242,-0.91003,0.59987,0.399299,0.234911,5.03891,3.354113,84.377255,-1.231142,-0.442354,0.091107,3.599222,2.395795,60.269468,-0.23958,0.359922,0.0
3.12,0.474176,0.634439,0.389664,-1.253232,-0.053103,-1.988688,-0.447048,-0.895753,0.599965,0.39915,0.234567,5.039706,3.35286,84.374366,-1.230928,-0.442193,0.091095,3.59979,2.3949,60.267404,-0.23949,0.359979,0.0
3.14,0.47543,0.619246,0.387145,-1.265661,-0.057079,-1.986925,-0.448825,-0.881419,0.6,0.398986,0.23422,5.039998,3.351486,84.371444,-1.230695,-0.442107,0.091078,3.599999,2.393919,60.265317,-0.239392,0.36,0.0
3.16,0.476653,0.604012,0.384601,-1.278009,-0.061051,-1.985035,-0.450573,-0.867029,0.599975,0.398809,0.233868,5.039787,3.349991,84.368491,-1.230443,-0.442096,0.091055,3.599848,2.392851,60.263208,-0.239285,0.359985,0.0
3.18,0.477846,0.58874,0.382033,-1.290276,-0.065019,-1.983018,-0.452293,-0.852583,0.599889,0.398616,0.233513,5.039071,3.348376,84.365507,-1.230173,-0.442162,0.091026,3.599336,2.391697,60.261077,-0.23917,0.359934,0.0
3.2,0.479008,0.57343,0.37944,-1.302459,-0.068983,-1.980874,-0.453984,-0.838082,0.599744,0.39841,0.233154,5.037851,3.346641,84.362492,-1.229884,-0.442304,0.090991,3.598465,2.390458,60.258923,-0.239046,0.359846,0.0
3.22,0.480139,0.558084,0.376823,-1.31456,-0.072942,-1.978603,-0.455645,-0.823528,0.599539,0.398189,0.232791,5.036127,3.344784,84.359445,-1.229577,-0.442521,0.090949,3.597234,2.389132,60.256746,-0.238913,0.359723,0.0
3.24,0.48124,0.542702,0.374182,-1.326576,-0.076897,-1.976206,-0.457278,-0.808921,0.599274,0.397953,0.232425,5.0339,3.342808,84.356366,-1.229251,-0.442815,0.090902,3.595643,2.38772,60.254547,-0.238772,0.359564,0.0
3.26,0.48231,0.527285,0.371517,-1.338507,-0.080847,-1.973682,-0.458881,-0.794263,0.598949,0.397704,0.232054,5.03117,3.340711,84.353257,-1.228907,-0.443184,0.090849,3.593693,2.386222,60.252326,-0.238622,0.359369,0.0
3.28,0.483349,0.511834,0.368828,-1.350353,-0.084792,-1.971032,-0.460455,-0.779553,0.598564,0.39744,0.23168,5.027936,3.338494,84.350116,-1.228544,-0.443628,0.090789,3.591383,2.384638,60.250083,-0.238464,0.359138,0.0
3.3,0.484358,0.496351,0.366116,-1.362112,-0.088731,-1.968255,-0.461999,-0.764794,0.598119,0.397161,0.231303,5.0242,3.336156,84.346944,-1.228163,-0.444149,0.090724,3.588714,2.382969,60.247817,-0.238297,0.358871,0.0
3.32,0.485335,0.480836,0.36338,-1.373784,-0.092665,-1.965353,-0.463514,-0.749986,0.597614,0.396869,0.230922,5.019961,3.333699,84.343741,-1.227764,-0.444745,0.090653,3.585686,2.381213,60.245529,-0.238121,0.358569,0.0
3.34,0.486281,0.46529,0.360621,-1.385368,-0.096593,-1.962325,-0.464999,-0.735129,0.59705,0.396562,0.230537,5.01522,3.331121,84.340507,-1.227346,-0.445417,0.090575,3.5823,2.379372,60.243219,-0.237937,0.35823,0.0
3.36,0.487196,0.449714,0.357838,-1.396863,-0.100514,-1.959171,-0.466454,-0.720226,0.596426,0.396241,0.230148,5.009978,3.328424,84.337242,-1.226909,-0.446164,0.090492,3.578556,2.377446,60.240887,-0.237745,0.357856,0.0
3.38,0.48808,0.43411,0.355033,-1.408269,-0.104429,-1.955892,-0.46788,-0.705277,0.595742,0.395906,0.229756,5.004234,3.325607,84.333946,-1.226454,-0.446987,0.090402,3.574453,2.375433,60.238533,-0.237543,0.357445,0.0
3.4,0.488932,0.418477,0.352205,-1.419585,-0.108338,-1.952488,-0.469275,-0.690282,0.594999,0.395556,0.229359,4.997991,3.32267,84.33062,-1.225981,-0.447885,0.090307,3.569993,2.373335,60.236157,-0.237334,0.356999,0.0
3.42,0.489754,0.402818,0.349355,-1.43081,-0.112239,-1.948958,-0.470641,-0.675243,0.594196,0.395192,0.22896,4.991247,3.319613,84.327262,-1.225489,-0.448858,0.090205,3.565176,2.371152,60.233759,-0.237115,0.356518,0.0
3.44,0.490544,0.387133,0.346482,-1.441944,-0.116133,-1.945304,-0.471976,-0.660161,0.593334,0.394814,0.228556,4.984004,3.316437,84.323874,-1.224979,-0.449906,0.090098,3.560003,2.368884,60.231338,-0.236888,0.356,0.0
3.46,0.491302,0.371424,0.343587,-1.452985,-0.12002,-1.941526,-0.473282,-0.645037,0.592412,0.394422,0.228149,4.976263,3.313141,84.320455,-1.224451,-0.451029,0.089984,3.554474,2.36653,60.228896,-0.236653,0.355447,0.0
3.48,0.492029,0.35569,0.34067,-1.463933,-0.123899,-1.937623,-0.474556,-0.629872,0.591432,0.394015,0.227739,4.968025,3.309727,84.317005,-1.223904,-0.452228,0.089865,3.548589,2.36409,60.226432,-0.236409,0.354859,0.0
3.5,0.492725,0.339934,0.337732,-1.474787,-0.127771,-1.933596,-0.475801,-0.614666,0.590392,0.393594,0.227324,4.959289,3.306193,84.313525,-1.223339,-0.453501,0.08974,3.542349,2.361566,60.223946,-0.236157,0.354235,0.0
3.52,0.493389,0.324156,0.334771,-1.485548,-0.131634,-1.929446,-0.477015,-0.599421,0.589293,0.39316,0.226906,4.950058,3.30254,84.310014,-1.222756,-0.454849,0.089608,3.535756,2.358957,60.221438,-0.235896,0.353576,0.0
3.54,0.494021,0.308358,0.331789,-1.496213,-0.135488,-1.925172,-0.478199,-0.584137,0.588135,0.39271,0.226485,4.940331,3.298768,84.306472,-1.222155,-0.456271,0.089471,3.528808,2.356263,60.218909,-0.235626,0.352881,0.0
3.56,0.494622,0.292539,0.328786,-1.506782,-0.139334,-1.920775,-0.479352,-0.568816,0.586918,0.392247,0.22606,4.930111,3.294877,84.3029,-1.221535,-0.457767,0.089328,3.521508,2.353484,60.216357,-0.235348,0.352151,0.0
3.58,0.495192,0.276702,0.325762,-1.517255,-0.143171,-1.916255,-0.480474,-0.553459,0.585643,0.39177,0.225631,4.919397,3.290868,84.299298,-1.220897,-0.459338,0.089179,3.513855,2.35062,60.213784,-0.235062,0.351386,0.0
3.6,0.495729,0.260847,0.322717,-1.52763,-0.146999,-1.911612,-0.481565,-0.538066,0.584309,0.391279,0.225198,4.908192,3.286741,84.295666,-1.220241,-0.460983,0.089024,3.505851,2.347672,60.21119,-0.234767,0.350585,0.0
3.62,0.496235,0.244976,0.319652,-1.537908,-0.150818,-1.906847,-0.482626,-0.522639,0.582916,0.390773,0.224762,4.896496,3.282495,84.292003,-1.219566,-0.462702,0.088863,3.497497,2.344639,60.208573,-0.234464,0.34975,0.0
3.64,0.496709,0.229089,0.316566,-1.548088,-0.154626,-1.90196,-0.483656,-0.507178,0.581465,0.390254,0.224323,4.88431,3.27813,84.28831,-1.218874,-0.464495,0.088696,3.488793,2.341522,60.205936,-0.234152,0.348879,0.0
3.66,0.497151,0.213187,0.31346,-1.558168,-0.158425,-1.896951,-0.484655,-0.491685,0.579957,0.38972,0.223879,4.871636,3.273648,84.284587,-1.218163,-0.466361,0.088523,3.47974,2.33832,60.203276,-0.233832,0.347974,0.0
3.68,0.497562,0.197271,0.310333,-1.568149,-0.162214,-1.891821,-0.485623,-0.476161,0.57839,0.389172,0.223433,4.858474,3.269048,84.280833,-1.217434,-0.4683,0.088345,3.470339,2.335034,60.200595,-0.233503,0.347034,0.0
3.7,0.49794,0.181343,0.307187,-1.578029,-0.165993,-1.886569,-0.486559,-0.460606,0.576765,0.388611,0.222982,4.844827,3.264331,84.27705,-1.216688,-0.470313,0.08816,3.460591,2.331665,60.197893,-0.233166,0.346059,0.0
3.72,0.498287,0.165404,0.304021,-1.587809,-0.16976,-1.881197,-0.487465,-0.445021,0.575083,0.388035,0.222528,4.830695,3.259495,84.273237,-1.215923,-0.472398,0.08797,3.450497,2.328211,60.195169,-0.232821,0.34505,0.0
3.74,0.498602,0.149453,0.300836,-1.597487,-0.173517,-1.875705,-0.48834,-0.429408,0.573343,0.387446,0.222071,4.81608,3.254543,84.269394,-1.21514,-0.474556,0.087774,3.440057,2.324673,60.192424,-0.232467,0.344006,0.0
3.76,0.498885,0.133493,0.297631,-1.607062,-0.177263,-1.870092,-0.489183,-0.413768,0.571546,0.386842,0.22161,4.800984,3.249473,84.265521,-1.214339,-0.476787,0.087572,3.429274,2.321052,60.189658,-0.232105,0.342927,0.0
3.78,0.499136,0.117525,0.294408,-1.616535,-0.180998,-1.86436,-0.489995,-0.398101,0.569691,0.386225,0.221145,4.785407,3.244286,84.261618,-1.21352,-0.47909,0.087365,3.418148,2.317347,60.18687,-0.231735,0.341815,0.0
3.8,0.499355,0.101549,0.291165,-1.625904,-0.18472,-1.858508,-0.490775,-0.382409,0.56778,0.385593,0.220677,4.769352,3.238983,84.257685,-1.212683,-0.481465,0.087151,3.40668,2.313559,60.184061,-0.231356,0.340668,0.0
3.82,0.499542,0.085567,0.287904,-1.635169,-0.188432,-1.852538,-0.491524,-0.366692,0.565812,0.384948,0.220205,4.75282,3.233563,84.253723,-1.211829,-0.483912,0.086932,3.394872,2.309688,60.181231,-0.230969,0.339487,0.0
3.84,0.499697,0.069579,0.284625,-1.64433,-0.192131,-1.846449,-0.492242,-0.350951,0.563787,0.384289,0.21973,4.735813,3.228026,84.249731,-1.210956,-0.48643,0.086707,3.382724,2.305733,60.17838,-0.230573,0.338272,0.0
3.86,0.49982,0.053586,0.281327,-1.653385,-0.195817,-1.840242,-0.492928,-0.335189,0.561706,0.383616,0.219251,4.718332,3.222374,84.24571,-1.210066,-0.48902,0.086477,3.370237,2.301695,60.175507,-0.23017,0.337024,0.0
3.88,0.499912,0.03759,0.278011,-1.662334,-0.199491,-1.833917,-0.493583,-0.319404,0.559569,0.382929,0.218769,4.70038,3.216605,84.241659,-1.209157,-0.49168,0.08624,3.357414,2.297575,60.172614,-0.229757,0.335741,0.0
3.9,0.499971,0.021592,0.274678,-1.671178,-0.203153,-1.827474,-0.494206,-0.3036,0.557376,0.382229,0.218283,4.681957,3.21072,84.237579,-1.208231,-0.494412,0.085998,3.344255,2.293372,60.169699,-0.229337,0.334425,0.0
3.92,0.499998,0.005593,0.271327,-1.679914,-0.206801,-1.820915,-0.494797,-0.287776,0.555127,0.381514,0.217794,4.663066,3.20472,84.23347,-1.207287,-0.497214,0.085751,3.330761,2.289086,60.166764,-0.228909,0.333076,0.0
3.94,0.499993,-0.010407,0.267958,-1.688542,-0.210436,-1.814239,-0.495357,-0.271933,0.552822,0.380786,0.217301,4.643709,3.198605,84.229331,-1.206326,-0.500086,0.085498,3.316935,2.284718,60.163808,-0.228472,0.331693,0.0
3.96,0.499956,-0.026407,0.264573,-1.697063,-0.214058,-1.807447,-0.495885,-0.256073,0.550463,0.380045,0.216805,4.623887,3.192374,84.225163,-1.205347,-0.503028,0.085239,3.302777,2.280267,60.160831,-0.228027,0.330278,0.0
3.98,0.499888,-0.042404,0.26117,-1.705475,-0.217666,-1.80054,-0.496381,-0.240197,0.548048,0.379289,0.216305,4.603603,3.186029,84.220966,-1.20435,-0.50604,0.084974,3.288288,2.275735,60.157833,-0.227573,0.328829,0.0
4.0,0.499787,-0.058399,0.257751,-1.713778,-0.22126,-1.793517,-0.496846,-0.224305,0.545578,0.37852,0.215802,4.582859,3.179568,84.21674,-1.203335,-0.50912,0.084704,3.273471,2.27112,60.154814,-0.227112,0.327347,0.0
4.02,0.499654,-0.07439,0.254315,-1.721971,-0.22484,-1.786379,-0.497278,-0.208399,0.543054,0.377737,0.215296,4.561656,3.172994,84.212484,-1.202303,-0.51227,0.084428,3.258326,2.266424,60.151775,-0.226642,0.325833,0.0
4.04,0.499489,-0.090377,0.250863,-1.730053,-0.228406,-1.779127,-0.497679,-0.19248,0.540476,0.376941,0.214786,4.539998,3.166305,84.2082,-1.201254,-0.515489,0.084147,3.242855,2.261646,60.148715,-0.226165,0.324286,0.0
4.06,0.499293,-0.106357,0.247395,-1.738026,-0.231957,-1.771761,-0.498048,-0.176548,0.537843,0.376131,0.214272,4.517885,3.159502,84.203887,-1.200186,-0.518776,0.08386,3.227061,2.256787,60.145634,-0.225679,0.322706,0.0
4.08,0.499064,-0.122331,0.243911,-1.745887,-0.235493,-1.764282,-0.498385,-0.160605,0.535157,0.375308,0.213755,4.49532,3.152585,84.199546,-1.199102,-0.522131,0.083568,3.210943,2.251846,60.142533,-0.225185,0.321094,0.0
4.1,0.498803,-0.138297,0.240411,-1.753636,-0.239014,-1.75669,-0.498691,-0.144652,0.532417,0.374471,0.213235,4.472306,3.145555,84.195175,-1.198,-0.525553,0.083271,3.194505,2.246825,60.139411,-0.224682,0.31945,0.0
4.12,0.498511,-0.154254,0.236896,-1.761273,-0.242519,-1.748985,-0.498964,-0.128689,0.529624,0.37362,0.212711,4.448845,3.138411,84.190776,-1.19688,-0.529043,0.082967,3.177746,2.241722,60.136268,-0.224172,0.317775,0.0
4.14,0.498186,-0.170201,0.233366,-1.768797,-0.246009,-1.741169,-0.499205,-0.112718,0.526778,0.372757,0.212184,4.424939,3.131155,84.186348,-1.195744,-0.5326,0.082659,3.160671,2.236539,60.133106,-0.223654,0.316067,0.0
4.16,0.49783,-0.186138,0.229821,-1.776208,-0.249484,-1.733241,-0.499415,-0.09674,0.52388,0.371879,0.211654,4.40059,3.123786,84.181892,-1.19459,-0.536223,0.082345,3.143279,2.231276,60.129923,-0.223128,0.314328,0.0
4.18,0.497442,-0.202062,0.226262,-1.783505,-0.252942,-1.725202,-0.499592,-0.080756,0.520929,0.370989,0.21112,4.375802,3.116304,84.177407,-1.193418,-0.539913,0.082026,3.125573,2.225932,60.126719,-0.222593,0.312557,0.0
4.2,0.497022,-0.217974,0.222687,-1.790689,-0.256385,-1.717053,-0.499738,-0.064767,0.517926,0.370085,0.210583,4.350575,3.108711,84.172894,-1.19223,-0.543669,0.081701,3.107554,2.220508,60.123496,-0.222051,0.310755,0.0
4.22,0.49657,-0.233871,0.219099,-1.797757,-0.259811,-1.708794,-0.499851,-0.048773,0.514871,0.369167,0.210042,4.324914,3.101005,84.168352,-1.191024,-0.54749,0.081371,3.089224,2.215004,60.120252,-0.2215,0.308922,0.0
4.24,0.496086,-0.249754,0.215496,-1.804711,-0.26322,-1.700425,-0.499933,-0.032776,0.511764,0.368237,0.209498,4.29882,3.093188,84.163783,-1.189801,-0.551376,0.081035,3.070586,2.20942,60.116988,-0.220942,0.307059,0.0
4.26,0.495571,-0.26562,0.21188,-1.811549,-0.266612,-1.691948,-0.499982,-0.016778,0.508607,0.367293,0.208951,4.272296,3.085259,84.159185,-1.188561,-0.555326,0.080695,3.05164,2.203757,60.113704,-0.220376,0.305164,0.0
4.28,0.495024,-0.28147,0.20825,-1.818271,-0.269987,-1.683362,-0.5,-0.000778,0.505398,0.366336,0.2084,4.245345,3.077219,84.154559,-1.187304,-0.559341,0.080349,3.03239,2.198014,60.110399,-0.219801,0.303239,0.0
4.3,0.494445,-0.297301,0.204607,-1.824877,-0.273346,-1.674669,-0.499986,0.015222,0.502139,0.365365,0.207846,4.21797,3.069069,84.149905,-1.18603,-0.56342,0.079998,3.012836,2.192192,60.107075,-0.219219,0.301284,0.0
4.32,0.493834,-0.313114,0.200951,-1.831366,-0.276686,-1.665868,-0.499939,0.031221,0.49883,0.364382,0.207289,4.190173,3.060808,84.145223,-1.184739,-0.567563,0.079642,2.99298,2.186291,60.103731,-0.218629,0.299298,0.0
4.34,0.493192,-0.328906,0.197282,-1.837737,-0.280009,-1.656961,-0.499861,0.047218,0.495471,0.363385,0.206728,4.161956,3.052437,84.140514,-1.183431,-0.571768,0.07928,2.972826,2.180312,60.100367,-0.218031,0.297283,0.0
4.36,0.492519,-0.344678,0.1936,-1.843992,-0.283314,-1.647948,-0.49975,0.063212,0.492062,0.362376,0.206164,4.133324,3.043956,84.135776,-1.182106,-0.576036,0.078914,2.952374,2.174254,60.096983,-0.217425,0.295237,0.0
4.38,0.491814,-0.360427,0.189906,-1.850128,-0.286601,-1.638829,-0.499608,0.079201,0.488605,0.361353,0.205597,4.104278,3.035365,84.131011,-1.180764,-0.580367,0.078542,2.931627,2.168118,60.093579,-0.216812,0.293163,0.0
4.4,0.491077,-0.376154,0.1862,-1.856145,-0.289869,-1.629606,-0.499433,0.095186,0.485098,0.360317,0.205026,4.074822,3.026665,84.126218,-1.179405,-0.584759,0.078165,2.910587,2.161904,60.090156,-0.21619,0.291059,0.0
4.42,0.490309,-0.391856,0.182481,-1.862044,-0.293119,-1.620278,-0.499227,0.111165,0.481543,0.359269,0.204452,4.044958,3.017856,84.121398,-1.17803,-0.589212,0.077783,2.889256,2.155612,60.086713,-0.215561,0.288926,0.0
4.44,0.48951,-0.407533,0.178751,-1.867824,-0.29635,-1.610846,-0.498989,0.127136,0.477939,0.358207,0.203875,4.01469,3.008939,84.11655,-1.176638,-0.593726,0.077396,2.867636,2.149242,60.08325,-0.214924,0.286764,0.0
4.46,0.488679,-0.423184,0.17501,-1.873484,-0.299562,-1.601312,-0.498719,0.1431,0.474288,0.357132,0.203295,3.98402,2.999913,84.111675,-1.17523,-0.598301,0.077005,2.845729,2.142795,60.079768,-0.214279,0.284573,0.0
4.48,0.487817,-0.438808,0.171258,-1.879025,-0.302755,-1.591674,-0.498416,0.159054,0.47059,0.356045,0.202711,3.952952,2.990779,84.106772,-1.173805,-0.602935,0.076608,2.823537,2.136271,60.076266,-0.213627,0.282354,0.0
4.5,0.486924,-0.454404,0.167494,-1.884445,-0.305929,-1.581935,-0.498082,0.174998,0.466844,0.354945,0.202124,3.921489,2.981538,84.101842,-1.172363,-0.607629,0.076206,2.801064,2.12967,60.072745,-0.212967,0.280106,0.0
4.52,0.485999,-0.469971,0.16372,-1.889744,-0.309083,-1.572095,-0.497716,0.190931,0.463052,0.353832,0.201534,3.889633,2.972189,84.096885,-1.170905,-0.612382,0.0758,2.77831,2.122992,60.069204,-0.212299,0.277831,0.0
4.54,0.485044,-0.485508,0.159935,-1.894923,-0.312217,-1.562154,-0.497319,0.206851,0.459213,0.352706,0.200941,3.857389,2.962733,84.091901,-1.16943,-0.617194,0.075388,2.755278,2.116238,60.065644,-0.211624,0.275528,0.0
4.56,0.484057,-0.501014,0.15614,-1.89998,-0.315332,-1.552113,-0.496889,0.222759,0.455328,0.351568,0.200344,3.824759,2.95317,84.08689,-1.167939,-0.622064,0.074972,2.731971,2.109407,60.062065,-0.210941,0.273197,0.0
4.58,0.48304,-0.516487,0.152335,-1.904916,-0.318426,-1.541973,-0.496428,0.238652,0.451398,0.350417,0.199744,3.791746,2.943502,84.081852,-1.166432,-0.626991,0.074551,2.70839,2.102501,60.058466,-0.21025,0.270839,0.0
4.6,0.481991,-0.531928,0.148521,-1.909729,-0.321499,-1.531734,-0.495934,0.25453,0.447423,0.349253,0.199141,3.758354,2.933727,84.076787,-1.164908,-0.631975,0.074125,2.684539,2.095519,60.054848,-0.209552,0.268454,0.0
4.62,0.480912,-0.547334,0.144697,-1.914421,-0.324553,-1.521398,-0.495409,0.270391,0.443403,0.348077,0.198535,3.724587,2.923846,84.071696,-1.163368,-0.637015,0.073694,2.660419,2.088462,60.051211,-0.208846,0.266042,0.0
4.64,0.479802,-0.562706,0.140863,-1.91899,-0.327585,-1.510963,-0.494853,0.286236,0.439339,0.346888,0.197926,3.690446,2.913861,84.066578,-1.161812,-0.642112,0.073259,2.636033,2.081329,60.047555,-0.208133,0.263603,0.0
4.66,0.478661,-0.578041,0.137021,-1.923436,-0.330596,-1.500432,-0.494265,0.302062,0.435231,0.345687,0.197313,3.655937,2.90377,84.061433,-1.16024,-0.647264,0.072819,2.611384,2.074122,60.043881,-0.207412,0.261138,0.0
4.68,0.47749,-0.59334,0.133169,-1.927759,-0.333587,-1.489805,-0.493645,0.317868,0.431079,0.344473,0.196698,3.621063,2.893575,84.056261,-1.158652,-0.652471,0.072374,2.586473,2.066839,60.040187,-0.206684,0.258647,0.0
4.7,0.476288,-0.6086,0.12931,-1.931959,-0.336555,-1.479083,-0.492993,0.333655,0.426884,0.343247,0.196079,3.585826,2.883276,84.051063,-1.157048,-0.657733,0.071925,2.561304,2.059483,60.036474,-0.205948,0.25613,0.0
4.72,0.475056,-0.623822,0.125442,-1.936035,-0.339503,-1.468266,-0.49231,0.34942,0.422646,0.342009,0.195457,3.55023,2.872873,84.045839,-1.155428,-0.663049,0.071472,2.535879,2.052052,60.032742,-0.205205,0.253588,0.0
4.74,0.473793,-0.639004,0.121566,-1.939987,-0.342428,-1.457355,-0.491595,0.365162,0.418367,0.340758,0.194832,3.51428,2.862366,84.040589,-1.153792,-0.668417,0.071013,2.5102,2.044547,60.028992,-0.204455,0.25102,0.0
4.76,0.4725,-0.654144,0.117682,-1.943815,-0.345332,-1.446351,-0.490849,0.380881,0.414045,0.339495,0.194204,3.477978,2.851757,84.035312,-1.15214,-0.673839,0.070551,2.48427,2.036969,60.025223,-0.203697,0.248427,0.0
4.78,0.471176,-0.669243,0.11379,-1.947518,-0.348214,-1.435254,-0.490072,0.396576,0.409682,0.33822,0.193573,3.441328,2.841045,84.030009,-1.150473,-0.679313,0.070083,2.458092,2.029318,60.021435,-0.202932,0.245809,0.0
4.8,0.469823,-0.684299,0.109892,-1.951097,-0.351073,-1.424065,-0.489263,0.412246,0.405278,0.336932,0.192938,3.404334,2.83023,84.024681,-1.148789,-0.684839,0.069612,2.431667,2.021593,60.017629,-0.202159,0.243167,0.0
4.82,0.468439,-0.699312,0.105986,-1.954551,-0.35391,-1.412786,-0.488423,0.427889,0.400833,0.335633,0.192301,3.367,2.819314,84.019326,-1.14709,-0.690416,0.069136,2.405,2.013796,60.013804,-0.20138,0.2405,0.0
4.84,0.467026,-0.714279,0.102074,-1.95788,-0.356724,-1.401415,-0.487552,0.443504,0.396349,0.334321,0.19166,3.329329,2.808296,84.013945,-1.145376,-0.696044,0.068656,2.378092,2.005926,60.009961,-0.200593,0.237809,0.0
4.86,0.465582,-0.729201,0.098155,-1.961084,-0.359516,-1.389956,-0.486649,0.459092,0.391824,0.332997,0.191017,3.291325,2.797177,84.008539,-1.143646,-0.701721,0.068171,2.350947,1.997984,60.006099,-0.199798,0.235095,0.0
4.88,0.464109,-0.744076,0.094229,-1.964162,-0.362284,-1.378407,-0.485715,0.47465,0.387261,0.331662,0.19037,3.252992,2.785958,84.003107,-1.1419,-0.707448,0.067682,2.323566,1.98997,60.002219,-0.198997,0.232357,0.0
4.9,0.462606,-0.758904,0.090298,-1.967115,-0.365029,-1.36677,-0.48475,0.490177,0.382659,0.330314,0.18972,3.214334,2.774638,83.997649,-1.140139,-0.713224,0.067189,2.295953,1.981884,59.998321,-0.198188,0.229595,0.0
4.92,0.461073,-0.773682,0.086361,-1.969941,-0.367751,-1.355045,-0.483754,0.505673,0.378018,0.328954,0.189067,3.175354,2.763218,83.992166,-1.138363,-0.719049,0.066692,2.26811,1.973727,59.994405,-0.197373,0.226811,0.0
4.94,0.459511,-0.788412,0.082418,-1.972642,-0.370449,-1.343234,-0.482728,0.521137,0.37334,0.327583,0.188412,3.136057,2.751698,83.986658,-1.136571,-0.724921,0.06619,2.240041,1.965499,59.99047,-0.19655,0.224004,0.0
4.96,0.45792,-0.803091,0.078471,-1.975216,-0.373124,-1.331337,-0.48167,0.536567,0.368625,0.3262,0.187753,3.096446,2.74008,83.981124,-1.134765,-0.73084,0.065685,2.211747,1.9572,59.986517,-0.19572,0.221175,0.0
4.98,0.456299,-0.817718,0.074518,-1.977664,-0.375775,-1.319354,-0.480581,0.551964,0.363872,0.324805,0.187091,3.056526,2.728363,83.975565,-1.132943,-0.736806,0.065175,2.183233,1.948831,59.982547,-0.194883,0.218323,0.0
5.0,0.454649,-0.832294,0.07056,-1.979985,-0.378401,-1.307287,-0.479462,0.567324,0.359083,0.323399,0.186426,3.0163,2.716548,83.969981,-1.131106,-0.742817,0.064662,2.1545,1.940391,59.978558,-0.194039,0.21545,0.0
5.02,0.45297,-0.846816,0.066598,-1.98218,-0.381004,-1.295137,-0.478312,0.582649,0.354259,0.32198,0.185759,2.975772,2.704635,83.964372,-1.129254,-0.748874,0.064144,2.125551,1.931882,59.974551,-0.193188,0.212555,0.0
5.04,0.451261,-0.861283,0.062631,-1.984247,-0.383582,-1.282903,-0.477132,0.597936,0.349398,0.320551,0.185088,2.934946,2.692625,83.958738,-1.127387,-0.754976,0.063623,2.09639,1.923303,59.970527,-0.19233,0.209639,0.0
5.06,0.449524,-0.875696,0.058661,-1.986188,-0.386135,-1.270588,-0.47592,0.613185,0.344503,0.319109,0.184414,2.893828,2.680517,83.953078,-1.125505,-0.761122,0.063097,2.06702,1.914655,59.966485,-0.191466,0.206702,0.0
5.08,0.447759,-0.890053,0.054687,-1.988001,-0.388664,-1.258191,-0.474679,0.628395,0.339574,0.317656,0.183737,2.852419,2.668313,83.947395,-1.123608,-0.767311,0.062568,2.037442,1.905938,59.962425,-0.190594,0.203744,0.0
5.1,0.445964,-0.904352,0.050709,-1.989688,-0.391168,-1.245713,-0.473407,0.643564,0.33461,0.316192,0.183058,2.810726,2.656014,83.941686,-1.121697,-0.773543,0.062035,2.007661,1.897153,59.958347,-0.189715,0.200766,0.0
5.12,0.444141,-0.918594,0.046728,-1.991247,-0.393647,-1.233156,-0.472105,0.658692,0.329613,0.314716,0.182375,2.768751,2.643618,83.935953,-1.11977,-0.779817,0.061498,1.97768,1.888299,59.954252,-0.18883,0.197768,0.0
5.14,0.44229,-0.932777,0.042744,-1.992678,-0.396101,-1.22052,-0.470772,0.673778,0.324583,0.313229,0.18169,2.7265,2.631127,83.930195,-1.11783,-0.786133,0.060958,1.9475,1.879377,59.950139,-0.187938,0.19475,0.0
5.16,0.44041,-0.9469,0.038757,-1.993982,-0.398529,-1.207806,-0.46941,0.688821,0.319521,0.311731,0.181002,2.683976,2.618542,83.924413,-1.115874,-0.79249,0.060413,1.917126,1.870387,59.946009,-0.187039,0.191713,0.0
5.18,0.438502,-0.960963,0.034768,-1.995159,-0.400932,-1.195015,-0.468017,0.70382,0.314427,0.310222,0.18031,2.641183,2.605862,83.918607,-1.113904,-0.798887,0.059865,1.88656,1.86133,59.941862,-0.186133,0.188656,0.0
5.2,0.436566,-0.974964,0.030777,-1.996208,-0.403309,-1.182147,-0.466594,0.718774,0.309301,0.308701,0.179616,2.598127,2.593089,83.912776,-1.11192,-0.805323,0.059314,1.855805,1.852206,59.937697,-0.185221,0.18558,0.0
5.22,0.434603,-0.988903,0.026784,-1.997129,-0.40566,-1.169203,-0.465142,0.733682,0.304144,0.307169,0.178919,2.554811,2.580222,83.906921,-1.109922,-0.811799,0.058759,1.824865,1.843016,59.933515,-0.184302,0.182486,0.0
5.24,0.432611,-1.002778,0.022788,-1.997922,-0.407986,-1.156185,-0.46366,0.748543,0.298957,0.305626,0.178219,2.511239,2.567262,83.901042,-1.107909,-0.818313,0.0582,1.793742,1.833759,59.929316,-0.183376,0.179374,0.0
5.26,0.430592,-1.01659,0.018792,-1.998587,-0.410285,-1.143092,-0.462148,0.763356,0.29374,0.304073,0.177517,2.467416,2.55421,83.89514,-1.105882,-0.824865,0.057638,1.76244,1.824436,59.9251,-0.182444,0.176244,0.0
5.28,0.428545,-1.030336,0.014794,-1.999124,-0.412558,-1.129927,-0.460606,0.77812,0.288494,0.302508,0.176811,2.423346,2.541066,83.889213,-1.10384,-0.831454,0.057072,1.730961,1.815047,59.920866,-0.181505,0.173096,0.0
5.3,0.42647,-1.044016,0.010795,-1.999534,-0.414805,-1.116689,-0.459035,0.792834,0.283218,0.300932,0.176103,2.379034,2.527831,83.883263,-1.101785,-0.838079,0.056504,1.69931,1.805593,59.916616,-0.180559,0.169931,0.0
5.32,0.424369,-1.05763,0.006796,-1.999815,-0.417025,-1.10338,-0.457435,0.807498,0.277915,0.299346,0.175391,2.334484,2.514504,83.877289,-1.099716,-0.844739,0.055931,1.667489,1.796074,59.912349,-0.179607,0.166749,0.0
5.34,0.42224,-1.071176,0.002796,-1.999969,-0.419218,-1.09,-0.455805,0.82211,0.272583,0.297748,0.174677,2.289701,2.501087,83.871291,-1.097633,-0.851435,0.055356,1.6355,1.786491,59.908065,-0.178649,0.16355,0.0
5.36,0.420084,-1.084653,-0.001204,-1.999994,-0.421385,-1.07655,-0.454146,0.836669,0.267225,0.29614,0.173961,2.244688,2.48758,83.86527,-1.095536,-0.858165,0.054777,1.603349,1.776843,59.903764,-0.177684,0.160335,0.0
5.38,0.417901,-1.098061,-0.005204,-1.999892,-0.423524,-1.063031,-0.452459,0.851175,0.261839,0.294522,0.173241,2.199451,2.473983,83.859225,-1.093425,-0.864929,0.054195,1.571037,1.767131,59.899447,-0.176713,0.157104,0.0
5.4,0.415692,-1.111398,-0.009203,-1.999661,-0.425637,-1.049445,-0.450742,0.865626,0.256428,0.292893,0.172519,2.153995,2.460298,83.853157,-1.091301,-0.871726,0.05361,1.538568,1.757355,59.895112,-0.175736,0.153857,0.0
5.42,0.413456,-1.124665,-0.013202,-1.999303,-0.427722,-1.035791,-0.448996,0.880022,0.250991,0.291253,0.171794,2.108322,2.446523,83.847066,-1.089163,-0.878555,0.053022,1.505945,1.747517,59.890762,-0.174752,0.150594,0.0
5.44,0.411193,-1.137859,-0.0172,-1.998816,-0.42978,-1.022071,-0.447222,0.894362,0.245529,0.289602,0.171066,2.062439,2.432661,83.840952,-1.087011,-0.885416,0.05243,1.473171,1.737615,59.886395,-0.173761,0.147317,0.0
5.46,0.408904,-1.150981,-0.021197,-1.998202,-0.43181,-1.008285,-0.445419,0.908644,0.240042,0.287942,0.170335,2.01635,2.418711,83.834815,-1.084846,-0.892307,0.051836,1.44025,1.727651,59.882011,-0.172765,0.144025,0.0
5.48,0.406589,-1.164029,-0.025193,-1.99746,-0.433813,-0.994435,-0.443587,0.922868,0.234531,0.286271,0.169602,1.970059,2.404674,83.828655,-1.082668,-0.899229,0.051239,1.407185,1.717624,59.877611,-0.171762,0.140719,0.0
5.5,0.404248,-1.177002,-0.029187,-1.99659,-0.435788,-0.980522,-0.441727,0.937033,0.228997,0.284589,0.168866,1.923571,2.39055,83.822473,-1.080476,-0.90618,0.050638,1.37398,1.707536,59.873195,-0.170754,0.137398,0.0
5.52,0.401881,-1.1899,-0.033179,-1.995592,-0.437735,-0.966545,-0.439839,0.951138,0.223439,0.282898,0.168127,1.876891,2.376341,83.816267,-1.078271,-0.91316,0.050035,1.340637,1.697386,59.868762,-0.169739,0.134064,0.0
5.54,0.399489,-1.202722,-0.037169,-1.994466,-0.439654,-0.952507,-0.437923,0.965183,0.21786,0.281196,0.167386,1.830023,2.362046,83.810039,-1.076053,-0.920168,0.049429,1.307159,1.687175,59.864314,-0.168718,0.130716,0.0
5.56,0.39707,-1.215467,-0.041157,-1.993213,-0.441545,-0.938408,-0.435978,0.979165,0.212259,0.279484,0.166642,1.782972,2.347665,83.803789,-1.073822,-0.927204,0.048821,1.273552,1.676904,59.859849,-0.16769,0.127355,0.0
5.58,0.394627,-1.228135,-0.045142,-1.991832,-0.443408,-0.924248,-0.434006,0.993085,0.206636,0.277762,0.165895,1.735743,2.333201,83.797516,-1.071578,-0.934266,0.048209,1.239816,1.666572,59.855368,-0.166657,0.123982,0.0
5.6,0.392158,-1.240723,-0.049124,-1.990324,-0.445242,-0.91003,-0.432006,1.006941,0.200993,0.27603,0.165145,1.68834,2.318652,83.791221,-1.069321,-0.941354,0.047595,1.205957,1.65618,59.850872,-0.165618,0.120596,0.0
5.62,0.389664,-1.253232,-0.053103,-1.988688,-0.447048,-0.895753,-0.429978,1.020733,0.19533,0.274288,0.164393,1.640769,2.30402,83.784903,-1.067051,-0.948468,0.046978,1.171978,1.645728,59.846359,-0.164573,0.117198,0.0
5.64,0.387145,-1.265661,-0.057079,-1.986925,-0.448825,-0.881419,-0.427923,1.03446,0.189647,0.272536,0.163639,1.593033,2.289305,83.778564,-1.064768,-0.955606,0.046359,1.137881,1.635218,59.841831,-0.163522,0.113788,0.0
5.66,0.384601,-1.278009,-0.061051,-1.985035,-0.450573,-0.867029,-0.425841,1.04812,0.183945,0.270775,0.162881,1.545138,2.274507,83.772202,-1.062473,-0.962768,0.045737,1.10367,1.624648,59.837287,-0.162465,0.110367,0.0
5.68,0.382033,-1.290276,-0.065019,-1.983018,-0.452293,-0.852583,-0.423731,1.061713,0.178225,0.269003,0.162121,1.497088,2.259628,83.765819,-1.060165,-0.969953,0.045113,1.069349,1.61402,59.832728,-0.161402,0.106935,0.0
5.7,0.37944,-1.302459,-0.068983,-1.980874,-0.453984,-0.838082,-0.421594,1.075238,0.172487,0.267222,0.161359,1.448889,2.244667,83.759413,-1.057845,-0.97716,0.044486,1.034921,1.603333,59.828152,-0.160333,0.103492,0.0
5.72,0.376823,-1.31456,-0.072942,-1.978603,-0.455645,-0.823528,-0.41943,1.088695,0.166732,0.265432,0.160594,1.400545,2.229625,83.752987,-1.055512,-0.984389,0.043856,1.000389,1.592589,59.823562,-0.159259,0.100039,0.0
5.74,0.374182,-1.326576,-0.076897,-1.976206,-0.457278,-0.808921,-0.417239,1.102082,0.16096,0.263631,0.159826,1.352061,2.214503,83.746538,-1.053167,-0.991638,0.043225,0.965758,1.581788,59.818956,-0.158179,0.096576,0.0
5.76,0.371517,-1.338507,-0.080847,-1.973682,-0.458881,-0.794263,-0.415022,1.115398,0.155172,0.261822,0.159056,1.303442,2.199302,83.740068,-1.050809,-0.998908,0.042591,0.93103,1.57093,59.814334,-0.157093,0.093103,0.0
5.78,0.368828,-1.350353,-0.084792,-1.971032,-0.460455,-0.779553,-0.412778,1.128643,0.149368,0.260002,0.158283,1.254692,2.184021,83.733577,-1.04844,-1.006198,0.041955,0.896208,1.560015,59.809698,-0.156001,0.089621,0.0
5.8,0.366116,-1.362112,-0.088731,-1.968255,-0.461999,-0.764794,-0.410507,1.141815,0.14355,0.258174,0.157508,1.205817,2.168662,83.727064,-1.046058,-1.013506,0.041316,0.861298,1.549044,59.805046,-0.154904,0.08613,0.0
5.82,0.36338,-1.373784,-0.092665,-1.965353,-0.463514,-0.749986,-0.40821,1.154915,0.137717,0.256336,0.15673,1.156821,2.153224,83.720531,-1.043664,-1.020832,0.040676,0.826301,1.538017,59.800379,-0.153802,0.08263,0.0
5.84,0.360621,-1.385368,-0.096593,-1.962325,-0.464999,-0.735129,-0.405888,1.167941,0.13187,0.254489,0.155949,1.107709,2.137709,83.713976,-1.041259,-1.028175,0.040033,0.791221,1.526935,59.795697,-0.152694,0.079122,0.0
5.86,0.357838,-1.396863,-0.100514,-1.959171,-0.466454,-0.720226,-0.403539,1.180891,0.12601,0.252633,0.155167,1.058487,2.122117,83.7074,-1.038841,-1.035535,0.039389,0.756062,1.515798,59.791,-0.15158,0.075606,0.0
5.88,0.355033,-1.408269,-0.104429,-1.955892,-0.46788,-0.705277,-0.401164,1.193767,0.120138,0.250768,0.154381,1.009159,2.106449,83.700803,-1.036412,-1.04291,0.038742,0.720828,1.504606,59.786288,-0.150461,0.072083,0.0
5.9,0.352205,-1.419585,-0.108338,-1.952488,-0.469275,-0.690282,-0.398764,1.206566,0.114254,0.248893,0.153594,0.95973,2.090705,83.694186,-1.033971,-1.050301,0.038093,0.685522,1.493361,59.781561,-0.149336,0.068552,0.0
5.92,0.349355,-1.43081,-0.112239,-1.948958,-0.470641,-0.675243,-0.396338,1.219287,0.108358,0.24701,0.152803,0.910205,2.074885,83.687548,-1.031519,-1.057705,0.037443,0.650147,1.482061,59.77682,-0.148206,0.065015,0.0
5.94,0.346482,-1.441944,-0.116133,-1.945304,-0.471976,-0.660161,-0.393887,1.231931,0.102451,0.245118,0.152011,0.860589,2.058991,83.680889,-1.029055,-1.065123,0.036791,0.614707,1.470708,59.772064,-0.147071,0.061471,0.0
5.96,0.343587,-1.452985,-0.12002,-1.941526,-0.473282,-0.645037,-0.39141,1.244496,0.096534,0.243217,0.151216,0.810887,2.043023,83.67421,-1.02658,-1.072554,0.036137,0.579205,1.459302,59.767293,-0.14593,0.057921,0.0
5.98,0.34067,-1.463933,-0.123899,-1.937623,-0.474556,-0.629872,-0.388909,1.256981,0.090608,0.241307,0.150418,0.761104,2.026981,83.667511,-1.024093,-1.079997,0.035481,0.543646,1.447844,59.762508,-0.144784,0.054365,0.0
6.0,0.337732,-1.474787,-0.127771,-1.933596,-0.475801,-0.614666,-0.386382,1.269386,0.084672,0.239389,0.149618,0.711245,2.010866,83.660792,-1.021595,-1.087451,0.034823,0.508032,1.436333,59.757708,-0.143633,0.050803,0.0
6.02,0.334771,-1.485548,-0.131634,-1.929446,-0.477015,-0.599421,-0.383831,1.281709,0.078728,0.237462,0.148816,0.661314,1.994679,83.654052,-1.019086,-1.094916,0.034164,0.472367,1.424771,59.752894,-0.142477,0.047237,0.0
6.04,0.331789,-1.496213,-0.135488,-1.925172,-0.478199,-0.584137,-0.381255,1.293951,0.072776,0.235526,0.148011,0.611318,1.97842,83.647292,-1.016566,-1.10239,0.033503,0.436656,1.413157,59.748066,-0.141316,0.043666,0.0
6.06,0.328786,-1.506782,-0.139334,-1.920775,-0.479352,-0.568816,-0.378655,1.306109,0.066817,0.233582,0.147204,0.56126,1.96209,83.640513,-1.014035,-1.109874,0.032841,0.4009,1.401493,59.743223,-0.140149,0.04009,0.0
6.08,0.325762,-1.517255,-0.143171,-1.916255,-0.480474,-0.553459,-0.376031,1.318184,0.060851,0.23163,0.146394,0.511147,1.945689,83.633713,-1.011493,-1.117365,0.032177,0.365105,1.389778,59.738367,-0.138978,0.03651,0.0
6.1,0.322717,-1.52763,-0.146999,-1.911612,-0.481565,-0.538066,-0.373383,1.330175,0.054879,0.229669,0.145583,0.460982,1.929218,83.626894,-1.008941,-1.124864,0.031512,0.329273,1.378013,59.733496,-0.137801,0.032927,0.0
6.12,0.319652,-1.537908,-0.150818,-1.906847,-0.482626,-0.522639,-0.37071,1.342081,0.048901,0.2277,0.144769,0.410771,1.912678,83.620056,-1.006377,-1.13237,0.030845,0.293408,1.366199,59.728611,-0.13662,0.029341,0.0
6.14,0.316566,-1.548088,-0.154626,-1.90196,-0.483656,-0.507178,-0.368014,1.3539,0.042919,0.225722,0.143952,0.360519,1.896069,83.613198,-1.003804,-1.139881,0.030177,0.257513,1.354335,59.723713,-0.135433,0.025751,0.0
6.16,0.31346,-1.558168,-0.158425,-1.896951,-0.484655,-0.491685,-0.365295,1.365633,0.036932,0.223737,0.143133,0.310231,1.879391,83.60632,-1.001219,-1.147398,0.029508,0.221593,1.342422,59.7188,-0.134242,0.022159,0.0
6.18,0.310333,-1.568149,-0.162214,-1.891821,-0.485623,-0.476161,-0.362552,1.377279,0.030942,0.221744,0.142312,0.259912,1.862646,83.599424,-0.998624,-1.154919,0.028837,0.185651,1.330462,59.713874,-0.133046,0.018565,0.0
6.2,0.307187,-1.578029,-0.165993,-1.886569,-0.486559,-0.460606,-0.359786,1.388836,0.024948,0.219742,0.141489,0.209567,1.845834,83.592508,-0.996019,-1.162444,0.028165,0.14969,1.318453,59.708934,-0.131845,0.014969,0.0
6.22,0.304021,-1.587809,-0.16976,-1.881197,-0.487465,-0.445021,-0.356997,1.400305,0.018952,0.217733,0.140663,0.1592,1.828956,83.585573,-0.993404,-1.169972,0.027493,0.113715,1.306397,59.703981,-0.13064,0.011371,0.0
6.24,0.300836,-1.597487,-0.173517,-1.875705,-0.48834,-0.429408,-0.354185,1.411684,0.012955,0.215716,0.139836,0.108819,1.812011,83.57862,-0.990778,-1.177502,0.026819,0.077728,1.294294,59.699014,-0.129429,0.007773,0.0
6.26,0.297631,-1.607062,-0.177263,-1.870092,-0.489183,-0.413768,-0.35135,1.422973,0.006955,0.213691,0.139006,0.058426,1.795002,83.571647,-0.988143,-1.185033,0.026144,0.041733,1.282144,59.694034,-0.128214,0.004173,0.0
6.28,0.294408,-1.616535,-0.180998,-1.86436,-0.489995,-0.398101,-0.348493,1.43417,0.000956,0.211658,0.138173,0.008027,1.777927,83.564656,-0.985497,-1.192565,0.025468,0.005734,1.269948,59.68904,-0.126995,0.000573,0.0
6.3,0.291165,-1.625904,-0.18472,-1.858508,-0.490775,-0.382409,-0.345613,1.445276,-0.005044,0.209618,0.137339,-0.042373,1.760789,83.557646,-0.982842,-1.200097,0.024791,-0.030266,1.257706,59.684033,-0.125771,-0.003027,0.0
6.32,0.287904,-1.635169,-0.188432,-1.852538,-0.491524,-0.366692,-0.342712,1.456289,-0.011044,0.20757,0.136502,-0.092768,1.743587,83.550618,-0.980177,-1.207628,0.024113,-0.066263,1.24542,59.679013,-0.124542,-0.006626,0.0
6.34,0.284625,-1.64433,-0.192131,-1.846449,-0.492242,-0.350951,-0.339788,1.467209,-0.017042,0.205515,0.135663,-0.143154,1.726323,83.543572,-0.977502,-1.215157,0.023435,-0.102253,1.233088,59.67398,-0.123309,-0.010225,0.0
6.36,0.281327,-1.653385,-0.195817,-1.840242,-0.492928,-0.335189,-0.336843,1.478035,-0.023039,0.203452,0.134822,-0.193525,1.708996,83.536507,-0.974818,-1.222684,0.022755,-0.138232,1.220712,59.668934,-0.122071,-0.013823,0.0
6.38,0.278011,-1.662334,-0.199491,-1.833917,-0.493583,-0.319404,-0.333876,1.488767,-0.029033,0.201382,0.133979,-0.243878,1.691608,83.529424,-0.972124,-1.230208,0.022075,-0.174198,1.208292,59.663874,-0.120829,-0.01742,0.0
6.4,0.274678,-1.671178,-0.203153,-1.827474,-0.494206,-0.3036,-0.330888,1.499403,-0.035024,0.199305,0.133134,-0.294206,1.674159,83.522323,-0.969421,-1.237727,0.021395,-0.210147,1.195828,59.658802,-0.119583,-0.021015,0.0
6.42,0.271327,-1.679914,-0.206801,-1.820915,-0.494797,-0.287776,-0.327879,1.509943,-0.041012,0.19722,0.132286,-0.344504,1.65665,83.515205,-0.966709,-1.245242,0.020714,-0.246074,1.183321,59.653718,-0.118332,-0.024607,0.0
6.44,0.267958,-1.688542,-0.210436,-1.814239,-0.495357,-0.271933,-0.324848,1.520387,-0.046996,0.195129,0.131437,-0.394768,1.639081,83.508068,-0.963987,-1.252752,0.020032,-0.281977,1.170772,59.64862,-0.117077,-0.028198,0.0
6.46,0.264573,-1.697063,-0.214058,-1.807447,-0.495885,-0.256073,-0.321797,1.530734,-0.052975,0.19303,0.130585,-0.444993,1.621453,83.500914,-0.961256,-1.260255,0.019349,-0.317852,1.158181,59.64351,-0.115818,-0.031785,0.0
6.48,0.26117,-1.705475,-0.217666,-1.80054,-0.496381,-0.240197,-0.318725,1.540982,-0.058949,0.190925,0.129731,-0.495173,1.603767,83.493742,-0.958517,-1.267751,0.018667,-0.353695,1.145548,59.638387,-0.114555,-0.035369,0.0
6.5,0.257751,-1.713778,-0.22126,-1.793517,-0.496846,-0.224305,-0.315633,1.551132,-0.064917,0.188812,0.128875,-0.545303,1.586023,83.486553,-0.955768,-1.27524,0.017983,-0.389502,1.132873,59.633252,-0.113287,-0.03895,0.0
6.52,0.254315,-1.721971,-0.22484,-1.786379,-0.497278,-0.208399,-0.312521,1.561182,-0.070879,0.186693,0.128017,-0.59538,1.568221,83.479346,-0.953011,-1.28272,0.0173,-0.425271,1.120158,59.628105,-0.112016,-0.042527,0.0
6.54,0.250863,-1.730053,-0.228406,-1.779127,-0.497679,-0.19248,-0.309389,1.571133,-0.076833,0.184567,0.127157,-0.645396,1.550364,83.472123,-0.950245,-1.29019,0.016616,-0.460997,1.107403,59.622945,-0.11074,-0.0461,0.0
6.56,0.247395,-1.738026,-0.231957,-1.771761,-0.498048,-0.176548,-0.306237,1.580983,-0.08278,0.182435,0.126295,-0.695348,1.53245,83.464882,-0.94747,-1.297651,0.015932,-0.496677,1.094607,59.617773,-0.109461,-0.049668,0.0
6.58,0.243911,-1.745887,-0.235493,-1.764282,-0.498385,-0.160605,-0.303065,1.590732,-0.088718,0.180295,0.125431,-0.74523,1.514482,83.457624,-0.944687,-1.305101,0.015248,-0.532307,1.081773,59.612589,-0.108177,-0.053231,0.0
6.6,0.240411,-1.753636,-0.239014,-1.75669,-0.498691,-0.144652,-0.299874,1.600379,-0.094647,0.17815,0.124565,-0.795038,1.496459,83.450349,-0.941895,-1.312539,0.014563,-0.567884,1.068899,59.607392,-0.10689,-0.056788,0.0
6.62,0.236896,-1.761273,-0.242519,-1.748985,-0.498964,-0.128689,-0.296663,1.609924,-0.100567,0.175998,0.123697,-0.844767,1.478382,83.443058,-0.939095,-1.319966,0.013879,-0.603405,1.055987,59.602184,-0.105599,-0.06034,0.0
6.64,0.233366,-1.768797,-0.246009,-1.741169,-0.499205,-0.112718,-0.293434,1.619365,-0.106477,0.173839,0.122827,-0.894411,1.460252,83.43575,-0.936287,-1.327379,0.013194,-0.638865,1.043037,59.596964,-0.104304,-0.063886,0.0
6.66,0.229821,-1.776208,-0.249484,-1.733241,-0.499415,-0.09674,-0.290186,1.628703,-0.112377,0.171675,0.121955,-0.943965,1.442069,83.428426,-0.933471,-1.334778,0.01251,-0.674261,1.030049,59.591733,-0.103005,-0.067426,0.0
6.68,0.226262,-1.783505,-0.252942,-1.725202,-0.499592,-0.080756,-0.286919,1.637937,-0.118265,0.169504,0.121082,-0.993425,1.423834,83.421085,-0.930647,-1.342163,0.011825,-0.709589,1.017024,59.586489,-0.101702,-0.070959,0.0
6.7,0.222687,-1.790689,-0.256385,-1.717053,-0.499738,-0.064767,-0.283634,1.647066,-0.124141,0.167327,0.120206,-1.042786,1.405548,83.413727,-0.927815,-1.349532,0.011141,-0.744847,1.003963,59.581234,-0.100396,-0.074485,0.0
6.72,0.219099,-1.797757,-0.259811,-1.708794,-0.499851,-0.048773,-0.280331,1.656089,-0.130005,0.165144,0.119328,-1.092042,1.387212,83.406354,-0.924975,-1.356886,0.010457,-0.78003,0.990866,59.575967,-0.099087,-0.078003,0.0
6.74,0.215496,-1.804711,-0.26322,-1.700425,-0.499933,-0.032776,-0.27701,1.665007,-0.135856,0.162955,0.118448,-1.14119,1.368825,83.398965,-0.922128,-1.364223,0.009773,-0.815135,0.977732,59.570689,-0.097773,-0.081514,0.0
6.76,0.21188,-1.811549,-0.266612,-1.691948,-0.499982,-0.016778,-0.273671,1.673818,-0.141693,0.160761,0.117567,-1.190223,1.35039,83.39156,-0.919272,-1.371542,0.009089,-0.850159,0.964564,59.5654,-0.096456,-0.085016,0.0
6.78,0.20825,-1.818271,-0.269987,-1.683362,-0.5,-0.000778,-0.270315,1.682522,-0.147516,0.15856,0.116683,-1.239137,1.331905,83.384138,-0.91641,-1.378843,0.008406,-0.885098,0.951361,59.560099,-0.095136,-0.08851,0.0
6.8,0.204607,-1.824877,-0.273346,-1.674669,-0.499986,0.015222,-0.266941,1.691118,-0.153325,0.156354,0.115798,-1.287927,1.313373,83.376702,-0.91354,-1.386125,0.007723,-0.919948,0.938123,59.554787,-0.093812,-0.091995,0.0
6.82,0.200951,-1.831366,-0.276686,-1.665868,-0.499939,0.031221,-0.26355,1.699606,-0.159118,0.154142,0.114911,-1.336589,1.294793,83.369249,-0.910662,-1.393387,0.007041,-0.954706,0.924852,59.549464,-0.092485,-0.095471,0.0
6.84,0.197282,-1.837737,-0.280009,-1.656961,-0.499861,0.047218,-0.260143,1.707985,-0.164895,0.151925,0.114022,-1.385116,1.276167,83.361782,-0.907778,-1.400629,0.006359,-0.989369,0.911548,59.54413,-0.091155,-0.098937,0.0
6.86,0.1936,-1.843992,-0.283314,-1.647948,-0.49975,0.063212,-0.256719,1.716255,-0.170655,0.149702,0.113131,-1.433506,1.257495,83.354298,-0.904886,-1.407849,0.005677,-1.023933,0.898211,59.538785,-0.089821,-0.102393,0.0
6.88,0.189906,-1.850128,-0.286601,-1.638829,-0.499608,0.079201,-0.253278,1.724415,-0.176399,0.147474,0.112238,-1.481751,1.238777,83.3468,-0.901987,-1.415048,0.004996,-1.058394,0.884841,59.533429,-0.088484,-0.105839,0.0
6.9,0.1862,-1.856145,-0.289869,-1.629606,-0.499433,0.095186,-0.249821,1.732464,-0.182125,0.14524,0.111344,-1.529849,1.220015,83.339287,-0.899082,-1.422224,0.004316,-1.092749,0.87144,59.528062,-0.087144,-0.109275,0.0
6.92,0.182481,-1.862044,-0.293119,-1.620278,-0.499227,0.111165,-0.246348,1.740403,-0.187833,0.143001,0.110447,-1.577794,1.20121,83.331758,-0.89617,-1.429377,0.003636,-1.126996,0.858007,59.522685,-0.085801,-0.1127,0.0
6.94,0.178751,-1.867824,-0.29635,-1.610846,-0.498989,0.127136,-0.242859,1.74823,-0.193522,0.140757,0.109549,-1.625581,1.18236,83.324215,-0.893251,-1.436505,0.002957,-1.161129,0.844543,59.517297,-0.084454,-0.116113,0.0
6.96,0.17501,-1.873484,-0.299562,-1.601312,-0.498719,0.1431,-0.239355,1.755946,-0.199191,0.138508,0.10865,-1.673205,1.163469,83.316657,-0.890325,-1.443609,0.002279,-1.195147,0.831049,59.511898,-0.083105,-0.119515,0.0
6.98,0.171258,-1.879025,-0.302755,-1.591674,-0.498416,0.159054,-0.235836,1.763549,-0.204841,0.136254,0.107748,-1.720662,1.144535,83.309085,-0.887393,-1.450687,0.001602,-1.229045,0.817525,59.506489,-0.081753,-0.122904,0.0
7.0,0.167494,-1.884445,-0.305929,-1.581935,-0.498082,0.174998,-0.232301,1.771039,-0.21047,0.133995,0.106845,-1.767947,1.12556,83.301498,-0.884455,-1.457739,0.000926,-1.26282,0.803972,59.50107,-0.080397,-0.126282,0.0
7.02,0.16372,-1.889744,-0.309083,-1.572095,-0.497716,0.190931,-0.228752,1.778416,-0.216078,0.131732,0.10594,-1.815056,1.106545,83.293896,-0.88151,-1.464764,0.00025,-1.296468,0.790389,59.49564,-0.079039,-0.129647,0.0
7.04,0.159935,-1.894923,-0.312217,-1.562154,-0.497319,0.206851,-0.225188,1.785679,-0.221665,0.129463,0.105033,-1.861982,1.08749,83.286281,-0.878559,-1.471761,-0.000424,-1.329987,0.776778,59.490201,-0.077678,-0.132999,0.0
7.06,0.15614,-1.89998,-0.315332,-1.552113,-0.496889,0.222759,-0.221609,1.792828,-0.227229,0.12719,0.104125,-1.908723,1.068395,83.278651,-0.875603,-1.47873,-0.001098,-1.363374,0.76314,59.484751,-0.076314,-0.136337,0.0
7.08,0.152335,-1.904916,-0.318426,-1.541973,-0.496428,0.238652,-0.218016,1.799862,-0.232771,0.124912,0.103215,-1.955273,1.049263,83.271007,-0.87264,-1.48567,-0.00177,-1.396623,0.749473,59.479291,-0.074947,-0.139662,0.0
7.1,0.148521,-1.909729,-0.321499,-1.531734,-0.495934,0.25453,-0.21441,1.806781,-0.238289,0.12263,0.102304,-2.001627,1.030092,83.26335,-0.869671,-1.49258,-0.002441,-1.429733,0.73578,59.473821,-0.073578,-0.142973,0.0
7.12,0.144697,-1.914421,-0.324553,-1.521398,-0.495409,0.270391,-0.210789,1.813584,-0.243783,0.120343,0.10139,-2.047781,1.010884,83.255678,-0.866697,-1.499459,-0.003111,-1.462701,0.72206,59.468342,-0.072206,-0.14627,0.0
7.14,0.140863,-1.91899,-0.327585,-1.510963,-0.494853,0.286236,-0.207155,1.820271,-0.249254,0.118052,0.100475,-2.09373,0.99164,83.247993,-0.863717,-1.506308,-0.00378,-1.495521,0.708314,59.462852,-0.070831,-0.149552,0.0
7.16,0.137021,-1.923436,-0.330596,-1.500432,-0.494265,0.302062,-0.203508,1.826842,-0.254699,0.115757,0.099559,-2.13947,0.972361,83.240295,-0.860731,-1.513124,-0.004447,-1.528193,0.694543,59.457354,-0.069454,-0.152819,0.0
7.18,0.133169,-1.927759,-0.333587,-1.489805,-0.493645,0.317868,-0.199848,1.833295,-0.260119,0.113458,0.098641,-2.184996,0.953046,83.232583,-0.857741,-1.519908,-0.005114,-1.560711,0.680747,59.451845,-0.068075,-0.156071,0.0
7.2,0.12931,-1.931959,-0.336555,-1.479083,-0.492993,0.333655,-0.196175,1.839632,-0.265512,0.111154,0.097721,-2.230303,0.933697,83.224858,-0.854744,-1.526658,-0.005778,-1.593074,0.666926,59.446327,-0.066693,-0.159307,0.0
7.22,0.125442,-1.936035,-0.339503,-1.468266,-0.49231,0.34942,-0.19249,1.84585,-0.270879,0.108847,0.0968,-2.275387,0.914314,83.21712,-0.851743,-1.533375,-0.006442,-1.625277,0.653081,59.4408,-0.065308,-0.162528,0.0
7.24,0.121566,-1.939987,-0.342428,-1.457355,-0.491595,0.365162,-0.188792,1.851951,-0.27622,0.106536,0.095877,-2.320244,0.894898,83.209369,-0.848736,-1.540057,-0.007104,-1.657317,0.639213,59.435263,-0.063921,-0.165732,0.0
7.26,0.117682,-1.943815,-0.345332,-1.446351,-0.490849,0.380881,-0.185082,1.857933,-0.281532,0.10422,0.094953,-2.364869,0.875451,83.201604,-0.845725,-1.546703,-0.007764,-1.689192,0.625322,59.429717,-0.062532,-0.168919,0.0
7.28,0.11379,-1.947518,-0.348214,-1.435254,-0.490072,0.396576,-0.18136,1.863796,-0.286816,0.101901,0.094027,-2.409257,0.855971,83.193828,-0.842708,-1.553314,-0.008423,-1.720898,0.611408,59.424163,-0.061141,-0.17209,0.0
7.3,0.109892,-1.951097,-0.351073,-1.424065,-0.489263,0.412246,-0.177627,1.86954,-0.292072,0.099579,0.0931,-2.453405,0.836461,83.186038,-0.839687,-1.559888,-0.00908,-1.752432,0.597472,59.418599,-0.059747,-0.175243,0.0
7.32,0.105986,-1.954551,-0.35391,-1.412786,-0.488423,0.427889,-0.173882,1.875164,-0.297298,0.097252,0.092171,-2.497307,0.816921,83.178236,-0.836661,-1.566424,-0.009735,-1.783791,0.583515,59.413026,-0.058351,-0.178379,0.0
7.34,0.102074,-1.95788,-0.356724,-1.401415,-0.487552,0.443504,-0.170126,1.880668,-0.302495,0.094923,0.091241,-2.540959,0.797351,83.170422,-0.833631,-1.572923,-0.010389,-1.814971,0.569537,59.407444,-0.056954,-0.181497,0.0
7.36,0.098155,-1.961084,-0.359516,-1.389956,-0.486649,0.459092,-0.166359,1.886052,-0.307662,0.09259,0.090309,-2.584357,0.777753,83.162595,-0.830596,-1.579383,-0.011041,-1.84597,0.555538,59.401853,-0.055554,-0.184597,0.0
7.38,0.094229,-1.964162,-0.362284,-1.378407,-0.485715,0.47465,-0.162582,1.891315,-0.312797,0.090253,0.089376,-2.627497,0.758127,83.154756,-0.827557,-1.585803,-0.011691,-1.876784,0.541519,59.396254,-0.054152,-0.187678,0.0
7.4,0.090298,-1.967115,-0.365029,-1.36677,-0.48475,0.490177,-0.158794,1.896457,-0.317902,0.087913,0.088441,-2.670374,0.738473,83.146905,-0.824514,-1.592184,-0.012339,-1.90741,0.527481,59.390647,-0.052748,-0.190741,0.0
7.42,0.086361,-1.969941,-0.367751,-1.355045,-0.483754,0.505673,-0.154996,1.901478,-0.322974,0.085571,0.087505,-2.712984,0.718793,83.139042,-0.821466,-1.598524,-0.012986,-1.937846,0.513423,59.38503,-0.051342,-0.193785,0.0
7.44,0.082418,-1.972642,-0.370449,-1.343234,-0.482728,0.521137,-0.151188,1.906377,-0.328015,0.083225,0.086568,-2.755323,0.699087,83.131168,-0.818415,-1.604823,-0.01363,-1.968088,0.499348,59.379406,-0.049935,-0.196809,0.0
7.46,0.078471,-1.975216,-0.373124,-1.331337,-0.48167,0.536567,-0.147371,1.911154,-0.333022,0.080876,0.085629,-2.797386,0.679355,83.123282,-0.815359,-1.61108,-0.014273,-1.998133,0.485254,59.373773,-0.048525,-0.199813,0.0
7.48,0.074518,-1.977664,-0.375775,-1.319354,-0.480581,0.551964,-0.143544,1.915809,-0.337996,0.078524,0.084689,-2.83917,0.6596,83.115384,-0.8123,-1.617294,-0.014913,-2.027978,0.471143,59.368132,-0.047114,-0.202798,0.0
7.5,0.07056,-1.979985,-0.378401,-1.307287,-0.479462,0.567324,-0.139708,1.920341,-0.342937,0.076169,0.083747,-2.880669,0.63982,83.107475,-0.809237,-1.623465,-0.015551,-2.057621,0.457014,59.362482,-0.045701,-0.205762,0.0
7.52,0.066598,-1.98218,-0.381004,-1.295137,-0.478312,0.582649,-0.135863,1.92475,-0.347843,0.073812,0.082804,-2.921881,0.620018,83.099555,-0.80617,-1.629593,-0.016187,-2.087058,0.44287,59.356825,-0.044287,-0.208706,0.0
7.54,0.062631,-1.984247,-0.383582,-1.282903,-0.477132,0.597936,-0.132009,1.929036,-0.352714,0.071452,0.08186,-2.9628,0.600193,83.091623,-0.8031,-1.635676,-0.016821,-2.116286,0.428709,59.35116,-0.042871,-0.211629,0.0
7.56,0.058661,-1.986188,-0.386135,-1.270588,-0.47592,0.613185,-0.128147,1.933198,-0.35755,0.069089,0.080914,-3.003423,0.580346,83.083681,-0.800027,-1.641714,-0.017453,-2.145302,0.414533,59.345486,-0.041453,-0.21453,0.0
7.58,0.054687,-1.988001,-0.388664,-1.258191,-0.474679,0.628395,-0.124276,1.937237,-0.362351,0.066724,0.079968,-3.043745,0.560479,83.075728,-0.79695,-1.647706,-0.018082,-2.174104,0.400342,59.339806,-0.040034,-0.21741,0.0
7.6,0.050709,-1.989688,-0.391168,-1.245713,-0.473407,0.643564,-0.120398,1.941152,-0.367115,0.064356,0.079019,-3.083764,0.540591,83.067764,-0.79387,-1.653652,-0.01871,-2.202688,0.386137,59.334117,-0.038614,-0.220269,0.0
7.62,0.046728,-1.991247,-0.393647,-1.233156,-0.472105,0.658692,-0.116512,1.944942,-0.371842,0.061986,0.07807,-3.123474,0.520684,83.059789,-0.790788,-1.659552,-0.019334,-2.231053,0.371917,59.328421,-0.037192,-0.223105,0.0
7.64,0.042744,-1.992678,-0.396101,-1.22052,-0.470772,0.673778,-0.112618,1.948608,-0.376532,0.059614,0.07712,-3.162871,0.500759,83.051804,-0.787702,-1.665403,-0.019957,-2.259194,0.357685,59.322717,-0.035768,-0.225919,0.0
7.66,0.038757,-1.993982,-0.398529,-1.207806,-0.46941,0.688821,-0.108717,1.95215,-0.381185,0.05724,0.076168,-3.201953,0.480815,83.043808,-0.784613,-1.671207,-0.020577,-2.287109,0.343439,59.317006,-0.034344,-0.228711,0.0
7.68,0.034768,-1.995159,-0.400932,-1.195015,-0.468017,0.70382,-0.10481,1.955566,-0.385799,0.054864,0.075215,-3.240714,0.460854,83.035803,-0.781522,-1.676962,-0.021194,-2.314795,0.329181,59.311288,-0.032918,-0.23148,0.0
7.7,0.030777,-1.996208,-0.403309,-1.182147,-0.466594,0.718774,-0.100895,1.958858,-0.390375,0.052485,0.07426,-3.279151,0.440876,83.027787,-0.778428,-1.682668,-0.021809,-2.34225,0.314912,59.305562,-0.031491,-0.234225,0.0
7.72,0.026784,-1.997129,-0.40566,-1.169203,-0.465142,0.733682,-0.096974,1.962023,-0.394912,0.050105,0.073305,-3.31726,0.420883,83.019761,-0.775332,-1.688324,-0.022421,-2.369471,0.300631,59.299829,-0.030063,-0.236947,0.0
7.74,0.022788,-1.997922,-0.407986,-1.156185,-0.46366,0.748543,-0.093047,1.965064,-0.399409,0.047723,0.072348,-3.355037,0.400874,83.011725,-0.772233,-1.69393,-0.023031,-2.396455,0.286339,59.29409,-0.028634,-0.239646,0.0
7.76,0.018792,-1.998587,-0.410285,-1.143092,-0.462148,0.763356,-0.089114,1.967978,-0.403867,0.045339,0.07139,-3.392479,0.380851,83.00368,-0.769132,-1.699485,-0.023638,-2.423199,0.272036,59.288343,-0.027204,-0.24232,0.0
7.78,0.014794,-1.999124,-0.412558,-1.129927,-0.460606,0.77812,-0.085175,1.970767,-0.408284,0.042954,0.070432,-3.429582,0.360814,82.995625,-0.766029,-1.704988,-0.024242,-2.449701,0.257724,59.282589,-0.025772,-0.24497,0.0
7.8,0.010795,-1.999534,-0.414805,-1.116689,-0.459035,0.792834,-0.081231,1.97343,-0.41266,0.040567,0.069471,-3.466341,0.340764,82.98756,-0.762923,-1.71044,-0.024843,-2.475958,0.243403,59.276829,-0.02434,-0.247596,0.0
7.82,0.006796,-1.999815,-0.417025,-1.10338,-0.457435,0.807498,-0.077282,1.975966,-0.416995,0.038179,0.06851,-3.502755,0.320702,82.979487,-0.759816,-1.715838,-0.025442,-2.501968,0.229073,59.271062,-0.022907,-0.250197,0.0
7.84,0.002796,-1.999969,-0.419218,-1.09,-0.455805,0.82211,-0.073327,1.978376,-0.421288,0.035789,0.067548,-3.538817,0.300629,82.971404,-0.756707,-1.721184,-0.026038,-2.527727,0.214735,59.265288,-0.021473,-0.252773,0.0
7.86,-0.001204,-1.999994,-0.421385,-1.07655,-0.454146,0.836669,-0.069368,1.980659,-0.425539,0.033398,0.066585,-3.574526,0.280544,82.963312,-0.753597,-1.726476,-0.026631,-2.553233,0.200389,59.259508,-0.020039,-0.255323,0.0
7.88,-0.005204,-1.999892,-0.423524,-1.063031,-0.452459,0.851175,-0.065405,1.982815,-0.429747,0.031006,0.06562,-3.609878,0.26045,82.95521,-0.750484,-1.731713,-0.027221,-2.578484,0.186036,59.253722,-0.018604,-0.257848,0.0
7.9,-0.009203,-1.999661,-0.425637,-1.049445,-0.450742,0.865626,-0.061437,1.984845,-0.433913,0.028613,0.064655,-3.644868,0.240346,82.947101,-0.74737,-1.736896,-0.027808,-2.603477,0.171676,59.247929,-0.017168,-0.260348,0.0
7.92,-0.013202,-1.999303,-0.427722,-1.035791,-0.448996,0.880022,-0.057465,1.986747,-0.438035,0.026218,0.063688,-3.679494,0.220233,82.938982,-0.744255,-1.742023,-0.028392,-2.62821,0.15731,59.24213,-0.015731,-0.262821,0.0
7.94,-0.0172,-1.998816,-0.42978,-1.022071,-0.447222,0.894362,-0.05349,1.988522,-0.442113,0.023823,0.062721,-3.713752,0.200113,82.930855,-0.741139,-1.747095,-0.028973,-2.65268,0.142938,59.236325,-0.014294,-0.265268,0.0
7.96,-0.021197,-1.998202,-0.43181,-1.008285,-0.445419,0.908644,-0.049511,1.99017,-0.446147,0.021427,0.061752,-3.747639,0.179985,82.922719,-0.738021,-1.75211,-0.029551,-2.676885,0.128561,59.230514,-0.012856,-0.267688,0.0
7.98,-0.025193,-1.99746,-0.433813,-0.994435,-0.443587,0.922868,-0.045529,1.991691,-0.450137,0.01903,0.060783,-3.781151,0.159851,82.914576,-0.734902,-1.757068,-0.030126,-2.700822,0.114179,59.224697,-0.011418,-0.270082,0.0
8.0,-0.029187,-1.99659,-0.435788,-0.980522,-0.441727,0.937033,-0.041545,1.993084,-0.454081,0.016632,0.059812,-3.814285,0.139711,82.906424,-0.731783,-1.761969,-0.030698,-2.724489,0.099794,59.218874,-0.009979,-0.272449,0.0
8.02,-0.033179,-1.995592,-0.437735,-0.966545,-0.439839,0.951138,-0.037557,1.99435,-0.457981,0.014234,0.058841,-3.847037,0.119566,82.898264,-0.728662,-1.766812,-0.031267,-2.747884,0.085404,59.213045,-0.00854,-0.274788,0.0
8.04,-0.037169,-1.994466,-0.439654,-0.952507,-0.437923,0.965183,-0.033567,1.995488,-0.461834,0.011835,0.057869,-3.879405,0.099417,82.890096,-0.725541,-1.771597,-0.031832,-2.771003,0.071012,59.207211,-0.007101,-0.2771,0.0
8.06,-0.041157,-1.993213,-0.441545,-0.938408,-0.435978,0.979165,-0.029575,1.996498,-0.465641,0.009436,0.056895,-3.911384,0.079264,82.88192,-0.722419,-1.776323,-0.032394,-2.793846,0.056617,59.201371,-0.005662,-0.279385,0.0
8.08,-0.045142,-1.991832,-0.443408,-0.924248,-0.434006,0.993085,-0.025581,1.997381,-0.469402,0.007037,0.055921,-3.942973,0.059108,82.873736,-0.719297,-1.780989,-0.032953,-2.816409,0.04222,59.195526,-0.004222,-0.281641,0.0
8.1,-0.049124,-1.990324,-0.445242,-0.91003,-0.432006,1.006941,-0.021586,1.998135,-0.473115,0.004637,0.054946,-3.974167,0.03895,82.865546,-0.716174,-1.785596,-0.033508,-2.838691,0.027822,59.189675,-0.002782,-0.283869,0.0
8.12,-0.053103,-1.988688,-0.447048,-0.895753,-0.429978,1.020733,-0.017589,1.998762,-0.476781,0.002237,0.05397,-4.004964,0.018791,82.857347,-0.713051,-1.790142,-0.03406,-2.860689,0.013422,59.18382,-0.001342,-0.286069,0.0
8.14,-0.057079,-1.986925,-0.448825,-0.881419,-0.427923,1.03446,-0.013591,1.999261,-0.4804,-0.000163,0.052993,-4.035361,-0.001369,82.849142,-0.709928,-1.794628,-0.034608,-2.8824,-0.000978,59.177958,9.8e-05,-0.28824,0.0
8.16,-0.061051,-1.985035,-0.450573,-0.867029,-0.425841,1.04812,-0.009592,1.999632,-0.483971,-0.002563,0.052015,-4.065353,-0.021529,82.840929,-0.706805,-1.799053,-0.035153,-2.903824,-0.015378,59.172092,0.001538,-0.290382,0.0
8.18,-0.065019,-1.983018,-0.452293,-0.852583,-0.423731,1.061713,-0.005593,1.999875,-0.487493,-0.004963,0.051037,-4.09494,-0.041688,82.832709,-0.703682,-1.803415,-0.035695,-2.924957,-0.029777,59.166221,0.002978,-0.292496,0.0
8.2,-0.068983,-1.980874,-0.453984,-0.838082,-0.421594,1.075238,-0.001593,1.99999,-0.490966,-0.007363,0.050057,-4.124117,-0.061845,82.824483,-0.700559,-1.807716,-0.036233,-2.945798,-0.044175,59.160345,0.004418,-0.29458,0.0
8.22,-0.072942,-1.978603,-0.455645,-0.823528,-0.41943,1.088695,0.002407,1.999977,-0.494391,-0.009762,0.049077,-4.152881,-0.082001,82.81625,-0.697436,-1.811954,-0.036768,-2.966344,-0.058572,59.154464,0.005857,-0.296634,0.0
8.24,-0.076897,-1.976206,-0.457278,-0.808921,-0.417239,1.102082,0.006407,1.999836,-0.497766,-0.012161,0.048096,-4.18123,-0.102153,82.80801,-0.694314,-1.816129,-0.037298,-2.986593,-0.072966,59.148579,0.007297,-0.298659,0.0
8.26,-0.080847,-1.973682,-0.458881,-0.794263,-0.415022,1.115398,0.010407,1.999567,-0.501091,-0.01456,0.047115,-4.209161,-0.122302,82.799764,-0.691192,-1.820241,-0.037826,-3.006544,-0.087358,59.142688,0.008736,-0.300654,0.0
8.28,-0.084792,-1.971032,-0.460455,-0.779553,-0.412778,1.128643,0.014405,1.99917,-0.504366,-0.016958,0.046132,-4.236671,-0.142446,82.791511,-0.688071,-1.824289,-0.038349,-3.026194,-0.101747,59.136794,0.010175,-0.302619,0.0
8.3,-0.088731,-1.968255,-0.461999,-0.764794,-0.410507,1.141815,0.018403,1.998645,-0.50759,-0.019355,0.045149,-4.263758,-0.162585,82.783252,-0.684951,-1.828273,-0.038869,-3.045541,-0.116132,59.130894,0.011613,-0.304554,0.0
8.32,-0.092665,-1.965353,-0.463514,-0.749986,-0.40821,1.154915,0.0224,1.997992,-0.510764,-0.021752,0.044165,-4.290418,-0.182719,82.774987,-0.681831,-1.832192,-0.039385,-3.064584,-0.130513,59.124991,0.013051,-0.306458,0.0
8.34,-0.096593,-1.962325,-0.464999,-0.735129,-0.405888,1.167941,0.026395,1.997211,-0.513887,-0.024148,0.043181,-4.316649,-0.202845,82.766716,-0.678712,-1.836046,-0.039898,-3.083321,-0.144889,59.119083,0.014489,-0.308332,0.0
8.36,-0.100514,-1.959171,-0.466454,-0.720226,-0.403539,1.180891,0.030389,1.996303,-0.516958,-0.026543,0.042195,-4.342448,-0.222965,82.75844,-0.675595,-1.839834,-0.040406,-3.101749,-0.159261,59.113171,0.015926,-0.310175,0.0
8.38,-0.104429,-1.955892,-0.46788,-0.705277,-0.401164,1.193767,0.03438,1.995266,-0.519978,-0.028938,0.041209,-4.367814,-0.243076,82.750158,-0.672478,-1.843557,-0.040911,-3.119867,-0.173626,59.107255,0.017363,-0.311987,0.0
8.4,-0.108338,-1.952488,-0.469275,-0.690282,-0.398764,1.206566,0.03837,1.994102,-0.522945,-0.031331,0.040223,-4.392742,-0.263179,82.74187,-0.669363,-1.847213,-0.041412,-3.137673,-0.187985,59.101335,0.018798,-0.313767,0.0
8.42,-0.112239,-1.948958,-0.470641,-0.675243,-0.396338,1.219287,0.042357,1.992811,-0.525861,-0.033723,0.039235,-4.417231,-0.283272,82.733576,-0.666249,-1.850803,-0.041909,-3.155165,-0.202337,59.095412,0.020234,-0.315516,0.0
8.44,-0.116133,-1.945304,-0.471976,-0.660161,-0.393887,1.231931,0.046341,1.991392,-0.528724,-0.036114,0.038247,-4.441278,-0.303355,82.725278,-0.663137,-1.854326,-0.042402,-3.172342,-0.216682,59.089484,0.021668,-0.317234,0.0
8.46,-0.12002,-1.941526,-0.473282,-0.645037,-0.39141,1.244496,0.050322,1.989845,-0.531534,-0.038503,0.037259,-4.464882,-0.323427,82.716974,-0.660027,-1.857782,-0.042891,-3.189201,-0.231019,59.083553,0.023102,-0.31892,0.0
8.48,-0.123899,-1.937623,-0.474556,-0.629872,-0.388909,1.256981,0.0543,1.988171,-0.53429,-0.040891,0.03627,-4.488038,-0.343488,82.708666,-0.656918,-1.86117,-0.043376,-3.205742,-0.245348,59.077618,0.024535,-0.320574,0.0
8.5,-0.127771,-1.933596,-0.475801,-0.614666,-0.386382,1.269386,0.058275,1.98637,-0.536994,-0.043278,0.03528,-4.510746,-0.363536,82.700352,-0.65381,-1.864489,-0.043857,-3.221962,-0.259668,59.07168,0.025967,-0.322196,0.0
8.52,-0.131634,-1.929446,-0.477015,-0.599421,-0.383831,1.281709,0.062245,1.984442,-0.539643,-0.045663,0.03429,-4.533003,-0.383571,82.692034,-0.650705,-1.867741,-0.044334,-3.237859,-0.273979,59.065738,0.027398,-0.323786,0.0
8.54,-0.135488,-1.925172,-0.478199,-0.584137,-0.381255,1.293951,0.066212,1.982386,-0.542239,-0.048047,0.033299,-4.554807,-0.403592,82.683711,-0.647602,-1.870924,-0.044807,-3.253433,-0.28828,59.059793,0.028828,-0.325343,0.0
8.56,-0.139334,-1.920775,-0.479352,-0.568816,-0.378655,1.306109,0.070175,1.980204,-0.54478,-0.050428,0.032308,-4.576155,-0.423598,82.675383,-0.644501,-1.874038,-0.045276,-3.268682,-0.30257,59.053845,0.030257,-0.326868,0.0
8.58,-0.143171,-1.916255,-0.480474,-0.553459,-0.376031,1.318184,0.074133,1.977895,-0.547267,-0.052808,0.031316,-4.597046,-0.44359,82.667052,-0.641403,-1.877082,-0.04574,-3.283604,-0.31685,59.047894,0.031685,-0.32836,0.0
8.6,-0.146999,-1.911612,-0.481565,-0.538066,-0.373383,1.330175,0.078086,1.97546,-0.5497,-0.055186,0.030323,-4.617476,-0.463565,82.658716,-0.638306,-1.880057,-0.046201,-3.298197,-0.331118,59.04194,0.033112,-0.32982,0.0
8.62,-0.150818,-1.906847,-0.482626,-0.522639,-0.37071,1.342081,0.082035,1.972898,-0.552077,-0.057562,0.02933,-4.637445,-0.483524,82.650376,-0.635212,-1.882961,-0.046657,-3.312461,-0.345374,59.035983,0.034537,-0.331246,0.0
8.64,-0.154626,-1.90196,-0.483656,-0.507178,-0.368014,1.3539,0.085978,1.970209,-0.554399,-0.059936,0.028337,-4.656951,-0.503465,82.642032,-0.632121,-1.885796,-0.047109,-3.326393,-0.359618,59.030023,0.035962,-0.332639,0.0
8.66,-0.158425,-1.896951,-0.484655,-0.491685,-0.365295,1.365633,0.089916,1.967395,-0.556666,-0.062308,0.027343,-4.67599,-0.523389,82.633684,-0.629033,-1.88856,-0.047557,-3.339993,-0.373849,59.02406,0.037385,-0.333999,0.0
8.68,-0.162214,-1.891821,-0.485623,-0.476161,-0.362552,1.377279,0.093847,1.964455,-0.558876,-0.064678,0.026349,-4.694562,-0.543293,82.625333,-0.625947,-1.891253,-0.048,-3.353259,-0.388066,59.018095,0.038807,-0.335326,0.0
8.7,-0.165993,-1.886569,-0.486559,-0.460606,-0.359786,1.388836,0.097773,1.961389,-0.561032,-0.067045,0.025354,-4.712665,-0.563178,82.616978,-0.622864,-1.893875,-0.04844,-3.366189,-0.40227,59.012127,0.040227,-0.336619,0.0
8.72,-0.16976,-1.881197,-0.487465,-0.445021,-0.356997,1.400305,0.101693,1.958197,-0.563131,-0.06941,0.024359,-4.730296,-0.583042,82.608619,-0.619785,-1.896425,-0.048875,-3.378783,-0.416459,59.006157,0.041646,-0.337878,0.0
8.74,-0.173517,-1.875705,-0.48834,-0.429408,-0.354185,1.411684,0.105606,1.954881,-0.565173,-0.071772,0.023364,-4.747455,-0.602886,82.600258,-0.616708,-1.898904,-0.049305,-3.391039,-0.430633,59.000184,0.043063,-0.339104,0.0
8.76,-0.177263,-1.870092,-0.489183,-0.413768,-0.35135,1.422973,0.109512,1.951439,-0.567159,-0.074132,0.022368,-4.764138,-0.622708,82.591893,-0.613635,-1.901311,-0.049731,-3.402956,-0.444791,58.994209,0.044479,-0.340296,0.0
8.78,-0.180998,-1.86436,-0.489995,-0.398101,-0.348493,1.43417,0.113412,1.947872,-0.569089,-0.076489,0.021372,-4.780345,-0.642507,82.583525,-0.610565,-1.903646,-0.050153,-3.414532,-0.458934,58.988232,0.045893,-0.341453,0.0
8.8,-0.18472,-1.858508,-0.490775,-0.382409,-0.345613,1.445276,0.117304,1.94418,-0.570961,-0.078843,0.020376,-4.796074,-0.662283,82.575155,-0.607498,-1.905908,-0.05057,-3.425767,-0.47306,58.982253,0.047306,-0.342577,0.0
8.82,-0.188432,-1.852538,-0.491524,-0.366692,-0.342712,1.456289,0.121188,1.940365,-0.572777,-0.081195,0.019379,-4.811324,-0.682036,82.566781,-0.604436,-1.908097,-0.050983,-3.43666,-0.487169,58.976272,0.048717,-0.343666,0.0
8.84,-0.192131,-1.846449,-0.492242,-0.350951,-0.339788,1.467209,0.125065,1.936424,-0.574535,-0.083543,0.018382,-4.826092,-0.701764,82.558405,-0.601376,-1.910214,-0.051392,-3.447209,-0.50126,58.970289,0.050126,-0.344721,0.0
8.86,-0.195817,-1.840242,-0.492928,-0.335189,-0.336843,1.478035,0.128934,1.93236,-0.576235,-0.085889,0.017384,-4.840378,-0.721466,82.550027,-0.598321,-1.912258,-0.051796,-3.457413,-0.515333,58.964305,0.051533,-0.345741,0.0
8.88,-0.199491,-1.833917,-0.493583,-0.319404,-0.333876,1.488767,0.132794,1.928173,-0.577879,-0.088231,0.016386,-4.85418,-0.741143,82.541646,-0.59527,-1.914228,-0.052195,-3.467271,-0.529388,58.958318,0.052939,-0.346727,0.0
8.9,-0.203153,-1.827474,-0.494206,-0.3036,-0.330888,1.499403,0.136646,1.923862,-0.579464,-0.090571,0.015388,-4.867496,-0.760793,82.533263,-0.592222,-1.916125,-0.05259,-3.476783,-0.543424,58.952331,0.054342,-0.347678,0.0
8.92,-0.206801,-1.820915,-0.494797,-0.287776,-0.327879,1.509943,0.14049,1.919427,-0.580991,-0.092907,0.01439,-4.880326,-0.780416,82.524878,-0.589179,-1.917948,-0.05298,-3.485947,-0.55744,58.946341,0.055744,-0.348595,0.0
8.94,-0.210436,-1.814239,-0.495357,-0.271933,-0.324848,1.520387,0.144324,1.91487,-0.58246,-0.095239,0.013392,-4.892667,-0.80001,82.516491,-0.58614,-1.919697,-0.053366,-3.494762,-0.571436,58.940351,0.057144,-0.349476,0.0
8.96,-0.214058,-1.807447,-0.495885,-0.256073,-0.321797,1.530734,0.148149,1.910191,-0.583871,-0.097569,0.012393,-4.90452,-0.819576,82.508102,-0.583105,-1.921372,-0.053747,-3.503228,-0.585411,58.934358,0.058541,-0.350323,0.0
8.98,-0.217666,-1.80054,-0.496381,-0.240197,-0.318725,1.540982,0.151965,1.905389,-0.585224,-0.099894,0.011394,-4.915882,-0.839112,82.499711,-0.580075,-1.922972,-0.054123,-3.511344,-0.599366,58.928365,0.059937,-0.351134,0.0
9.0,-0.22126,-1.793517,-0.496846,-0.224305,-0.315633,1.551132,0.155771,1.900465,-0.586518,-0.102216,0.010395,-4.926752,-0.858618,82.491319,-0.577049,-1.924498,-0.054495,-3.519108,-0.613299,58.922371,0.06133,-0.351911,0.0
9.02,-0.22484,-1.786379,-0.497278,-0.208399,-0.312521,1.561182,0.159567,1.89542,-0.587753,-0.104535,0.009396,-4.937129,-0.878093,82.482926,-0.574028,-1.92595,-0.054862,-3.526521,-0.627209,58.916376,0.062721,-0.352652,0.0
9.04,-0.228406,-1.779127,-0.497679,-0.19248,-0.309389,1.571133,0.163352,1.890253,-0.58893,-0.10685,0.008397,-4.947013,-0.897537,82.474531,-0.571012,-1.927327,-0.055225,-3.533581,-0.641098,58.91038,0.06411,-0.353358,0.0
9.06,-0.231957,-1.771761,-0.498048,-0.176548,-0.306237,1.580983,0.167128,1.884965,-0.590048,-0.10916,0.007397,-4.956402,-0.916948,82.466136,-0.568,-1.928629,-0.055583,-3.540287,-0.654963,58.904383,0.065496,-0.354029,0.0
9.08,-0.235493,-1.764282,-0.498385,-0.160605,-0.303065,1.590732,0.170892,1.879557,-0.591107,-0.111467,0.006397,-4.965296,-0.936326,82.457739,-0.564994,-1.929855,-0.055936,-3.54664,-0.668804,58.898385,0.06688,-0.354664,0.0
9.1,-0.239014,-1.75669,-0.498691,-0.144652,-0.299874,1.600379,0.174646,1.874028,-0.592106,-0.11377,0.005398,-4.973693,-0.95567,82.449341,-0.561993,-1.931007,-0.056284,-3.552638,-0.682622,58.892386,0.068262,-0.355264,0.0
9.12,-0.242519,-1.748985,-0.498964,-0.128689,-0.296663,1.609924,0.178388,1.86838,-0.593047,-0.116069,0.004398,-4.981593,-0.97498,82.440943,-0.558997,-1.932083,-0.056628,-3.558281,-0.696415,58.886388,0.069641,-0.355828,0.0
9.14,-0.246009,-1.741169,-0.499205,-0.112718,-0.293434,1.619365,0.182119,1.862612,-0.593928,-0.118364,0.003398,-4.988994,-0.994255,82.432544,-0.556006,-1.933084,-0.056966,-3.563567,-0.710182,58.880388,0.071018,-0.356357,0.0
9.16,-0.249484,-1.733241,-0.499415,-0.09674,-0.290186,1.628703,0.185838,1.856724,-0.59475,-0.120654,0.002398,-4.995897,-1.013495,82.424144,-0.553021,-1.934009,-0.0573,-3.568498,-0.723925,58.874389,0.072392,-0.35685,0.0
9.18,-0.252942,-1.725202,-0.499592,-0.080756,-0.286919,1.637937,0.189546,1.850718,-0.595512,-0.12294,0.001398,-5.0023,-1.032697,82.415745,-0.550041,-1.934859,-0.05763,-3.573071,-0.737641,58.868389,0.073764,-0.357307,0.0
9.2,-0.256385,-1.717053,-0.499738,-0.064767,-0.283634,1.647066,0.193241,1.844593,-0.596215,-0.125222,0.000398,-5.008203,-1.051863,82.407345,-0.547067,-1.935633,-0.057954,-3.577288,-0.75133,58.862389,0.075133,-0.357729,0.0
9.22,-0.259811,-1.708794,-0.499851,-0.048773,-0.280331,1.656089,0.196924,1.838351,-0.596858,-0.127499,-0.000602,-5.013605,-1.07099,82.398945,-0.544098,-1.936331,-0.058274,-3.581146,-0.764993,58.856389,0.076499,-0.358115,0.0
9.24,-0.26322,-1.700425,-0.499933,-0.032776,-0.27701,1.665007,0.200595,1.83199,-0.597441,-0.129771,-0.001602,-5.018505,-1.090079,82.390545,-0.541136,-1.936953,-0.058588,-3.584647,-0.778628,58.850389,0.077863,-0.358465,0.0
9.26,-0.266612,-1.691948,-0.499982,-0.016778,-0.273671,1.673818,0.204252,1.825513,-0.597965,-0.132039,-0.002602,-5.022904,-1.109129,82.382145,-0.538179,-1.937499,-0.058898,-3.587789,-0.792235,58.844389,0.079224,-0.358779,0.0
9.28,-0.269987,-1.683362,-0.5,-0.000778,-0.270315,1.682522,0.207897,1.818918,-0.598429,-0.134302,-0.003602,-5.026801,-1.128139,82.373746,-0.535228,-1.937969,-0.059203,-3.590572,-0.805814,58.83839,0.080581,-0.359057,0.0
9.3,-0.273346,-1.674669,-0.499986,0.015222,-0.266941,1.691118,0.211528,1.812208,-0.598833,-0.136561,-0.004602,-5.030194,-1.147108,82.365347,-0.532284,-1.938363,-0.059503,-3.592996,-0.819363,58.832391,0.081936,-0.3593,0.0
9.32,-0.276686,-1.665868,-0.499939,0.031221,-0.26355,1.699606,0.215145,1.805381,-0.599177,-0.138814,-0.005601,-5.033085,-1.166036,82.356949,-0.529345,-1.938681,-0.059798,-3.595061,-0.832883,58.826392,0.083288,-0.359506,0.0
9.34,-0.280009,-1.656961,-0.499861,0.047218,-0.260143,1.707985,0.218749,1.798438,-0.599461,-0.141062,-0.006601,-5.035473,-1.184922,82.348551,-0.526414,-1.938922,-0.060089,-3.596766,-0.846373,58.820394,0.084637,-0.359677,0.0
9.36,-0.283314,-1.647948,-0.49975,0.063212,-0.256719,1.716255,0.222339,1.791381,-0.599685,-0.143305,-0.007601,-5.037357,-1.203766,82.340154,-0.523488,-1.939088,-0.060374,-3.598112,-0.859833,58.814396,0.085983,-0.359811,0.0
9.38,-0.286601,-1.638829,-0.499608,0.079201,-0.253278,1.724415,0.225915,1.784209,-0.59985,-0.145544,-0.0086,-5.038737,-1.222566,82.331759,-0.520569,-1.939177,-0.060654,-3.599098,-0.873261,58.808399,0.087326,-0.35991,0.0
9.4,-0.289869,-1.629606,-0.499433,0.095186,-0.249821,1.732464,0.229476,1.776923,-0.599954,-0.147776,-0.009599,-5.039613,-1.241322,82.323364,-0.517657,-1.939189,-0.06093,-3.599724,-0.886658,58.802403,0.088666,-0.359972,0.0
9.42,-0.293119,-1.620278,-0.499227,0.111165,-0.246348,1.740403,0.233022,1.769523,-0.599998,-0.150004,-0.010599,-5.039986,-1.260033,82.314971,-0.514752,-1.939126,-0.0612,-3.59999,-0.900024,58.796408,0.090002,-0.359999,0.0
9.44,-0.29635,-1.610846,-0.498989,0.127136,-0.242859,1.74823,0.236554,1.762009,-0.599983,-0.152226,-0.011598,-5.039854,-1.278699,82.30658,-0.511853,-1.938986,-0.061466,-3.599896,-0.913356,58.790414,0.091336,-0.35999,0.0
9.46,-0.299562,-1.601312,-0.498719,0.1431,-0.239355,1.755946,0.24007,1.754383,-0.599907,-0.154443,-0.012597,-5.039218,-1.297319,82.298189,-0.508962,-1.93877,-0.061726,-3.599442,-0.926656,58.784421,0.092666,-0.359944,0.0
9.48,-0.302755,-1.591674,-0.498416,0.159054,-0.235836,1.763549,0.243571,1.746645,-0.599771,-0.156654,-0.013595,-5.038079,-1.315892,82.289801,-0.506078,-1.938478,-0.061982,-3.598628,-0.939923,58.778429,0.093992,-0.359863,0.0
9.5,-0.305929,-1.581935,-0.498082,0.174998,-0.232301,1.771039,0.247057,1.738795,-0.599576,-0.158859,-0.014594,-5.036436,-1.334418,82.281414,-0.5032,-1.938109,-0.062233,-3.597454,-0.953156,58.772439,0.095316,-0.359745,0.0
9.52,-0.309083,-1.572095,-0.497716,0.190931,-0.228752,1.778416,0.250526,1.730834,-0.59932,-0.161059,-0.015592,-5.034289,-1.352896,82.27303,-0.50033,-1.937664,-0.062478,-3.595921,-0.966354,58.76645,0.096635,-0.359592,0.0
9.54,-0.312217,-1.562154,-0.497319,0.206851,-0.225188,1.785679,0.25398,1.722761,-0.599005,-0.163253,-0.01659,-5.031638,-1.371325,82.264647,-0.497468,-1.937143,-0.062719,-3.594027,-0.979518,58.760462,0.097952,-0.359403,0.0
9.56,-0.315332,-1.552113,-0.496889,0.222759,-0.221609,1.792828,0.257417,1.714579,-0.598629,-0.165441,-0.017587,-5.028485,-1.389704,82.256267,-0.494613,-1.936546,-0.062954,-3.591775,-0.992646,58.754476,0.099265,-0.359177,0.0
9.58,-0.318426,-1.541973,-0.496428,0.238652,-0.218016,1.799862,0.260838,1.706287,-0.598194,-0.167623,-0.018585,-5.024828,-1.408034,82.247889,-0.491765,-1.935872,-0.063185,-3.589163,-1.005739,58.748492,0.100574,-0.358916,0.0
9.6,-0.321499,-1.531734,-0.495934,0.25453,-0.21441,1.806781,0.264242,1.697886,-0.597699,-0.169799,-0.019582,-5.02067,-1.426313,82.239513,-0.488926,-1.935123,-0.06341,-3.586193,-1.018795,58.742509,0.10188,-0.358619,0.0
9.62,-0.324553,-1.521398,-0.495409,0.270391,-0.210789,1.813584,0.26763,1.689376,-0.597144,-0.171969,-0.020579,-5.016009,-1.444541,82.23114,-0.486094,-1.934298,-0.063631,-3.582863,-1.031815,58.736529,0.103181,-0.358286,0.0
9.64,-0.327585,-1.510963,-0.494853,0.286236,-0.207155,1.820271,0.271,1.680757,-0.596529,-0.174133,-0.021575,-5.010846,-1.462717,82.22277,-0.48327,-1.933396,-0.063846,-3.579176,-1.044798,58.73055,0.10448,-0.357918,0.0
9.66,-0.330596,-1.500432,-0.494265,0.302062,-0.203508,1.826842,0.274353,1.672032,-0.595855,-0.17629,-0.022571,-5.005183,-1.48084,82.214403,-0.480453,-1.932419,-0.064056,-3.57513,-1.057743,58.724574,0.105774,-0.357513,0.0
9.68,-0.333587,-1.489805,-0.493645,0.317868,-0.199848,1.833295,0.277688,1.663199,-0.595121,-0.178442,-0.023567,-4.999019,-1.498909,82.206039,-0.477646,-1.931366,-0.064262,-3.570728,-1.070649,58.718599,0.107065,-0.357073,0.0
9.7,-0.336555,-1.479083,-0.492993,0.333655,-0.196175,1.839632,0.281005,1.65426,-0.594328,-0.180586,-0.024562,-4.992355,-1.516925,82.197678,-0.474846,-1.930238,-0.064462,-3.565968,-1.083518,58.712627,0.108352,-0.356597,0.0
9.72,-0.339503,-1.468266,-0.49231,0.34942,-0.19249,1.84585,0.284305,1.645215,-0.593475,-0.182725,-0.025557,-4.985191,-1.534886,82.18932,-0.472054,-1.929034,-0.064657,-3.560851,-1.096347,58.706657,0.109635,-0.356085,0.0
9.74,-0.342428,-1.457355,-0.491595,0.365162,-0.188792,1.851951,0.287586,1.636065,-0.592563,-0.184856,-0.026552,-4.97753,-1.552792,82.180966,-0.469271,-1.927754,-0.064847,-3.555378,-1.109137,58.70069,0.110914,-0.355538,0.0
9.76,-0.345332,-1.446351,-0.490849,0.380881,-0.185082,1.857933,0.290849,1.62681,-0.591592,-0.186981,-0.027546,-4.96937,-1.570642,82.172615,-0.466497,-1.926399,-0.065032,-3.54955,-1.121887,58.694725,0.112189,-0.354955,0.0
9.78,-0.348214,-1.435254,-0.490072,0.396576,-0.18136,1.863796,0.294093,1.617451,-0.590561,-0.189099,-0.028539,-4.960714,-1.588435,82.164268,-0.463731,-1.924969,-0.065212,-3.543367,-1.134597,58.688763,0.11346,-0.354337,0.0
9.8,-0.351073,-1.424065,-0.489263,0.412246,-0.177627,1.86954,0.297319,1.607988,-0.589472,-0.191211,-0.029533,-4.951561,-1.606172,82.155925,-0.460973,-1.923464,-0.065387,-3.536829,-1.147265,58.682804,0.114727,-0.353683,0.0
9.82,-0.35391,-1.412786,-0.488423,0.427889,-0.173882,1.875164,0.300525,1.598422,-0.588323,-0.193315,-0.030525,-4.941914,-1.62385,82.147586,-0.458225,-1.921884,-0.065557,-3.529938,-1.159893,58.676847,0.115989,-0.352994,0.0
9.84,-0.356724,-1.401415,-0.487552,0.443504,-0.170126,1.880668,0.303712,1.588754,-0.587116,-0.195413,-0.031518,-4.931772,-1.64147,82.139251,-0.455485,-1.920229,-0.065722,-3.522694,-1.172479,58.670894,0.117248,-0.352269,0.0
9.86,-0.359516,-1.389956,-0.486649,0.459092,-0.166359,1.886052,0.30688,1.578985,-0.58585,-0.197504,-0.03251,-4.921137,-1.659031,82.13092,-0.452755,-1.9185,-0.065882,-3.515098,-1.185022,58.664943,0.118502,-0.35151,0.0
9.88,-0.362284,-1.378407,-0.485715,0.47465,-0.162582,1.891315,0.310028,1.569114,-0.584525,-0.199587,-0.033501,-4.91001,-1.676532,82.122594,-0.450033,-1.916696,-0.066036,-3.50715,-1.197523,58.658995,0.119752,-0.350715,0.0
9.9,-0.365029,-1.36677,-0.48475,0.490177,-0.158794,1.896457,0.313157,1.559143,-0.583142,-0.201663,-0.034491,-4.898391,-1.693973,82.114272,-0.447321,-1.914817,-0.066186,-3.498851,-1.209981,58.653051,0.120998,-0.349885,0.0
9.92,-0.367751,-1.355045,-0.483754,0.505673,-0.154996,1.901478,0.316265,1.549073,-0.5817,-0.203732,-0.035482,-4.886284,-1.711353,82.105954,-0.444618,-1.912865,-0.06633,-3.490203,-1.222395,58.64711,0.122239,-0.34902,0.0
9.94,-0.370449,-1.343234,-0.482728,0.521137,-0.151188,1.906377,0.319353,1.538903,-0.580201,-0.205794,-0.036471,-4.873687,-1.728671,82.097642,-0.441924,-1.910839,-0.06647,-3.481205,-1.234765,58.641173,0.123476,-0.34812,0.0
9.96,-0.373124,-1.331337,-0.48167,0.536567,-0.147371,1.911154,0.32242,1.528634,-0.578643,-0.207848,-0.03746,-4.860603,-1.745927,82.089334,-0.43924,-1.908739,-0.066604,-3.471859,-1.24709,58.635239,0.124709,-0.347186,0.0
9.98,-0.375775,-1.319354,-0.480581,0.551964,-0.143544,1.915809,0.325467,1.518268,-0.577028,-0.209895,-0.038449,-4.847033,-1.76312,82.081032,-0.436565,-1.906565,-0.066733,-3.462166,-1.259371,58.629308,0.125937,-0.346217,0.0
10.0,-0.378401,-1.307287,-0.479462,0.567324,-0.139708,1.920341,0.328493,1.507805,-0.575355,-0.211934,-0.039436,-4.832978,-1.780249,82.072734,-0.4339,-1.904319,-0.066858,-3.452127,-1.271607,58.623381,0.127161,-0.345213,0.0
10.02,-0.381004,-1.295137,-0.478312,0.582649,-0.135863,1.92475,0.331498,1.497245,-0.573624,-0.213966,-0.040424,-4.81844,-1.797315,82.064442,-0.431245,-1.901999,-0.066977,-3.441743,-1.283796,58.617458,0.12838,-0.344174,0.0
10.04,-0.383582,-1.282903,-0.477132,0.597936,-0.132009,1.929036,0.334482,1.486589,-0.571836,-0.21599,-0.04141,-4.803421,-1.814316,82.056155,-0.428599,-1.899606,-0.067091,-3.431015,-1.29594,58.611539,0.129594,-0.343101,0.0
10.06,-0.386135,-1.270588,-0.47592,0.613185,-0.128147,1.933198,0.337445,1.475838,-0.569991,-0.218006,-0.042396,-4.78792,-1.831251,82.047874,-0.425964,-1.89714,-0.0672,-3.419943,-1.308037,58.605624,0.130804,-0.341994,0.0
10.08,-0.388664,-1.258191,-0.474679,0.628395,-0.124276,1.937237,0.340386,1.464993,-0.568088,-0.220014,-0.043381,-4.771941,-1.848121,82.039599,-0.423338,-1.894603,-0.067304,-3.40853,-1.320086,58.599713,0.132009,-0.340853,0.0
10.1,-0.391168,-1.245713,-0.473407,0.643564,-0.120398,1.941152,0.343305,1.454054,-0.566129,-0.222015,-0.044366,-4.755485,-1.864924,82.031329,-0.420723,-1.891992,-0.067403,-3.396775,-1.332089,58.593806,0.133209,-0.339678,0.0
10.12,-0.393647,-1.233156,-0.472105,0.658692,-0.116512,1.944942,0.346202,1.443021,-0.564114,-0.224007,-0.045349,-4.738554,-1.88166,82.023065,-0.418118,-1.88931,-0.067497,-3.384681,-1.344043,58.587904,0.134404,-0.338468,0.0
10.14,-0.396101,-1.22052,-0.470772,0.673778,-0.112618,1.948608,0.349077,1.431897,-0.562041,-0.225991,-0.046332,-4.721148,-1.898328,82.014808,-0.415523,-1.886557,-0.067586,-3.372249,-1.355949,58.582005,0.135595,-0.337225,0.0
10.16,-0.398529,-1.207806,-0.46941,0.688821,-0.108717,1.95215,0.351929,1.420681,-0.559913,-0.227968,-0.047315,-4.70327,-1.914928,82.006556,-0.412939,-1.883732,-0.06767,-3.359479,-1.367806,58.576112,0.136781,-0.335948,0.0
10.18,-0.400932,-1.195015,-0.468017,0.70382,-0.10481,1.955566,0.354759,1.409374,-0.557729,-0.229936,-0.048296,-4.684922,-1.931459,81.998311,-0.410365,-1.880836,-0.067749,-3.346373,-1.379614,58.570222,0.137961,-0.334637,0.0
10.2,-0.403309,-1.182147,-0.466594,0.718774,-0.100895,1.958858,0.357567,1.397976,-0.555489,-0.231895,-0.049277,-4.666106,-1.94792,81.990073,-0.407801,-1.877869,-0.067823,-3.332933,-1.391372,58.564338,0.139137,-0.333293,0.0
10.22,-0.40566,-1.169203,-0.465142,0.733682,-0.096974,1.962023,0.360351,1.38649,-0.553193,-0.233847,-0.050257,-4.646823,-1.964312,81.981841,-0.405249,-1.874831,-0.067892,-3.319159,-1.40308,58.558458,0.140308,-0.331916,0.0
10.24,-0.407986,-1.156185,-0.46366,0.748543,-0.093047,1.965064,0.363113,1.374914,-0.550842,-0.23579,-0.051236,-4.627075,-1.980632,81.973616,-0.402707,-1.871723,-0.067955,-3.305054,-1.414737,58.552583,0.141474,-0.330505,0.0
10.26,-0.410285,-1.143092,-0.462148,0.763356,-0.089114,1.967978,0.365851,1.363251,-0.548436,-0.237724,-0.052215,-4.606865,-1.996881,81.965398,-0.400176,-1.868545,-0.068014,-3.290618,-1.426344,58.546713,0.142634,-0.329062,0.0
10.28,-0.412558,-1.129927,-0.460606,0.77812,-0.085175,1.970767,0.368565,1.3515,-0.545975,-0.23965,-0.053192,-4.586194,-2.013059,81.957186,-0.397656,-1.865298,-0.068068,-3.275853,-1.437899,58.540847,0.14379,-0.327585,0.0
10.3,-0.414805,-1.116689,-0.459035,0.792834,-0.081231,1.97343,0.371257,1.339663,-0.54346,-0.241567,-0.054169,-4.565064,-2.029164,81.948982,-0.395146,-1.861981,-0.068117,-3.26076,-1.449403,58.534987,0.14494,-0.326076,0.0
10.32,-0.417025,-1.10338,-0.457435,0.807498,-0.077282,1.975966,0.373924,1.32774,-0.54089,-0.243476,-0.055145,-4.543478,-2.045195,81.940786,-0.392649,-1.858595,-0.068161,-3.245341,-1.460854,58.529133,0.146085,-0.324534,0.0
10.34,-0.419218,-1.09,-0.455805,0.82211,-0.073327,1.978376,0.376568,1.315732,-0.538266,-0.245375,-0.05612,-4.521437,-2.061154,81.932596,-0.390162,-1.85514,-0.0682,-3.229598,-1.472253,58.523283,0.147225,-0.32296,0.0
10.36,-0.421385,-1.07655,-0.454146,0.836669,-0.069368,1.980659,0.379187,1.30364,-0.535589,-0.247266,-0.057094,-4.498944,-2.077038,81.924414,-0.387686,-1.851617,-0.068234,-3.213532,-1.483598,58.517439,0.14836,-0.321353,0.0
10.38,-0.423524,-1.063031,-0.452459,0.851175,-0.065405,1.982815,0.381782,1.291464,-0.532857,-0.249148,-0.058067,-4.476002,-2.092847,81.91624,-0.385222,-1.848027,-0.068264,-3.197144,-1.494891,58.5116,0.149489,-0.319714,0.0
10.4,-0.425637,-1.049445,-0.450742,0.865626,-0.061437,1.984845,0.384353,1.279206,-0.530073,-0.251022,-0.059039,-4.452611,-2.108581,81.908074,-0.38277,-1.844368,-0.068288,-3.180437,-1.506129,58.505767,0.150613,-0.318044,0.0
10.42,-0.427722,-1.035791,-0.448996,0.880022,-0.057465,1.986747,0.386899,1.266866,-0.527235,-0.252886,-0.06001,-4.428776,-2.124239,81.899915,-0.380329,-1.840642,-0.068307,-3.163411,-1.517313,58.49994,0.151731,-0.316341,0.0
10.44,-0.42978,-1.022071,-0.447222,0.894362,-0.05349,1.988522,0.38942,1.254445,-0.524345,-0.254741,-0.06098,-4.404498,-2.13982,81.891765,-0.377899,-1.836849,-0.068322,-3.14607,-1.528443,58.494118,0.152844,-0.314607,0.0
10.46,-0.43181,-1.008285,-0.445419,0.908644,-0.049511,1.99017,0.391917,1.241943,-0.521402,-0.256586,-0.06195,-4.379779,-2.155325,81.883623,-0.375482,-1.83299,-0.068331,-3.128413,-1.539518,58.488302,0.153952,-0.312841,0.0
10.48,-0.433813,-0.994435,-0.443587,0.922868,-0.045529,1.991691,0.394388,1.229362,-0.518407,-0.258423,-0.062918,-4.354622,-2.170752,81.875489,-0.373076,-1.829064,-0.068336,-3.110444,-1.550537,58.482492,0.155054,-0.311044,0.0
10.5,-0.435788,-0.980522,-0.441727,0.937033,-0.041545,1.993084,0.396834,1.216703,-0.515361,-0.26025,-0.063885,-4.32903,-2.1861,81.867364,-0.370682,-1.825073,-0.068336,-3.092164,-1.5615,58.476688,0.15615,-0.309216,0.0
10.52,-0.437735,-0.966545,-0.439839,0.951138,-0.037557,1.99435,0.399255,1.203965,-0.512262,-0.262068,-0.064852,-4.303005,-2.201371,81.859247,-0.3683,-1.821016,-0.068331,-3.073575,-1.572408,58.470891,0.157241,-0.307357,0.0
10.54,-0.439654,-0.952507,-0.437923,0.965183,-0.033567,1.995488,0.40165,1.191151,-0.509113,-0.263876,-0.065817,-4.276549,-2.216561,81.851139,-0.36593,-1.816894,-0.068321,-3.054678,-1.583258,58.465099,0.158326,-0.305468,0.0
10.56,-0.441545,-0.938408,-0.435978,0.979165,-0.029575,1.996498,0.404019,1.17826,-0.505913,-0.265675,-0.066781,-4.249666,-2.231672,81.84304,-0.363573,-1.812707,-0.068307,-3.035476,-1.594052,58.459314,0.159405,-0.303548,0.0
10.58,-0.443408,-0.924248,-0.434006,0.993085,-0.025581,1.997381,0.406363,1.165294,-0.502662,-0.267465,-0.067744,-4.222358,-2.246703,81.834949,-0.361227,-1.808456,-0.068287,-3.01597,-1.604788,58.453535,0.160479,-0.301597,0.0
10.6,-0.445242,-0.91003,-0.432006,1.006941,-0.021586,1.998135,0.40868,1.152253,-0.49936,-0.269244,-0.068706,-4.194628,-2.261653,81.826868,-0.358894,-1.804142,-0.068263,-2.996163,-1.615466,58.447763,0.161547,-0.299616,0.0
10.62,-0.447048,-0.895753,-0.429978,1.020733,-0.017589,1.998762,0.410972,1.139138,-0.496009,-0.271014,-0.069667,-4.166478,-2.276521,81.818796,-0.356574,-1.799764,-0.068234,-2.976056,-1.626086,58.441997,0.162609,-0.297606,0.0
10.64,-0.448825,-0.881419,-0.427923,1.03446,-0.013591,1.999261,0.413237,1.125951,-0.492609,-0.272775,-0.070627,-4.137912,-2.291307,81.810734,-0.354265,-1.795323,-0.068201,-2.955651,-1.636648,58.436238,0.163665,-0.295565,0.0
10.66,-0.450573,-0.867029,-0.425841,1.04812,-0.009592,1.999632,0.415475,1.112692,-0.489159,-0.274525,-0.071586,-4.108932,-2.306011,81.802681,-0.35197,-1.790819,-0.068162,-2.934951,-1.647151,58.430486,0.164715,-0.293495,0.0
10.68,-0.452293,-0.852583,-0.423731,1.061713,-0.005593,1.999875,0.417688,1.099361,-0.48566,-0.276266,-0.072543,-4.079541,-2.320632,81.794637,-0.349687,-1.786254,-0.068119,-2.913958,-1.657595,58.424741,0.165759,-0.291396,0.0
10.7,-0.453984,-0.838082,-0.421594,1.075238,-0.001593,1.99999,0.419873,1.08596,-0.482112,-0.277996,-0.0735,-4.049742,-2.33517,81.786604,-0.347417,-1.781627,-0.068072,-2.892673,-1.667978,58.419003,0.166798,-0.289267,0.0
10.72,-0.455645,-0.823528,-0.41943,1.088695,0.002407,1.999977,0.422031,1.072489,-0.478516,-0.279717,-0.074455,-4.019538,-2.349623,81.77858,-0.345159,-1.776938,-0.068019,-2.871098,-1.678302,58.413271,0.16783,-0.28711,0.0
10.74,-0.457278,-0.808921,-0.417239,1.102082,0.006407,1.999836,0.424163,1.05895,-0.474873,-0.281428,-0.075409,-3.988932,-2.363992,81.770566,-0.342915,-1.772189,-0.067962,-2.849237,-1.688565,58.407547,0.168857,-0.284924,0.0
10.76,-0.458881,-0.794263,-0.415022,1.115398,0.010407,1.999567,0.426267,1.045343,-0.471182,-0.283128,-0.076362,-3.957927,-2.378275,81.762562,-0.340683,-1.76738,-0.0679,-2.827091,-1.698768,58.40183,0.169877,-0.282709,0.0
10.78,-0.460455,-0.779553,-0.412778,1.128643,0.014405,1.99917,0.428344,1.031669,-0.467444,-0.284818,-0.077313,-3.926526,-2.392473,81.754569,-0.338465,-1.762511,-0.067834,-2.804662,-1.708909,58.396121,0.170891,-0.280466,0.0
10.8,-0.461999,-0.764794,-0.410507,1.141815,0.018403,1.998645,0.430394,1.017929,-0.463659,-0.286498,-0.078264,-3.894733,-2.406585,81.746586,-0.336259,-1.757582,-0.067763,-2.781952,-1.718989,58.390418,0.171899,-0.278195,0.0
10.82,-0.463514,-0.749986,-0.40821,1.154915,0.0224,1.997992,0.432416,1.004124,-0.459827,-0.288168,-0.079213,-3.86255,-2.42061,81.738613,-0.334067,-1.752595,-0.067688,-2.758964,-1.729007,58.384724,0.172901,-0.275896,0.0
10.84,-0.464999,-0.735129,-0.405888,1.167941,0.026395,1.997211,0.43441,0.990255,-0.45595,-0.289827,-0.080161,-3.829981,-2.434548,81.730652,-0.331888,-1.747549,-0.067608,-2.735701,-1.738963,58.379037,0.173896,-0.27357,0.0
10.86,-0.466454,-0.720226,-0.403539,1.180891,0.030389,1.996303,0.436377,0.976322,-0.452027,-0.291476,-0.081107,-3.797029,-2.448399,81.7227,-0.329723,-1.742446,-0.067523,-2.712164,-1.748856,58.373357,0.174886,-0.271216,0.0
10.88,-0.46788,-0.705277,-0.401164,1.193767,0.03438,1.995266,0.438315,0.962327,-0.448059,-0.293114,-0.082052,-3.763698,-2.462161,81.71476,-0.327571,-1.737285,-0.067434,-2.688355,-1.758687,58.367686,0.175869,-0.268836,0.0
10.9,-0.469275,-0.690282,-0.398764,1.206566,0.03837,1.994102,0.440226,0.948271,-0.444046,-0.294742,-0.082996,-3.72999,-2.475835,81.706831,-0.325432,-1.732067,-0.06734,-2.664278,-1.768453,58.362022,0.176845,-0.266428,0.0
10.92,-0.470641,-0.675243,-0.396338,1.219287,0.042357,1.992811,0.442108,0.934153,-0.439989,-0.296359,-0.083939,-3.695909,-2.489419,81.698913,-0.323307,-1.726793,-0.067242,-2.639935,-1.778157,58.356367,0.177816,-0.263993,0.0
10.94,-0.471976,-0.660161,-0.393887,1.231931,0.046341,1.991392,0.443963,0.919976,-0.435888,-0.297966,-0.08488,-3.661458,-2.502914,81.691006,-0.321196,-1.721464,-0.06714,-2.615327,-1.787796,58.350719,0.17878,-0.261533,0.0
10.96,-0.473282,-0.645037,-0.39141,1.244496,0.050322,1.989845,0.445788,0.90574,-0.431743,-0.299562,-0.08582,-3.626641,-2.516319,81.683111,-0.319098,-1.716079,-0.067033,-2.590458,-1.797371,58.345079,0.179737,-0.259046,0.0
10.98,-0.474556,-0.629872,-0.388909,1.256981,0.0543,1.988171,0.447585,0.891446,-0.427555,-0.301147,-0.086759,-3.591462,-2.529633,81.675227,-0.317015,-1.710639,-0.066922,-2.56533,-1.806881,58.339448,0.180688,-0.256533,0.0
11.0,-0.475801,-0.614666,-0.386382,1.269386,0.058275,1.98637,0.449354,0.877095,-0.423324,-0.302721,-0.087696,-3.555923,-2.542856,81.667355,-0.314945,-1.705145,-0.066806,-2.539945,-1.816326,58.333825,0.181633,-0.253995,0.0
11.02,-0.477015,-0.599421,-0.383831,1.281709,0.062245,1.984442,0.451094,0.862687,-0.419051,-0.304284,-0.088632,-3.520029,-2.555988,81.659495,-0.312889,-1.699597,-0.066686,-2.514306,-1.825706,58.328211,0.182571,-0.251431,0.0
11.04,-0.478199,-0.584137,-0.381255,1.293951,0.066212,1.982386,0.452805,0.848225,-0.414736,-0.305837,-0.089566,-3.483783,-2.569028,81.651646,-0.310847,-1.693996,-0.066561,-2.488416,-1.83502,58.322605,0.183502,-0.248842,0.0
11.06,-0.479352,-0.568816,-0.378655,1.306109,0.070175,1.980204,0.454487,0.833708,-0.41038,-0.307378,-0.090499,-3.447188,-2.581975,81.64381,-0.308819,-1.688343,-0.066433,-2.462277,-1.844268,58.317007,0.184427,-0.246228,0.0
11.08,-0.480474,-0.553459,-0.376031,1.318184,0.074133,1.977895,0.45614,0.819138,-0.405982,-0.308908,-0.09143,-3.410249,-2.594829,81.635986,-0.306806,-1.682638,-0.0663,-2.435892,-1.853449,58.311419,0.185345,-0.243589,0.0
11.1,-0.481565,-0.538066,-0.373383,1.330175,0.078086,1.97546,0.457763,0.804516,-0.401544,-0.310427,-0.09236,-3.372969,-2.60759,81.628174,-0.304806,-1.676881,-0.066162,-2.409263,-1.862564,58.305839,0.186256,-0.240926,0.0
11.12,-0.482626,-0.522639,-0.37071,1.342081,0.082035,1.972898,0.459358,0.789842,-0.397066,-0.311935,-0.093289,-3.335351,-2.620256,81.620374,-0.302822,-1.671073,-0.066021,-2.382394,-1.871612,58.300267,0.187161,-0.238239,0.0
11.14,-0.483656,-0.507178,-0.368014,1.3539,0.085978,1.970209,0.460923,0.775117,-0.392548,-0.313432,-0.094216,-3.2974,-2.632829,81.612588,-0.300851,-1.665215,-0.065875,-2.355286,-1.880592,58.294705,0.188059,-0.235529,0.0
11.16,-0.484655,-0.491685,-0.365295,1.365633,0.089916,1.967395,0.462458,0.760343,-0.38799,-0.314917,-0.095141,-3.259119,-2.645307,81.604813,-0.298895,-1.659307,-0.065725,-2.327942,-1.889505,58.289152,0.18895,-0.232794,0.0
11.18,-0.485623,-0.476161,-0.362552,1.377279,0.093847,1.964455,0.463964,0.74552,-0.383394,-0.316392,-0.096065,-3.220513,-2.657689,81.597052,-0.296953,-1.65335,-0.065571,-2.300366,-1.898349,58.283608,0.189835,-0.230037,0.0
11.2,-0.486559,-0.460606,-0.359786,1.388836,0.097773,1.961389,0.46544,0.730649,-0.37876,-0.317854,-0.096988,-3.181584,-2.669976,81.589303,-0.295026,-1.647344,-0.065413,-2.27256,-1.907126,58.278074,0.190713,-0.227256,0.0
11.22,-0.487465,-0.445021,-0.356997,1.400305,0.101693,1.958197,0.466886,0.715732,-0.374088,-0.319306,-0.097909,-3.142337,-2.682167,81.581567,-0.293114,-1.641291,-0.065251,-2.244526,-1.915833,58.272548,0.191583,-0.224453,0.0
11.24,-0.48834,-0.429408,-0.354185,1.411684,0.105606,1.954881,0.468303,0.700769,-0.369378,-0.320745,-0.098828,-3.102776,-2.694261,81.573845,-0.291216,-1.63519,-0.065085,-2.216268,-1.924472,58.267032,0.192447,-0.221627,0.0
11.26,-0.489183,-0.413768,-0.35135,1.422973,0.109512,1.951439,0.46969,0.685761,-0.364631,-0.322174,-0.099746,-3.062904,-2.706258,81.566136,-0.289333,-1.629042,-0.064914,-2.187789,-1.933042,58.261526,0.193304,-0.218779,0.0
11.28,-0.489995,-0.398101,-0.348493,1.43417,0.113412,1.947872,0.471046,0.670709,-0.359848,-0.32359,-0.100662,-3.022727,-2.718158,81.55844,-0.287466,-1.622848,-0.06474,-2.15909,-1.941541,58.256029,0.194154,-0.215909,0.0
11.3,-0.490775,-0.382409,-0.345613,1.445276,0.117304,1.94418,0.472372,0.655614,-0.355029,-0.324995,-0.101576,-2.982247,-2.72996,81.550758,-0.285613,-1.616608,-0.064562,-2.130176,-1.949971,58.250541,0.194997,-0.213018,0.0
11.32,-0.491524,-0.366692,-0.342712,1.456289,0.121188,1.940365,0.473668,0.640478,-0.350175,-0.326389,-0.102489,-2.941468,-2.741663,81.543089,-0.283775,-1.610324,-0.064379,-2.101049,-1.958331,58.245064,0.195833,-0.210105,0.0
11.34,-0.492242,-0.350951,-0.339788,1.467209,0.125065,1.936424,0.474934,0.6253,-0.345285,-0.32777,-0.103401,-2.900396,-2.753268,81.535435,-0.281952,-1.603995,-0.064193,-2.071711,-1.96662,58.239596,0.196662,-0.207171,0.0
11.36,-0.492928,-0.335189,-0.336843,1.478035,0.128934,1.93236,0.47617,0.610082,-0.340361,-0.32914,-0.10431,-2.859034,-2.764774,81.527794,-0.280144,-1.597622,-0.064003,-2.042167,-1.974839,58.234138,0.197484,-0.204217,0.0
11.38,-0.493583,-0.319404,-0.333876,1.488767,0.132794,1.928173,0.477375,0.594826,-0.335403,-0.330498,-0.105218,-2.817385,-2.77618,81.520167,-0.278351,-1.591206,-0.063809,-2.012418,-1.982986,58.228691,0.198299,-0.201242,0.0
11.4,-0.494206,-0.3036,-0.330888,1.499403,0.136646,1.923862,0.478549,0.579531,-0.330411,-0.331844,-0.106124,-2.775455,-2.787487,81.512554,-0.276574,-1.584748,-0.063611,-1.982468,-1.991062,58.223253,0.199106,-0.198247,0.0
11.42,-0.494797,-0.287776,-0.327879,1.509943,0.14049,1.919427,0.479693,0.564199,-0.325387,-0.333178,-0.107029,-2.733248,-2.798693,81.504956,-0.274812,-1.578248,-0.063409,-1.95232,-1.999066,58.217826,0.199907,-0.195232,0.0
11.44,-0.495357,-0.271933,-0.324848,1.520387,0.144324,1.91487,0.480806,0.548831,-0.320329,-0.3345,-0.107932,-2.690767,-2.809798,81.497372,-0.273065,-1.571707,-0.063204,-1.921976,-2.006999,58.212408,0.2007,-0.192198,0.0
11.46,-0.495885,-0.256073,-0.321797,1.530734,0.148149,1.910191,0.481888,0.533427,-0.31524,-0.33581,-0.108833,-2.648017,-2.820802,81.489802,-0.271334,-1.565125,-0.062994,-1.89144,-2.014859,58.207002,0.201486,-0.189144,0.0
11.48,-0.496381,-0.240197,-0.318725,1.540982,0.151965,1.905389,0.482939,0.51799,-0.310119,-0.337108,-0.109732,-2.605002,-2.831705,81.482247,-0.269618,-1.558504,-0.062782,-1.860716,-2.022646,58.201605,0.202265,-0.186072,0.0
11.5,-0.496846,-0.224305,-0.315633,1.551132,0.155771,1.900465,0.48396,0.50252,-0.304967,-0.338393,-0.11063,-2.561727,-2.842505,81.474707,-0.267918,-1.551843,-0.062565,-1.829805,-2.030361,58.196219,0.203036,-0.18298,0.0
11.52,-0.497278,-0.208399,-0.312521,1.561182,0.159567,1.89542,0.484949,0.487017,-0.299785,-0.339667,-0.111526,-2.518195,-2.853203,81.467182,-0.266234,-1.545144,-0.062345,-1.798711,-2.038002,58.190844,0.2038,-0.179871,0.0
11.54,-0.497679,-0.19248,-0.309389,1.571133,0.163352,1.890253,0.485908,0.471483,-0.294573,-0.340928,-0.11242,-2.474412,-2.863799,81.459671,-0.264565,-1.538406,-0.062121,-1.767437,-2.045571,58.18548,0.204557,-0.176744,0.0
11.56,-0.498048,-0.176548,-0.306237,1.580983,0.167128,1.884965,0.486835,0.455919,-0.289331,-0.342178,-0.113312,-2.430381,-2.874291,81.452176,-0.262912,-1.531632,-0.061893,-1.735986,-2.053065,58.180126,0.205307,-0.173599,0.0
11.58,-0.498385,-0.160605,-0.303065,1.590732,0.170892,1.879557,0.487732,0.440326,-0.28406,-0.343414,-0.114203,-2.386107,-2.88468,81.444696,-0.261274,-1.52482,-0.061662,-1.704362,-2.060486,58.174783,0.206049,-0.170436,0.0
11.6,-0.498691,-0.144652,-0.299874,1.600379,0.174646,1.874028,0.488597,0.424705,-0.278761,-0.344639,-0.115091,-2.341595,-2.894966,81.437232,-0.259653,-1.517973,-0.061427,-1.672568,-2.067833,58.169451,0.206783,-0.167257,0.0
11.62,-0.498964,-0.128689,-0.296663,1.609924,0.178388,1.86838,0.48943,0.409056,-0.273434,-0.345851,-0.115978,-2.296848,-2.905146,81.429782,-0.258047,-1.511091,-0.061189,-1.640606,-2.075105,58.16413,0.20751,-0.164061,0.0
11.64,-0.499205,-0.112718,-0.293434,1.619365,0.182119,1.862612,0.490233,0.393382,-0.26808,-0.34705,-0.116863,-2.251872,-2.915223,81.422349,-0.256458,-1.504174,-0.060948,-1.60848,-2.082302,58.158821,0.20823,-0.160848,0.0
11.66,-0.499415,-0.09674,-0.290186,1.628703,0.185838,1.856724,0.491004,0.377682,-0.262699,-0.348237,-0.117746,-2.206671,-2.925194,81.414931,-0.254884,-1.497223,-0.060703,-1.576193,-2.089424,58.153522,0.208942,-0.157619,0.0
11.68,-0.499592,-0.080756,-0.286919,1.637937,0.189546,1.850718,0.491743,0.361958,-0.257292,-0.349412,-0.118628,-2.161249,-2.93506,81.407529,-0.253327,-1.49024,-0.060454,-1.543749,-2.096472,58.148235,0.209647,-0.154375,0.0
11.7,-0.499738,-0.064767,-0.283634,1.647066,0.193241,1.844593,0.492452,0.34621,-0.251858,-0.350574,-0.119507,-2.115611,-2.944821,81.400143,-0.251786,-1.483223,-0.060203,-1.51115,-2.103443,58.142959,0.210344,-0.151115,0.0
11.72,-0.499851,-0.048773,-0.280331,1.656089,0.196924,1.838351,0.493128,0.330441,-0.2464,-0.351723,-0.120384,-2.069761,-2.954475,81.392773,-0.25026,-1.476175,-0.059948,-1.478401,-2.110339,58.137695,0.211034,-0.14784,0.0
11.74,-0.499933,-0.032776,-0.27701,1.665007,0.200595,1.83199,0.493773,0.314651,-0.240917,-0.35286,-0.12126,-2.023704,-2.964023,81.385419,-0.248752,-1.469095,-0.059689,-1.445503,-2.117159,58.132442,0.211716,-0.14455,0.0
11.76,-0.499982,-0.016778,-0.273671,1.673818,0.204252,1.825513,0.494387,0.29884,-0.23541,-0.353984,-0.122133,-1.977445,-2.973464,81.378081,-0.247259,-1.461986,-0.059428,-1.412461,-2.123903,58.127201,0.21239,-0.141246,0.0
11.78,-0.5,-0.000778,-0.270315,1.682522,0.207897,1.818918,0.494969,0.28301,-0.22988,-0.355095,-0.123005,-1.930988,-2.982799,81.37076,-0.245783,-1.454846,-0.059163,-1.379277,-2.13057,58.121972,0.213057,-0.137928,0.0
11.8,-0.499986,0.015222,-0.266941,1.691118,0.211528,1.812208,0.495519,0.267162,-0.224326,-0.356194,-0.123874,-1.884338,-2.992026,81.363456,-0.244323,-1.447678,-0.058895,-1.345956,-2.137161,58.116754,0.213716,-0.134596,0.0
11.82,-0.499939,0.031221,-0.26355,1.699606,0.215145,1.805381,0.496037,0.251297,-0.21875,-0.357279,-0.124742,-1.8375,-3.001145,81.356168,-0.24288,-1.440481,-0.058623,-1.3125,-2.143675,58.111548,0.214367,-0.13125,0.0
11.84,-0.499861,0.047218,-0.260143,1.707985,0.218749,1.798438,0.496524,0.235416,-0.213152,-0.358352,-0.125608,-1.790478,-3.010156,81.348896,-0.241453,-1.433257,-0.058349,-1.278913,-2.150111,58.106355,0.215011,-0.127891,0.0
11.86,-0.49975,0.063212,-0.256719,1.716255,0.222339,1.791381,0.496979,0.21952,-0.207533,-0.359412,-0.126471,-1.743277,-3.019059,81.341642,-0.240042,-1.426005,-0.058072,-1.245198,-2.156471,58.101173,0.215647,-0.12452,0.0
11.88,-0.499608,0.079201,-0.253278,1.724415,0.225915,1.784209,0.497402,0.20361,-0.201893,-0.360459,-0.127333,-1.695901,-3.027853,81.334405,-0.238649,-1.418728,-0.057791,-1.211358,-2.162752,58.096003,0.216275,-0.121136,0.0
11.9,-0.499433,0.095186,-0.249821,1.732464,0.229476,1.776923,0.497793,0.187687,-0.196233,-0.361493,-0.128192,-1.648356,-3.036538,81.327184,-0.237272,-1.411425,-0.057508,-1.177397,-2.168956,58.090846,0.216896,-0.11774,0.0
11.92,-0.499227,0.111165,-0.246348,1.740403,0.233022,1.769523,0.498153,0.171751,-0.190553,-0.362514,-0.12905,-1.600646,-3.045114,81.319981,-0.235911,-1.404098,-0.057221,-1.143319,-2.175081,58.085701,0.217508,-0.114332,0.0
11.94,-0.498989,0.127136,-0.242859,1.74823,0.236554,1.762009,0.49848,0.155805,-0.184854,-0.363521,-0.129905,-1.552776,-3.05358,81.312796,-0.234568,-1.396746,-0.056932,-1.109126,-2.181128,58.080568,0.218113,-0.110913,0.0
11.96,-0.498719,0.1431,-0.239355,1.755946,0.24007,1.754383,0.498776,0.139849,-0.179137,-0.364516,-0.130759,-1.504751,-3.061936,81.305628,-0.233241,-1.389371,-0.05664,-1.074822,-2.187097,58.075448,0.21871,-0.107482,0.0
11.98,-0.498416,0.159054,-0.235836,1.763549,0.243571,1.746645,0.49904,0.123884,-0.173402,-0.365498,-0.13161,-1.456575,-3.070182,81.298477,-0.231931,-1.381974,-0.056345,-1.040411,-2.192987,58.070341,0.219299,-0.104041,0.0
12.0,-0.498082,0.174998,-0.232301,1.771039,0.247057,1.738795,0.499272,0.107911,-0.167649,-0.366466,-0.132459,-1.408254,-3.078318,81.291344,-0.230638,-1.374555,-0.056047,-1.005896,-2.198798,58.065246,0.21988,-0.10059,0.0
12.02,-0.497716,0.190931,-0.228752,1.778416,0.250526,1.730834,0.499472,0.091931,-0.16188,-0.367422,-0.133306,-1.359792,-3.086342,81.284229,-0.229362,-1.367115,-0.055746,-0.97128,-2.20453,58.060164,0.220453,-0.097128,0.0
12.04,-0.497319,0.206851,-0.225188,1.785679,0.25398,1.722761,0.499639,0.075945,-0.156094,-0.368364,-0.134151,-1.311194,-3.094256,81.277132,-0.228102,-1.359654,-0.055442,-0.936567,-2.210183,58.055094,0.221018,-0.093657,0.0
12.06,-0.496889,0.222759,-0.221609,1.792828,0.257417,1.714579,0.499775,0.059954,-0.150293,-0.369293,-0.134994,-1.262464,-3.102058,81.270053,-0.22686,-1.352174,-0.055136,-0.90176,-2.215756,58.050038,0.221576,-0.090176,0.0
12.08,-0.496428,0.238652,-0.218016,1.799862,0.260838,1.706287,0.499879,0.04396,-0.144477,-0.370208,-0.135834,-1.213609,-3.109748,81.262992,-0.225635,-1.344675,-0.054827,-0.866864,-2.221249,58.044994,0.222125,-0.086686,0.0
12.1,-0.495934,0.25453,-0.21441,1.806781,0.264242,1.697886,0.499951,0.027962,-0.138647,-0.37111,-0.136673,-1.164632,-3.117327,81.255949,-0.224427,-1.337158,-0.054516,-0.83188,-2.226662,58.039963,0.222666,-0.083188,0.0
12.12,-0.495409,0.270391,-0.210789,1.813584,0.26763,1.689376,0.499991,0.011963,-0.132802,-0.371999,-0.137509,-1.115539,-3.124793,81.248924,-0.223236,-1.329623,-0.054202,-0.796813,-2.231995,58.034946,0.2232,-0.079681,0.0
12.14,-0.494853,0.286236,-0.207155,1.820271,0.271,1.680757,0.499999,-0.004037,-0.126944,-0.372875,-0.138343,-1.066334,-3.132147,81.241918,-0.222063,-1.322072,-0.053885,-0.761667,-2.237248,58.029942,0.223725,-0.076167,0.0
12.16,-0.494265,0.302062,-0.203508,1.826842,0.274353,1.672032,0.499975,-0.020036,-0.121074,-0.373737,-0.139175,-1.017022,-3.139388,81.234931,-0.220906,-1.314505,-0.053566,-0.726444,-2.24242,58.024951,0.224242,-0.072644,0.0
12.18,-0.493645,0.317868,-0.199848,1.833295,0.277688,1.663199,0.499919,-0.036035,-0.115192,-0.374585,-0.140004,-0.967609,-3.146516,81.227963,-0.219767,-1.306923,-0.053244,-0.691149,-2.247512,58.019973,0.224751,-0.069115,0.0
12.2,-0.492993,0.333655,-0.196175,1.839632,0.281005,1.65426,0.499831,-0.052031,-0.109298,-0.37542,-0.140832,-0.918099,-3.153531,81.221013,-0.218645,-1.299327,-0.05292,-0.655785,-2.252522,58.015009,0.225252,-0.065579,0.0
12.22,-0.49231,0.34942,-0.19249,1.84585,0.284305,1.645215,0.499711,-0.068024,-0.103393,-0.376242,-0.141657,-0.868497,-3.160432,81.214082,-0.217541,-1.291716,-0.052593,-0.620355,-2.257452,58.010058,0.225745,-0.062036,0.0
12.24,-0.491595,0.365162,-0.188792,1.851951,0.287586,1.636065,0.499559,-0.084012,-0.097477,-0.37705,-0.14248,-0.818809,-3.16722,81.20717,-0.216454,-1.284093,-0.052264,-0.584863,-2.2623,58.005121,0.22623,-0.058486,0.0
12.26,-0.490849,0.380881,-0.185082,1.857933,0.290849,1.62681,0.499375,-0.099995,-0.091552,-0.377844,-0.1433,-0.769038,-3.173893,81.200277,-0.215384,-1.276458,-0.051933,-0.549313,-2.267066,58.000198,0.226707,-0.054931,0.0
12.28,-0.490072,0.396576,-0.18136,1.863796,0.294093,1.617451,0.499159,-0.115972,-0.085618,-0.378625,-0.144119,-0.719191,-3.180452,81.193404,-0.214332,-1.268812,-0.0516,-0.513708,-2.271752,57.995288,0.227175,-0.051371,0.0
12.3,-0.489263,0.412246,-0.177627,1.86954,0.297319,1.607988,0.498911,-0.131941,-0.079675,-0.379392,-0.144935,-0.669271,-3.186897,81.18655,-0.213297,-1.261155,-0.051264,-0.478051,-2.276355,57.990393,0.227635,-0.047805,0.0
12.32,-0.488423,0.427889,-0.173882,1.875164,0.300525,1.598422,0.498631,-0.147902,-0.073724,-0.380146,-0.145748,-0.619285,-3.193227,81.179715,-0.21228,-1.253488,-0.050926,-0.442346,-2.280876,57.985511,0.228088,-0.044235,0.0
12.34,-0.487552,0.443504,-0.170126,1.880668,0.303712,1.588754,0.498319,-0.163853,-0.067766,-0.380886,-0.146559,-0.569237,-3.199442,81.1729,-0.211281,-1.245812,-0.050585,-0.406598,-2.285316,57.980643,0.228532,-0.04066,0.0
12.36,-0.486649,0.459092,-0.166359,1.886052,0.30688,1.578985,0.497976,-0.179794,-0.061801,-0.381612,-0.147368,-0.519132,-3.205542,81.166105,-0.210299,-1.238127,-0.050243,-0.370808,-2.289673,57.975789,0.228967,-0.037081,0.0
12.38,-0.485715,0.47465,-0.162582,1.891315,0.310028,1.569114,0.4976,-0.195723,-0.05583,-0.382325,-0.148175,-0.468975,-3.211526,81.159329,-0.209335,-1.230435,-0.049899,-0.334982,-2.293947,57.97095,0.229395,-0.033498,0.0
12.4,-0.48475,0.490177,-0.158794,1.896457,0.313157,1.559143,0.497193,-0.21164,-0.049854,-0.383023,-0.148979,-0.418771,-3.217395,81.152574,-0.208388,-1.222736,-0.049552,-0.299122,-2.298139,57.966124,0.229814,-0.029912,0.0
12.42,-0.483754,0.505673,-0.154996,1.901478,0.316265,1.549073,0.496753,-0.227543,-0.043872,-0.383708,-0.149781,-0.368525,-3.223148,81.145838,-0.207459,-1.215031,-0.049204,-0.263232,-2.302248,57.961313,0.230225,-0.026323,0.0
12.44,-0.482728,0.521137,-0.151188,1.906377,0.319353,1.538903,0.496282,-0.243432,-0.037886,-0.384379,-0.150581,-0.318242,-3.228785,81.139123,-0.206548,-1.207321,-0.048853,-0.227316,-2.306275,57.956516,0.230627,-0.022732,0.0
12.46,-0.48167,0.536567,-0.147371,1.911154,0.32242,1.528634,0.49578,-0.259305,-0.031896,-0.385036,-0.151378,-0.267928,-3.234306,81.132428,-0.205655,-1.199607,-0.048501,-0.191377,-2.310218,57.951734,0.231022,-0.019138,0.0
12.48,-0.480581,0.551964,-0.143544,1.915809,0.325467,1.518268,0.495245,-0.275161,-0.025903,-0.38568,-0.152172,-0.217586,-3.23971,81.125753,-0.204779,-1.191888,-0.048147,-0.155419,-2.314078,57.946966,0.231408,-0.015542,0.0
12.5,-0.479462,0.567324,-0.139708,1.920341,0.328493,1.507805,0.494679,-0.291,-0.019908,-0.386309,-0.152964,-0.167223,-3.244997,81.119098,-0.203921,-1.184167,-0.04779,-0.119445,-2.317855,57.942213,0.231786,-0.011945,0.0
12.52,-0.478312,0.582649,-0.135863,1.92475,0.331498,1.497245,0.494081,-0.30682,-0.01391,-0.386925,-0.153754,-0.116843,-3.250168,81.112465,-0.203081,-1.176443,-0.047432,-0.08346,-2.321549,57.937475,0.232155,-0.008346,0.0
12.54,-0.477132,0.597936,-0.132009,1.929036,0.334482,1.486589,0.493452,-0.322621,-0.007911,-0.387526,-0.154541,-0.066452,-3.255222,81.105851,-0.202259,-1.168718,-0.047073,-0.047466,-2.325159,57.932751,0.232516,-0.004747,0.0
12.56,-0.47592,0.613185,-0.128147,1.933198,0.337445,1.475838,0.492791,-0.338401,-0.001911,-0.388114,-0.155326,-0.016054,-3.260159,81.099259,-0.201455,-1.160992,-0.046711,-0.011467,-2.328685,57.928042,0.232868,-0.001147,0.0
12.58,-0.474679,0.628395,-0.124276,1.937237,0.340386,1.464993,0.492098,-0.354159,0.004089,-0.388688,-0.156109,0.034346,-3.264978,81.092688,-0.200669,-1.153266,-0.046348,0.024533,-2.332127,57.923348,0.233213,0.002453,-0.0
12.6,-0.473407,0.643564,-0.120398,1.941152,0.343305,1.454054,0.491374,-0.369895,0.010088,-0.389248,-0.156888,0.084742,-3.26968,81.086137,-0.199901,-1.145541,-0.045983,0.06053,-2.335486,57.918669,0.233549,0.006053,-0.0
12.62,-0.472105,0.658692,-0.116512,1.944942,0.346202,1.443021,0.490619,-0.385607,0.016087,-0.389793,-0.157666,0.13513,-3.274264,81.079608,-0.199151,-1.137818,-0.045617,0.096521,-2.33876,57.914005,0.233876,0.009652,-0.0
12.64,-0.470772,0.673778,-0.112618,1.948608,0.349077,1.431897,0.489832,-0.401294,0.022084,-0.390325,-0.158441,0.185504,-3.27873,81.073099,-0.198419,-1.130097,-0.045249,0.132503,-2.34195,57.909357,0.234195,0.01325,-0.0
12.66,-0.46941,0.688821,-0.108717,1.95215,0.351929,1.420681,0.489014,-0.416956,0.028079,-0.390843,-0.159213,0.23586,-3.283078,81.066612,-0.197705,-1.122379,-0.044879,0.168471,-2.345056,57.904723,0.234506,0.016847,-0.0
12.68,-0.468017,0.70382,-0.10481,1.955566,0.354759,1.409374,0.488164,-0.432591,0.03407,-0.391346,-0.159983,0.286192,-3.287308,81.060147,-0.197009,-1.114664,-0.044508,0.204423,-2.348077,57.900105,0.234808,0.020442,-0.0
12.7,-0.466594,0.718774,-0.100895,1.958858,0.357567,1.397976,0.487283,-0.448198,0.040059,-0.391836,-0.16075,0.336496,-3.29142,81.053703,-0.196331,-1.106955,-0.044136,0.240354,-2.351014,57.895502,0.235101,0.024035,-0.0
12.72,-0.465142,0.733682,-0.096974,1.962023,0.360351,1.38649,0.486371,-0.463776,0.046044,-0.392311,-0.161514,0.386765,-3.295413,81.04728,-0.195671,-1.099251,-0.043762,0.276261,-2.353866,57.890914,0.235387,0.027626,-0.0
12.74,-0.46366,0.748543,-0.093047,1.965064,0.363113,1.374914,0.485428,-0.479325,0.052023,-0.392772,-0.162276,0.436997,-3.299287,81.040879,-0.19503,-1.091553,-0.043387,0.31214,-2.356634,57.886342,0.235663,0.031214,-0.0
12.76,-0.462148,0.763356,-0.089114,1.967978,0.365851,1.363251,0.484454,-0.494844,0.057998,-0.393219,-0.163036,0.487184,-3.303043,81.0345,-0.194406,-1.083862,-0.04301,0.347989,-2.359316,57.881786,0.235932,0.034799,-0.0
12.78,-0.460606,0.77812,-0.085175,1.970767,0.368565,1.3515,0.483449,-0.51033,0.063967,-0.393652,-0.163792,0.537323,-3.30668,81.028143,-0.193801,-1.076179,-0.042633,0.383802,-2.361914,57.877245,0.236191,0.03838,-0.0
12.8,-0.459035,0.792834,-0.081231,1.97343,0.371257,1.339663,0.482413,-0.525784,0.06993,-0.394071,-0.164547,0.587408,-3.310197,81.021808,-0.193214,-1.068504,-0.042254,0.419577,-2.364427,57.87272,0.236443,0.041958,-0.0
12.82,-0.457435,0.807498,-0.077282,1.975966,0.373924,1.32774,0.481346,-0.541204,0.075885,-0.394476,-0.165298,0.637434,-3.313596,81.015496,-0.192645,-1.060838,-0.041873,0.45531,-2.366854,57.868211,0.236685,0.045531,-0.0
12.84,-0.455805,0.82211,-0.073327,1.978376,0.376568,1.315732,0.480248,-0.55659,0.081833,-0.394866,-0.166047,0.687397,-3.316875,81.009205,-0.192095,-1.053183,-0.041492,0.490998,-2.369197,57.863718,0.23692,0.0491,-0.0
12.86,-0.454146,0.836669,-0.069368,1.980659,0.379187,1.30364,0.479119,-0.57194,0.087773,-0.395242,-0.166793,0.737291,-3.320035,81.002936,-0.191563,-1.045538,-0.041109,0.526636,-2.371454,57.85924,0.237145,0.052664,-0.0
12.88,-0.452459,0.851175,-0.065405,1.982815,0.381782,1.291464,0.47796,-0.587253,0.093704,-0.395604,-0.167537,0.787111,-3.323075,80.99669,-0.191049,-1.037905,-0.040726,0.562222,-2.373625,57.854779,0.237363,0.056222,-0.0
12.9,-0.450742,0.865626,-0.061437,1.984845,0.384353,1.279206,0.47677,-0.602529,0.099625,-0.395952,-0.168278,0.836852,-3.325996,80.990467,-0.190553,-1.030283,-0.040341,0.597752,-2.375712,57.850334,0.237571,0.059775,-0.0
12.92,-0.448996,0.880022,-0.057465,1.986747,0.386899,1.266866,0.47555,-0.617766,0.105537,-0.396285,-0.169016,0.88651,-3.328797,80.984266,-0.190076,-1.022675,-0.039956,0.633221,-2.377712,57.845904,0.237771,0.063322,-0.0
12.94,-0.447222,0.894362,-0.05349,1.988522,0.38942,1.254445,0.474299,-0.632964,0.111438,-0.396605,-0.169751,0.936079,-3.331478,80.978088,-0.189617,-1.015081,-0.039569,0.668628,-2.379627,57.841492,0.237963,0.066863,-0.0
12.96,-0.445419,0.908644,-0.049511,1.99017,0.391917,1.241943,0.473018,-0.648121,0.117328,-0.396909,-0.170484,0.985554,-3.33404,80.971933,-0.189176,-1.007501,-0.039182,0.703967,-2.381457,57.837095,0.238146,0.070397,-0.0
12.98,-0.443587,0.922868,-0.045529,1.991691,0.394388,1.229362,0.471707,-0.663236,0.123206,-0.3972,-0.171214,1.034931,-3.336481,80.9658,-0.188754,-0.999936,-0.038793,0.739237,-2.3832,57.832715,0.23832,0.073924,-0.0
13.0,-0.441727,0.937033,-0.041545,1.993084,0.396834,1.216703,0.470365,-0.67831,0.129072,-0.397476,-0.171942,1.084205,-3.338802,80.959691,-0.18835,-0.992387,-0.038404,0.774432,-2.384858,57.828351,0.238486,0.077443,-0.0
13.02,-0.439839,0.951138,-0.037557,1.99435,0.399255,1.203965,0.468994,-0.69334,0.134925,-0.397738,-0.172666,1.13337,-3.341003,80.953605,-0.187965,-0.984856,-0.038014,0.80955,-2.38643,57.824003,0.238643,0.080955,-0.0
13.04,-0.437923,0.965183,-0.033567,1.995488,0.40165,1.191151,0.467592,-0.708325,0.140764,-0.397986,-0.173388,1.182421,-3.343083,80.947542,-0.187598,-0.977341,-0.037623,0.844587,-2.387917,57.819673,0.238792,0.084459,-0.0
13.06,-0.435978,0.979165,-0.029575,1.996498,0.404019,1.17826,0.46616,-0.723265,0.14659,-0.398219,-0.174107,1.231355,-3.345044,80.941502,-0.187249,-0.969845,-0.037232,0.879539,-2.389317,57.815359,0.238932,0.087954,-0.0
13.08,-0.434006,0.993085,-0.025581,1.997381,0.406363,1.165294,0.464699,-0.738159,0.152401,-0.398438,-0.174823,1.280165,-3.346883,80.935486,-0.186919,-0.962368,-0.03684,0.914404,-2.390631,57.811061,0.239063,0.09144,-0.0
13.1,-0.432006,1.006941,-0.021586,1.998135,0.40868,1.152253,0.463208,-0.753006,0.158196,-0.398643,-0.175537,1.328847,-3.348603,80.929493,-0.186607,-0.95491,-0.036447,0.949177,-2.391859,57.806781,0.239186,0.094918,-0.0
13.12,-0.429978,1.020733,-0.017589,1.998762,0.410972,1.139138,0.461687,-0.767804,0.163976,-0.398834,-0.176247,1.377397,-3.350202,80.923524,-0.186314,-0.947473,-0.036054,0.983855,-2.393001,57.802517,0.2393,0.098385,-0.0
13.14,-0.427923,1.03446,-0.013591,1.999261,0.413237,1.125951,0.460137,-0.782553,0.169739,-0.399009,-0.176955,1.425808,-3.35168,80.917578,-0.186039,-0.940057,-0.03566,1.018435,-2.394057,57.79827,0.239406,0.101843,-0.0
13.16,-0.425841,1.04812,-0.009592,1.999632,0.415475,1.112692,0.458557,-0.797252,0.175485,-0.399171,-0.17766,1.474077,-3.353037,80.911656,-0.185783,-0.932663,-0.035266,1.052912,-2.395027,57.79404,0.239503,0.105291,-0.0
13.18,-0.423731,1.061713,-0.005593,1.999875,0.417688,1.099361,0.456948,-0.8119,0.181214,-0.399318,-0.178362,1.522199,-3.354274,80.905758,-0.185545,-0.925292,-0.034871,1.087285,-2.39591,57.789827,0.239591,0.108729,-0.0
13.2,-0.421594,1.075238,-0.001593,1.99999,0.419873,1.08596,0.455309,-0.826497,0.186925,-0.399451,-0.179061,1.570168,-3.35539,80.899884,-0.185326,-0.917944,-0.034476,1.121549,-2.396707,57.785632,0.239671,0.112155,-0.0
13.22,-0.41943,1.088695,0.002407,1.999977,0.422031,1.072489,0.453642,-0.84104,0.192617,-0.39957,-0.179758,1.617981,-3.356385,80.894034,-0.185125,-0.910621,-0.03408,1.155701,-2.397418,57.781453,0.239742,0.11557,-0.0
13.24,-0.417239,1.102082,0.006407,1.999836,0.424163,1.05895,0.451945,-0.855529,0.198289,-0.399674,-0.180451,1.665632,-3.35726,80.888209,-0.184942,-0.903322,-0.033684,1.189737,-2.398043,57.777292,0.239804,0.118974,-0.0
13.26,-0.415022,1.115398,0.010407,1.999567,0.426267,1.045343,0.45022,-0.869964,0.203942,-0.399764,-0.181142,1.713116,-3.358013,80.882407,-0.184779,-0.896048,-0.033288,1.223654,-2.398581,57.773148,0.239858,0.122365,-0.0
13.28,-0.412778,1.128643,0.014405,1.99917,0.428344,1.031669,0.448465,-0.884343,0.209575,-0.399839,-0.18183,1.760428,-3.358646,80.87663,-0.184633,-0.888801,-0.032891,1.257449,-2.399033,57.769022,0.239903,0.125745,-0.0
13.3,-0.410507,1.141815,0.018403,1.998645,0.430394,1.017929,0.446682,-0.898666,0.215186,-0.3999,-0.182515,1.807565,-3.359158,80.870877,-0.184506,-0.881581,-0.032495,1.291118,-2.399399,57.764912,0.23994,0.129112,-0.0
13.32,-0.40821,1.154915,0.0224,1.997992,0.432416,1.004124,0.444871,-0.912931,0.220776,-0.399946,-0.183197,1.854521,-3.359549,80.865149,-0.184398,-0.874389,-0.032098,1.324658,-2.399678,57.760821,0.239968,0.132466,-0.0
13.34,-0.405888,1.167941,0.026395,1.997211,0.43441,0.990255,0.443031,-0.927137,0.226344,-0.399978,-0.183876,1.901291,-3.359819,80.859446,-0.184308,-0.867225,-0.031701,1.358065,-2.39987,57.756747,0.239987,0.135807,-0.0
13.36,-0.403539,1.180891,0.030389,1.996303,0.436377,0.976322,0.441162,-0.941284,0.23189,-0.399996,-0.184552,1.947872,-3.359968,80.853767,-0.184237,-0.86009,-0.031303,1.391337,-2.399977,57.752691,0.239998,0.139134,-0.0
13.38,-0.401164,1.193767,0.03438,1.995266,0.438315,0.962327,0.439265,-0.955371,0.237412,-0.399999,-0.185225,1.994257,-3.359996,80.848113,-0.184184,-0.852985,-0.030906,1.42447,-2.399997,57.748652,0.24,0.142447,-0.0
13.4,-0.398764,1.206566,0.03837,1.994102,0.440226,0.948271,0.437341,-0.969397,0.24291,-0.399988,-0.185895,2.040444,-3.359903,80.842484,-0.18415,-0.845911,-0.030509,1.45746,-2.39993,57.744631,0.239993,0.145746,-0.0
13.42,-0.396338,1.219287,0.042357,1.992811,0.442108,0.934153,0.435388,-0.983361,0.248384,-0.399963,-0.186562,2.086426,-3.359689,80.83688,-0.184135,-0.838868,-0.030112,1.490304,-2.399778,57.740628,0.239978,0.14903,-0.0
13.44,-0.393887,1.231931,0.046341,1.991392,0.443963,0.919976,0.433407,-0.997261,0.253833,-0.399923,-0.187226,2.132199,-3.359354,80.831301,-0.184138,-0.831857,-0.029715,1.522999,-2.399539,57.736643,0.239954,0.1523,-0.0
13.46,-0.39141,1.244496,0.050322,1.989845,0.445788,0.90574,0.431399,-1.011098,0.259257,-0.399869,-0.187887,2.177759,-3.358898,80.825747,-0.184159,-0.824879,-0.029318,1.555542,-2.399213,57.732676,0.239921,0.155554,-0.0
13.48,-0.388909,1.256981,0.0543,1.988171,0.447585,0.891446,0.429363,-1.024871,0.264655,-0.3998,-0.188545,2.223102,-3.358321,80.820218,-0.184199,-0.817933,-0.028921,1.58793,-2.398801,57.728727,0.23988,0.158793,-0.0
13.5,-0.386382,1.269386,0.058275,1.98637,0.449354,0.877095,0.427299,-1.038577,0.270026,-0.399717,-0.189201,2.268222,-3.357624,80.814715,-0.184257,-0.811022,-0.028524,1.620159,-2.398303,57.724796,0.23983,0.162016,-0.0
13.52,-0.383831,1.281709,0.062245,1.984442,0.451094,0.862687,0.425209,-1.052218,0.275371,-0.39962,-0.189853,2.313115,-3.356805,80.809237,-0.184334,-0.804146,-0.028128,1.652225,-2.397718,57.720883,0.239772,0.165223,-0.0
13.54,-0.381255,1.293951,0.066212,1.982386,0.452805,0.848225,0.423091,-1.06579,0.280688,-0.399508,-0.190502,2.357778,-3.355866,80.803785,-0.18443,-0.797305,-0.027731,1.684127,-2.397047,57.716989,0.239705,0.168413,-0.0
13.56,-0.378655,1.306109,0.070175,1.980204,0.454487,0.833708,0.420946,-1.079295,0.285977,-0.399382,-0.191148,2.402204,-3.354806,80.798358,-0.184544,-0.7905,-0.027335,1.71586,-2.39629,57.713113,0.239629,0.171586,-0.0
13.58,-0.376031,1.318184,0.074133,1.977895,0.45614,0.819138,0.418773,-1.092731,0.291237,-0.399241,-0.191791,2.44639,-3.353625,80.792957,-0.184676,-0.783732,-0.02694,1.747421,-2.395446,57.709255,0.239545,0.174742,-0.0
13.6,-0.373383,1.330175,0.078086,1.97546,0.457763,0.804516,0.416575,-1.106096,0.296468,-0.399086,-0.192431,2.490331,-3.352323,80.787581,-0.184827,-0.777001,-0.026545,1.778808,-2.394517,57.705415,0.239452,0.177881,-0.0
13.62,-0.37071,1.342081,0.082035,1.972898,0.459358,0.789842,0.414349,-1.119391,0.301669,-0.398917,-0.193068,2.534024,-3.350901,80.782232,-0.184997,-0.770308,-0.02615,1.810017,-2.393501,57.701594,0.23935,0.181002,-0.0
13.64,-0.368014,1.3539,0.085978,1.970209,0.460923,0.775117,0.412097,-1.132614,0.306841,-0.398733,-0.193701,2.577463,-3.349358,80.776908,-0.185185,-0.763654,-0.025755,1.841045,-2.392399,57.697792,0.23924,0.184104,-0.0
13.66,-0.365295,1.365633,0.089916,1.967395,0.462458,0.760343,0.409819,-1.145765,0.311981,-0.398535,-0.194332,2.620644,-3.347694,80.771611,-0.185392,-0.75704,-0.025362,1.871889,-2.39121,57.694008,0.239121,0.187189,-0.0
13.68,-0.362552,1.377279,0.093847,1.964455,0.463964,0.74552,0.407514,-1.158842,0.317091,-0.398323,-0.19496,2.663563,-3.34591,80.76634,-0.185616,-0.750465,-0.024968,1.902545,-2.389936,57.690243,0.238994,0.190255,-0.0
13.7,-0.359786,1.388836,0.097773,1.961389,0.46544,0.730649,0.405183,-1.171846,0.322169,-0.398096,-0.195584,2.706216,-3.344006,80.761095,-0.18586,-0.743932,-0.024575,1.933011,-2.388576,57.686496,0.238858,0.193301,-0.0
13.72,-0.356997,1.400305,0.101693,1.958197,0.466886,0.715732,0.402827,-1.184774,0.327214,-0.397855,-0.196205,2.748598,-3.341981,80.755876,-0.186122,-0.737439,-0.024183,1.963284,-2.387129,57.682768,0.238713,0.196328,-0.0
13.74,-0.354185,1.411684,0.105606,1.954881,0.468303,0.700769,0.400444,-1.197626,0.332227,-0.397599,-0.196823,2.790705,-3.339836,80.750683,-0.186402,-0.730989,-0.023792,1.993361,-2.385597,57.679059,0.23856,0.199336,-0.0
13.76,-0.35135,1.422973,0.109512,1.951439,0.46969,0.685761,0.398036,-1.210402,0.337206,-0.39733,-0.197438,2.832534,-3.33757,80.745517,-0.186701,-0.724581,-0.023401,2.023238,-2.383979,57.675369,0.238398,0.202324,-0.0
13.78,-0.348493,1.43417,0.113412,1.947872,0.471046,0.670709,0.395603,-1.2231,0.342152,-0.397046,-0.19805,2.874079,-3.335185,80.740378,-0.187018,-0.718216,-0.023011,2.052913,-2.382275,57.671698,0.238227,0.205291,-0.0
13.8,-0.345613,1.445276,0.117304,1.94418,0.472372,0.655614,0.393144,-1.23572,0.347064,-0.396748,-0.198659,2.915336,-3.332679,80.735265,-0.187354,-0.711896,-0.022621,2.082383,-2.380485,57.668046,0.238049,0.208238,-0.0
13.82,-0.342712,1.456289,0.121188,1.940365,0.473668,0.640478,0.39066,-1.248261,0.351941,-0.396435,-0.199264,2.956303,-3.330053,80.730179,-0.187708,-0.70562,-0.022232,2.111645,-2.37861,57.664413,0.237861,0.211164,-0.0
13.84,-0.339788,1.467209,0.125065,1.936424,0.474934,0.6253,0.388151,-1.260722,0.356782,-0.396108,-0.199867,2.996973,-3.327308,80.725119,-0.18808,-0.699389,-0.021845,2.140695,-2.376648,57.6608,0.237665,0.214069,-0.0
13.86,-0.336843,1.478035,0.128934,1.93236,0.47617,0.610082,0.385617,-1.273103,0.361589,-0.395767,-0.200466,3.037344,-3.324443,80.720087,-0.188471,-0.693203,-0.021458,2.169531,-2.374602,57.657205,0.23746,0.216953,-0.0
13.88,-0.333876,1.488767,0.132794,1.928173,0.477375,0.594826,0.383059,-1.285402,0.366358,-0.395412,-0.201062,3.077411,-3.321458,80.715081,-0.18888,-0.687065,-0.021072,2.198151,-2.37247,57.653629,0.237247,0.219815,-0.0
13.9,-0.330888,1.499403,0.136646,1.923862,0.478549,0.579531,0.380476,-1.297618,0.371092,-0.395042,-0.201654,3.11717,-3.318353,80.710103,-0.189307,-0.680973,-0.020686,2.22655,-2.370252,57.650073,0.237025,0.222655,-0.0
13.92,-0.327879,1.509943,0.14049,1.919427,0.479693,0.564199,0.377868,-1.309752,0.375788,-0.394658,-0.202244,3.156618,-3.315129,80.705151,-0.189753,-0.674929,-0.020302,2.254727,-2.367949,57.646537,0.236795,0.225473,-0.0
13.94,-0.324848,1.520387,0.144324,1.91487,0.480806,0.548831,0.375237,-1.321801,0.380446,-0.39426,-0.20283,3.19575,-3.311786,80.700227,-0.190217,-0.668933,-0.019919,2.282678,-2.365561,57.643019,0.236556,0.228268,-0.0
13.96,-0.321797,1.530734,0.148149,1.910191,0.481888,0.533427,0.372581,-1.333767,0.385067,-0.393848,-0.203413,3.234562,-3.308323,80.69533,-0.1907,-0.662985,-0.019537,2.310401,-2.363088,57.639521,0.236309,0.23104,-0.0
13.98,-0.318725,1.540982,0.151965,1.905389,0.482939,0.51799,0.369902,-1.345646,0.389649,-0.393422,-0.203993,3.273051,-3.304741,80.69046,-0.1912,-0.657087,-0.019156,2.337893,-2.36053,57.636043,0.236053,0.233789,-0.0
14.0,-0.315633,1.551132,0.155771,1.900465,0.48396,0.50252,0.367199,-1.35744,0.394192,-0.392981,-0.204569,3.311212,-3.301041,80.685618,-0.191719,-0.65124,-0.018776,2.365152,-2.357886,57.632584,0.235789,0.236515,-0.0
14.02,-0.312521,1.561182,0.159567,1.89542,0.484949,0.487017,0.364472,-1.369147,0.398696,-0.392526,-0.205142,3.349043,-3.297221,80.680803,-0.192256,-0.645442,-0.018397,2.392174,-2.355158,57.629145,0.235516,0.239217,-0.0
14.04,-0.309389,1.571133,0.163352,1.890253,0.485908,0.471483,0.361722,-1.380766,0.403159,-0.392058,-0.205712,3.386539,-3.293283,80.676016,-0.192812,-0.639696,-0.018019,2.418956,-2.352345,57.625726,0.235235,0.241896,-0.0
14.06,-0.306237,1.580983,0.167128,1.884965,0.486835,0.455919,0.358949,-1.392297,0.407583,-0.391575,-0.206279,3.423695,-3.289226,80.671257,-0.193385,-0.634001,-0.017643,2.445497,-2.349447,57.622326,0.234945,0.24455,-0.0
14.08,-0.303065,1.590732,0.170892,1.879557,0.487732,0.440326,0.356153,-1.403739,0.411965,-0.391078,-0.206842,3.46051,-3.285051,80.666525,-0.193977,-0.628359,-0.017268,2.471793,-2.346465,57.618946,0.234647,0.247179,-0.0
14.1,-0.299874,1.600379,0.174646,1.874028,0.488597,0.424705,0.353334,-1.41509,0.416307,-0.390566,-0.207402,3.496979,-3.280758,80.661821,-0.194587,-0.622769,-0.016894,2.497842,-2.343398,57.615586,0.23434,0.249784,-0.0
14.12,-0.296663,1.609924,0.178388,1.86838,0.48943,0.409056,0.350493,-1.426352,0.420607,-0.390041,-0.207959,3.533097,-3.276346,80.657145,-0.195215,-0.617233,-0.016521,2.523641,-2.340247,57.612246,0.234025,0.252364,-0.0
14.14,-0.293434,1.619365,0.182119,1.862612,0.490233,0.393382,0.347629,-1.437522,0.424865,-0.389502,-0.208512,3.568863,-3.271817,80.652496,-0.195861,-0.611751,-0.01615,2.549188,-2.337012,57.608926,0.233701,0.254919,-0.0
14.16,-0.290186,1.628703,0.185838,1.856724,0.491004,0.377682,0.344743,-1.4486,0.42908,-0.388949,-0.209062,3.604271,-3.26717,80.647876,-0.196525,-0.606323,-0.01578,2.57448,-2.333693,57.605626,0.233369,0.257448,-0.0
14.18,-0.286919,1.637937,0.189546,1.850718,0.491743,0.361958,0.341834,-1.459585,0.433252,-0.388382,-0.209609,3.63932,-3.262405,80.643284,-0.197207,-0.60095,-0.015412,2.599514,-2.330289,57.602346,0.233029,0.259951,-0.0
14.2,-0.283634,1.647066,0.193241,1.844593,0.492452,0.34621,0.338904,-1.470477,0.437381,-0.3878,-0.210152,3.674004,-3.257522,80.63872,-0.197907,-0.595633,-0.015045,2.624289,-2.326802,57.599086,0.23268,0.262429,-0.0
14.22,-0.280331,1.656089,0.196924,1.838351,0.493128,0.330441,0.335953,-1.481275,0.441467,-0.387205,-0.210692,3.708321,-3.252523,80.634185,-0.198625,-0.590371,-0.014679,2.648801,-2.323231,57.595846,0.232323,0.26488,-0.0
14.24,-0.27701,1.665007,0.200595,1.83199,0.493773,0.314651,0.332979,-1.491978,0.445508,-0.386596,-0.211229,3.742267,-3.247406,80.629677,-0.199361,-0.585166,-0.014315,2.673048,-2.319576,57.592627,0.231958,0.267305,-0.0
14.26,-0.273671,1.673818,0.204252,1.825513,0.494387,0.29884,0.329985,-1.502585,0.449505,-0.385973,-0.211762,3.775839,-3.242172,80.625198,-0.200116,-0.580019,-0.013952,2.697028,-2.315837,57.589427,0.231584,0.269703,-0.0
14.28,-0.270315,1.682522,0.207897,1.818918,0.494969,0.28301,0.326969,-1.513096,0.453456,-0.385336,-0.212292,3.809033,-3.236822,80.620748,-0.200888,-0.574929,-0.013591,2.720738,-2.312016,57.586248,0.231202,0.272074,-0.0
14.3,-0.266941,1.691118,0.211528,1.812208,0.495519,0.267162,0.323932,-1.523511,0.457363,-0.384685,-0.212818,3.841846,-3.231355,80.616326,-0.201678,-0.569897,-0.013232,2.744176,-2.308111,57.58309,0.230811,0.274418,-0.0
14.32,-0.26355,1.699606,0.215145,1.805381,0.496037,0.251297,0.320875,-1.533828,0.461223,-0.38402,-0.213341,3.874275,-3.225772,80.611933,-0.202485,-0.564923,-0.012874,2.76734,-2.304123,57.579952,0.230412,0.276734,-0.0
14.34,-0.260143,1.707985,0.218749,1.798438,0.496524,0.235416,0.317797,-1.544047,0.465038,-0.383342,-0.213861,3.906317,-3.220073,80.607568,-0.203311,-0.560009,-0.012518,2.790227,-2.300052,57.576834,0.230005,0.279023,-0.0
14.36,-0.256719,1.716255,0.222339,1.791381,0.496979,0.21952,0.314699,-1.554167,0.468806,-0.38265,-0.214377,3.937968,-3.214258,80.603232,-0.204154,-0.555154,-0.012164,2.812835,-2.295898,57.573737,0.22959,0.281283,-0.0
14.38,-0.253278,1.724415,0.225915,1.784209,0.497402,0.20361,0.311581,-1.564187,0.472527,-0.381944,-0.21489,3.969226,-3.208327,80.598925,-0.205016,-0.550359,-0.011811,2.835161,-2.291662,57.570661,0.229166,0.283516,-0.0
14.4,-0.249821,1.732464,0.229476,1.776923,0.497793,0.187687,0.308442,-1.574108,0.476201,-0.381224,-0.215399,4.000086,-3.20228,80.594647,-0.205895,-0.545625,-0.01146,2.857204,-2.287343,57.567605,0.228734,0.28572,-0.0
14.42,-0.246348,1.740403,0.233022,1.769523,0.498153,0.171751,0.305284,-1.583927,0.479827,-0.38049,-0.215905,4.030546,-3.196119,80.590397,-0.206791,-0.540952,-0.011111,2.878962,-2.282942,57.564569,0.228294,0.287896,-0.0
14.44,-0.242859,1.74823,0.236554,1.762009,0.49848,0.155805,0.302107,-1.593646,0.483405,-0.379743,-0.216408,4.060604,-3.189842,80.586177,-0.207705,-0.53634,-0.010764,2.900431,-2.278458,57.561555,0.227846,0.290043,-0.0
14.46,-0.239355,1.755946,0.24007,1.754383,0.498776,0.139849,0.29891,-1.603262,0.486935,-0.378982,-0.216906,4.090255,-3.18345,80.581986,-0.208637,-0.53179,-0.010419,2.921611,-2.273893,57.558561,0.227389,0.292161,-0.0
14.48,-0.235836,1.763549,0.243571,1.746645,0.49904,0.123884,0.295694,-1.612776,0.490416,-0.378208,-0.217402,4.119497,-3.176944,80.577824,-0.209587,-0.527302,-0.010075,2.942498,-2.269246,57.555588,0.226925,0.29425,-0.0
14.5,-0.232301,1.771039,0.247057,1.738795,0.499272,0.107911,0.292459,-1.622186,0.493849,-0.377419,-0.217894,4.148328,-3.170324,80.573691,-0.210554,-0.522877,-0.009733,2.963091,-2.264517,57.552636,0.226452,0.296309,-0.0
14.52,-0.228752,1.778416,0.250526,1.730834,0.499472,0.091931,0.289205,-1.631493,0.497231,-0.376618,-0.218382,4.176743,-3.163589,80.569587,-0.211539,-0.518516,-0.009393,2.983388,-2.259706,57.549705,0.225971,0.298339,-0.0
14.54,-0.225188,1.785679,0.25398,1.722761,0.499639,0.075945,0.285933,-1.640695,0.500564,-0.375802,-0.218867,4.204741,-3.15674,80.565513,-0.212541,-0.514218,-0.009056,3.003386,-2.254814,57.546795,0.225481,0.300339,-0.0
14.56,-0.221609,1.792828,0.257417,1.714579,0.499775,0.059954,0.282642,-1.649792,0.503847,-0.374974,-0.219349,4.232318,-3.149778,80.561468,-0.21356,-0.509984,-0.00872,3.023084,-2.249841,57.543906,0.224984,0.302308,-0.0
14.58,-0.218016,1.799862,0.260838,1.706287,0.499879,0.04396,0.279334,-1.658784,0.50708,-0.374131,-0.219827,4.259472,-3.142702,80.557453,-0.214598,-0.505815,-0.008386,3.04248,-2.244787,57.541038,0.224479,0.304248,-0.0
14.6,-0.21441,1.806781,0.264242,1.697886,0.499951,0.027962,0.276007,-1.667669,0.510262,-0.373275,-0.220302,4.286201,-3.135514,80.553467,-0.215652,-0.501711,-0.008054,3.061572,-2.239653,57.538191,0.223965,0.306157,-0.0
14.62,-0.210789,1.813584,0.26763,1.689376,0.499991,0.011963,0.272663,-1.676448,0.513393,-0.372406,-0.220772,4.3125,-3.128212,80.549511,-0.216724,-0.497672,-0.007724,3.080357,-2.234437,57.535365,0.223444,0.308036,-0.0
14.64,-0.207155,1.820271,0.271,1.680757,0.499999,-0.004037,0.269301,-1.68512,0.516472,-0.371524,-0.22124,4.338368,-3.120798,80.545585,-0.217813,-0.493698,-0.007397,3.098835,-2.229141,57.532561,0.222914,0.309883,-0.0
14.66,-0.203508,1.826842,0.274353,1.672032,0.499975,-0.020036,0.265923,-1.693683,0.5195,-0.370628,-0.221704,4.363803,-3.113271,80.541688,-0.218919,-0.489791,-0.007071,3.117002,-2.223765,57.529777,0.222377,0.3117,-0.0
14.68,-0.199848,1.833295,0.277688,1.663199,0.499919,-0.036035,0.262527,-1.702138,0.522476,-0.369718,-0.222164,4.388801,-3.105632,80.537821,-0.220043,-0.48595,-0.006748,3.134858,-2.218309,57.527015,0.221831,0.313486,-0.0
14.7,-0.196175,1.839632,0.281005,1.65426,0.499831,-0.052031,0.259114,-1.710485,0.5254,-0.368795,-0.222621,4.41336,-3.097882,80.533984,-0.221183,-0.482177,-0.006427,3.1524,-2.212773,57.524274,0.221277,0.31524,-0.0
14.72,-0.19249,1.84585,0.284305,1.645215,0.499711,-0.068024,0.255685,-1.718722,0.528271,-0.36786,-0.223074,4.437478,-3.09002,80.530177,-0.222341,-0.47847,-0.006108,3.169627,-2.207157,57.521555,0.220716,0.316963,-0.0
14.74,-0.188792,1.851951,0.287586,1.636065,0.499559,-0.084012,0.252239,-1.726848,0.53109,-0.36691,-0.223524,4.461152,-3.082047,80.5264,-0.223516,-0.474831,-0.005791,3.186537,-2.201462,57.518857,0.220146,0.318654,-0.0
14.76,-0.185082,1.857933,0.290849,1.62681,0.499375,-0.099995,0.248778,-1.734865,0.533855,-0.365948,-0.22397,4.48438,-3.073963,80.522653,-0.224708,-0.47126,-0.005476,3.203129,-2.195688,57.51618,0.219569,0.320313,-0.0
14.78,-0.18136,1.863796,0.294093,1.617451,0.499159,-0.115972,0.2453,-1.74277,0.536567,-0.364972,-0.224412,4.50716,-3.065768,80.518936,-0.225917,-0.467758,-0.005164,3.2194,-2.189834,57.513525,0.218983,0.32194,-0.0
14.8,-0.177627,1.86954,0.297319,1.607988,0.498911,-0.131941,0.241807,-1.750564,0.539225,-0.363984,-0.224851,4.529489,-3.057462,80.515249,-0.227144,-0.464324,-0.004854,3.235349,-2.183902,57.510892,0.21839,0.323535,-0.0
14.82,-0.173882,1.875164,0.300525,1.598422,0.498631,-0.147902,0.238298,-1.758245,0.541829,-0.362982,-0.225287,4.551365,-3.049047,80.511592,-0.228387,-0.460959,-0.004546,3.250975,-2.177891,57.50828,0.217789,0.325097,-0.0
14.84,-0.170126,1.880668,0.303712,1.588754,0.498319,-0.163853,0.234774,-1.765815,0.544379,-0.361967,-0.225718,4.572786,-3.040522,80.507966,-0.229646,-0.457663,-0.004241,3.266275,-2.171801,57.50569,0.21718,0.326628,-0.0
14.86,-0.166359,1.886052,0.30688,1.578985,0.497976,-0.179794,0.231235,-1.773271,0.546875,-0.360939,-0.226146,4.593749,-3.031888,80.50437,-0.230923,-0.454438,-0.003938,3.281249,-2.165634,57.503121,0.216563,0.328125,-0.0
14.88,-0.162582,1.891315,0.310028,1.569114,0.4976,-0.195723,0.227681,-1.780613,0.549316,-0.359898,-0.226571,4.614253,-3.023144,80.500804,-0.232217,-0.451282,-0.003637,3.295895,-2.159388,57.500574,0.215939,0.32959,-0.0
14.9,-0.158794,1.896457,0.313157,1.559143,0.497193,-0.21164,0.224112,-1.787842,0.551702,-0.358844,-0.226992,4.634296,-3.014291,80.497269,-0.233527,-0.448196,-0.003339,3.310211,-2.153065,57.498049,0.215307,0.331021,-0.0
14.92,-0.154996,1.901478,0.316265,1.549073,0.496753,-0.227543,0.220529,-1.794957,0.554033,-0.357777,-0.227409,4.653875,-3.00533,80.493764,-0.234854,-0.445181,-0.003043,3.324197,-2.146665,57.495546,0.214666,0.33242,-0.0
14.94,-0.151188,1.906377,0.319353,1.538903,0.496282,-0.243432,0.216932,-1.801956,0.556308,-0.356698,-0.227823,4.672989,-2.996261,80.49029,-0.236197,-0.442237,-0.00275,3.337849,-2.140187,57.493064,0.214019,0.333785,-0.0
14.96,-0.147371,1.911154,0.32242,1.528634,0.49578,-0.259305,0.213322,-1.80884,0.558528,-0.355605,-0.228233,4.691636,-2.987084,80.486846,-0.237557,-0.439364,-0.002459,3.351168,-2.133631,57.490605,0.213363,0.335117,-0.0
14.98,-0.143544,1.915809,0.325467,1.518268,0.495245,-0.275161,0.209697,-1.815608,0.560692,-0.3545,-0.228639,4.709813,-2.977799,80.483434,-0.238934,-0.436563,-0.00217,3.364152,-2.127,57.488167,0.2127,0.336415,-0.0
15.0,-0.139708,1.920341,0.328493,1.507805,0.494679,-0.291,0.206059,-1.822261,0.5628,-0.353382,-0.229041,4.72752,-2.968408,80.480052,-0.240327,-0.433833,-0.001884,3.3768,-2.120291,57.485751,0.212029,0.33768,-0.0
15.02,-0.135863,1.92475,0.331498,1.497245,0.494081,-0.30682,0.202408,-1.828796,0.564852,-0.352251,-0.22944,4.744754,-2.958909,80.4767,-0.241737,-0.431176,-0.001601,3.38911,-2.113506,57.483357,0.211351,0.338911,-0.0
15.04,-0.132009,1.929036,0.334482,1.486589,0.493452,-0.322621,0.198744,-1.835215,0.566847,-0.351108,-0.229836,4.761513,-2.949304,80.47338,-0.243163,-0.428591,-0.00132,3.401081,-2.106646,57.480986,0.210665,0.340108,-0.0
15.06,-0.128147,1.933198,0.337445,1.475838,0.492791,-0.338401,0.195067,-1.841516,0.568785,-0.349951,-0.230227,4.777796,-2.939592,80.47009,-0.244605,-0.426078,-0.001042,3.412711,-2.099709,57.478636,0.209971,0.341271,-0.0
15.08,-0.124276,1.937237,0.340386,1.464993,0.492098,-0.354159,0.191378,-1.847699,0.570667,-0.348783,-0.230615,4.793601,-2.929775,80.466832,-0.246064,-0.423638,-0.000766,3.424001,-2.092697,57.476308,0.20927,0.3424,-0.0
15.1,-0.120398,1.941152,0.343305,1.454054,0.491374,-0.369895,0.187677,-1.853764,0.572491,-0.347601,-0.231,4.808927,-2.919853,80.463604,-0.247539,-0.421271,-0.000493,3.434948,-2.085609,57.474003,0.208561,0.343495,-0.0
15.12,-0.116512,1.944942,0.346202,1.443021,0.490619,-0.385607,0.183963,-1.85971,0.574259,-0.346408,-0.23138,4.823773,-2.909825,80.460407,-0.24903,-0.418977,-0.000222,3.445552,-2.078446,57.471719,0.207845,0.344555,-0.0
15.14,-0.112618,1.948608,0.349077,1.431897,0.489832,-0.401294,0.180238,-1.865537,0.575968,-0.345201,-0.231757,4.838135,-2.899692,80.457242,-0.250537,-0.416757,4.6e-05,3.455811,-2.071209,57.469458,0.207121,0.345581,-0.0
15.16,-0.108717,1.95215,0.351929,1.420681,0.489014,-0.416956,0.176501,-1.871245,0.577621,-0.343983,-0.23213,4.852014,-2.889455,80.454107,-0.252061,-0.414611,0.000311,3.465724,-2.063897,57.46722,0.20639,0.346572,-0.0
15.18,-0.10481,1.955566,0.354759,1.409374,0.488164,-0.432591,0.172753,-1.876833,0.579215,-0.342752,-0.232499,4.865408,-2.879114,80.451004,-0.2536,-0.412538,0.000573,3.475291,-2.05651,57.465003,0.205651,0.347529,-0.0
15.2,-0.100895,1.958858,0.357567,1.397976,0.487283,-0.448198,0.168994,-1.882301,0.580752,-0.341508,-0.232865,4.878315,-2.86867,80.447932,-0.255155,-0.41054,0.000833,3.484511,-2.04905,57.462809,0.204905,0.348451,-0.0
15.22,-0.096974,1.962023,0.360351,1.38649,0.486371,-0.463776,0.165224,-1.887649,0.58223,-0.340253,-0.233227,4.890735,-2.858122,80.444892,-0.256726,-0.408616,0.00109,3.493382,-2.041516,57.460637,0.204152,0.349338,-0.0
15.24,-0.093047,1.965064,0.363113,1.374914,0.485428,-0.479325,0.161443,-1.892875,0.583651,-0.338985,-0.233585,4.902665,-2.847471,80.441882,-0.258313,-0.406766,0.001345,3.501903,-2.033908,57.458487,0.203391,0.35019,-0.0
15.26,-0.089114,1.967978,0.365851,1.363251,0.484454,-0.494844,0.157652,-1.897981,0.585012,-0.337705,-0.23394,4.914105,-2.836718,80.438905,-0.259916,-0.404991,0.001596,3.510075,-2.026227,57.45636,0.202623,0.351007,-0.0
15.28,-0.085175,1.970767,0.368565,1.3515,0.483449,-0.51033,0.153852,-1.902965,0.586316,-0.336412,-0.234291,4.925053,-2.825863,80.435958,-0.261535,-0.403291,0.001845,3.517895,-2.018473,57.454256,0.201847,0.35179,-0.0
15.3,-0.081231,1.97343,0.371257,1.339663,0.482413,-0.525784,0.150041,-1.907827,0.587561,-0.335108,-0.234638,4.93551,-2.814905,80.433043,-0.263169,-0.401666,0.002091,3.525364,-2.010647,57.452174,0.201065,0.352536,-0.0
15.32,-0.077282,1.975966,0.373924,1.32774,0.481346,-0.541204,0.14622,-1.912567,0.588747,-0.333791,-0.234981,4.945472,-2.803847,80.43016,-0.264819,-0.400116,0.002335,3.53248,-2.002748,57.450114,0.200275,0.353248,-0.0
15.34,-0.073327,1.978376,0.376568,1.315732,0.480248,-0.55659,0.142391,-1.917185,0.589874,-0.332463,-0.23532,4.95494,-2.792688,80.427308,-0.266484,-0.398642,0.002575,3.539243,-1.994777,57.448077,0.199478,0.353924,-0.0
15.36,-0.069368,1.980659,0.379187,1.30364,0.479119,-0.57194,0.138552,-1.92168,0.590942,-0.331122,-0.235656,4.963913,-2.781428,80.424488,-0.268165,-0.397243,0.002813,3.545652,-1.986734,57.446063,0.198673,0.354565,-0.0
15.38,-0.065405,1.982815,0.381782,1.291464,0.47796,-0.587253,0.134704,-1.926052,0.591951,-0.32977,-0.235988,4.972389,-2.770068,80.421699,-0.269861,-0.39592,0.003048,3.551706,-1.97862,57.444071,0.197862,0.355171,-0.0
15.4,-0.061437,1.984845,0.384353,1.279206,0.47677,-0.602529,0.130847,-1.930301,0.592901,-0.328406,-0.236316,4.980368,-2.758608,80.418942,-0.271573,-0.394672,0.00328,3.557406,-1.970434,57.442102,0.197043,0.355741,-0.0
15.42,-0.057465,1.986747,0.386899,1.266866,0.47555,-0.617766,0.126983,-1.934427,0.593792,-0.32703,-0.236641,4.987849,-2.747049,80.416217,-0.2733,-0.3935,0.003509,3.562749,-1.962178,57.440155,0.196218,0.356275,-0.0
15.44,-0.05349,1.988522,0.38942,1.254445,0.474299,-0.632964,0.12311,-1.938428,0.594623,-0.325642,-0.236961,4.994831,-2.735391,80.413524,-0.275042,-0.392405,0.003736,3.567736,-1.953851,57.438232,0.195385,0.356774,-0.0
15.46,-0.049511,1.99017,0.391917,1.241943,0.473018,-0.648121,0.119229,-1.942306,0.595394,-0.324242,-0.237278,5.001314,-2.723634,80.410863,-0.2768,-0.391385,0.003959,3.572367,-1.945453,57.436331,0.194545,0.357237,-0.0
15.48,-0.045529,1.991691,0.394388,1.229362,0.471707,-0.663236,0.115341,-1.946059,0.596107,-0.322831,-0.237591,5.007296,-2.71178,80.408233,-0.278572,-0.390441,0.00418,3.57664,-1.936986,57.434452,0.193699,0.357664,-0.0
15.5,-0.041545,1.993084,0.396834,1.216703,0.470365,-0.67831,0.111445,-1.949687,0.596759,-0.321408,-0.237901,5.012778,-2.699828,80.405636,-0.28036,-0.389574,0.004398,3.580556,-1.928448,57.432597,0.192845,0.358056,-0.0
15.52,-0.037557,1.99435,0.399255,1.203965,0.468994,-0.69334,0.107542,-1.953191,0.597352,-0.319974,-0.238206,5.017758,-2.687778,80.40307,-0.282163,-0.388783,0.004613,3.584113,-1.919842,57.430764,0.191984,0.358411,-0.0
15.54,-0.033567,1.995488,0.40165,1.191151,0.467592,-0.708325,0.103632,-1.95657,0.597885,-0.318528,-0.238508,5.022237,-2.675632,80.400536,-0.28398,-0.388069,0.004824,3.587312,-1.911166,57.428955,0.191117,0.358731,-0.0
15.56,-0.029575,1.996498,0.404019,1.17826,0.46616,-0.723265,0.099716,-1.959823,0.598359,-0.31707,-0.238805,5.026214,-2.66339,80.398035,-0.285813,-0.387431,0.005033,3.590153,-1.902421,57.427168,0.190242,0.359015,-0.0
15.58,-0.025581,1.997381,0.406363,1.165294,0.464699,-0.738159,0.095793,-1.962952,0.598772,-0.315601,-0.239099,5.029688,-2.651052,80.395565,-0.28766,-0.38687,0.005239,3.592634,-1.893608,57.425404,0.189361,0.359263,-0.0
15.6,-0.021586,1.998135,0.40868,1.152253,0.463208,-0.753006,0.091864,-1.965954,0.599126,-0.314121,-0.23939,5.032658,-2.638618,80.393128,-0.289522,-0.386385,0.005443,3.594756,-1.884727,57.423663,0.188473,0.359476,-0.0
15.62,-0.017589,1.998762,0.410972,1.139138,0.461687,-0.767804,0.087929,-1.968831,0.59942,-0.31263,-0.239676,5.035126,-2.626089,80.390723,-0.291398,-0.385977,0.005643,3.596519,-1.875778,57.421945,0.187578,0.359652,-0.0
15.64,-0.013591,1.999261,0.413237,1.125951,0.460137,-0.782553,0.083989,-1.971582,0.599654,-0.311127,-0.239958,5.03709,-2.613466,80.38835,-0.29329,-0.385646,0.00584,3.597922,-1.866761,57.42025,0.186676,0.359792,-0.0
15.66,-0.009592,1.999632,0.415475,1.112692,0.458557,-0.797252,0.080043,-1.974206,0.599827,-0.309613,-0.240237,5.038551,-2.600749,80.386009,-0.295195,-0.385391,0.006034,3.598965,-1.857678,57.418578,0.185768,0.359896,-0.0
15.68,-0.005593,1.999875,0.417688,1.099361,0.456948,-0.8119,0.076092,-1.976704,0.599941,-0.308088,-0.240512,5.039507,-2.587938,80.383701,-0.297115,-0.385213,0.006225,3.599648,-1.848527,57.416929,0.184853,0.359965,-0.0
15.7,-0.001593,1.99999,0.419873,1.08596,0.455309,-0.826497,0.072136,-1.979076,0.599995,-0.306552,-0.240783,5.03996,-2.575034,80.381425,-0.29905,-0.385112,0.006413,3.599971,-1.83931,57.415304,0.183931,0.359997,-0.0
15.72,0.002407,1.999977,0.422031,1.072489,0.453642,-0.84104,0.068176,-1.981321,0.599989,-0.305004,-0.24105,5.039909,-2.562037,80.379181,-0.300999,-0.385088,0.006599,3.599935,-1.830026,57.413701,0.183003,0.359993,-0.0
15.74,0.006407,1.999836,0.424163,1.05895,0.451945,-0.855529,0.064211,-1.983439,0.599923,-0.303446,-0.241313,5.039353,-2.548948,80.37697,-0.302962,-0.38514,0.006781,3.599538,-1.820677,57.412121,0.182068,0.359954,-0.0
15.76,0.010407,1.999567,0.426267,1.045343,0.45022,-0.869964,0.060242,-1.98543,0.599797,-0.301877,-0.241572,5.038294,-2.535767,80.374791,-0.304939,-0.38527,0.00696,3.598782,-1.811262,57.410565,0.181126,0.359878,-0.0
15.78,0.014405,1.99917,0.428344,1.031669,0.448465,-0.884343,0.05627,-1.987295,0.599611,-0.300297,-0.241828,5.036731,-2.522495,80.372645,-0.306931,-0.385476,0.007136,3.597665,-1.801782,57.409032,0.180178,0.359767,-0.0
15.8,0.018403,1.998645,0.430394,1.017929,0.446682,-0.898666,0.052293,-1.989032,0.599365,-0.298706,-0.24208,5.034664,-2.509132,80.370531,-0.308936,-0.385758,0.00731,3.596189,-1.792237,57.407522,0.179224,0.359619,-0.0
15.82,0.0224,1.997992,0.432416,1.004124,0.444871,-0.912931,0.048313,-1.990641,0.599059,-0.297105,-0.242327,5.032094,-2.495679,80.36845,-0.310955,-0.386118,0.00748,3.594353,-1.782628,57.406035,0.178263,0.359435,-0.0
15.84,0.026395,1.997211,0.43441,0.990255,0.443031,-0.927137,0.044331,-1.992124,0.598693,-0.295492,-0.242571,5.029021,-2.482135,80.366401,-0.312989,-0.386554,0.007647,3.592158,-1.772954,57.404572,0.177295,0.359216,-0.0
15.86,0.030389,1.996303,0.436377,0.976322,0.441162,-0.941284,0.040345,-1.993478,0.598267,-0.293869,-0.242811,5.025444,-2.468503,80.364385,-0.315036,-0.387067,0.007811,3.589603,-1.763216,57.403132,0.176322,0.35896,-0.0
15.88,0.03438,1.995266,0.438315,0.962327,0.439265,-0.955371,0.036357,-1.994706,0.597782,-0.292236,-0.243047,5.021366,-2.454782,80.362401,-0.317096,-0.387656,0.007972,3.58669,-1.753415,57.401715,0.175342,0.358669,-0.0
15.9,0.03837,1.994102,0.440226,0.948271,0.437341,-0.969397,0.032366,-1.995805,0.597236,-0.290592,-0.24328,5.016785,-2.440972,80.36045,-0.319171,-0.388322,0.00813,3.583418,-1.743551,57.400322,0.174355,0.358342,-0.0
15.92,0.042357,1.992811,0.442108,0.934153,0.435388,-0.983361,0.028374,-1.996777,0.596631,-0.288937,-0.243508,5.011702,-2.427074,80.358532,-0.321259,-0.389064,0.008285,3.579787,-1.733625,57.398951,0.173362,0.357979,-0.0
15.94,0.046341,1.991392,0.443963,0.919976,0.433407,-0.997261,0.024379,-1.997621,0.595966,-0.287273,-0.243733,5.006118,-2.413089,80.356646,-0.323361,-0.389883,0.008437,3.575799,-1.723635,57.397605,0.172364,0.35758,-0.0
15.96,0.050322,1.989845,0.445788,0.90574,0.431399,-1.011098,0.020383,-1.998337,0.595242,-0.285597,-0.243953,5.000034,-2.399018,80.354794,-0.325476,-0.390778,0.008586,3.571453,-1.713584,57.396281,0.171358,0.357145,-0.0
15.98,0.0543,1.988171,0.447585,0.891446,0.429363,-1.024871,0.016386,-1.998926,0.594458,-0.283912,-0.24417,4.993449,-2.38486,80.352974,-0.327604,-0.391749,0.008732,3.56675,-1.703471,57.394981,0.170347,0.356675,-0.0
16.0,0.058275,1.98637,0.449354,0.877095,0.427299,-1.038577,0.012388,-1.999386,0.593615,-0.282216,-0.244383,4.986366,-2.370615,80.351187,-0.329746,-0.392796,0.008874,3.56169,-1.693297,57.393705,0.16933,0.356169,-0.0
16.02,0.062245,1.984442,0.451094,0.862687,0.425209,-1.052218,0.008389,-1.999719,0.592712,-0.28051,-0.244591,4.978783,-2.356286,80.349432,-0.3319,-0.393919,0.009014,3.556274,-1.683062,57.392452,0.168306,0.355627,-0.0
16.04,0.066212,1.982386,0.452805,0.848225,0.423091,-1.06579,0.004389,-1.999923,0.59175,-0.278794,-0.244796,4.970703,-2.341872,80.347711,-0.334068,-0.395118,0.009151,3.550502,-1.672766,57.391222,0.167277,0.35505,-0.0
16.06,0.070175,1.980204,0.454487,0.833708,0.420946,-1.079295,0.000389,-1.999999,0.590729,-0.277068,-0.244997,4.962126,-2.327373,80.346023,-0.336249,-0.396393,0.009284,3.544375,-1.66241,57.390016,0.166241,0.354438,-0.0
16.08,0.074133,1.977895,0.45614,0.819138,0.418773,-1.092731,-0.003611,-1.999948,0.589649,-0.275332,-0.245194,4.953052,-2.312791,80.344367,-0.338443,-0.397743,0.009415,3.537894,-1.651994,57.388834,0.165199,0.353789,-0.0
16.1,0.078086,1.97546,0.457763,0.804516,0.416575,-1.106096,-0.007611,-1.999768,0.58851,-0.273586,-0.245388,4.943483,-2.298126,80.342744,-0.34065,-0.399169,0.009542,3.531059,-1.641518,57.387675,0.164152,0.353106,-0.0
16.12,0.082035,1.972898,0.459358,0.789842,0.414349,-1.119391,-0.01161,-1.999461,0.587312,-0.271831,-0.245577,4.93342,-2.283377,80.341155,-0.34287,-0.40067,0.009667,3.523871,-1.630984,57.386539,0.163098,0.352387,-0.0
16.14,0.085978,1.970209,0.460923,0.775117,0.412097,-1.132614,-0.015608,-1.999025,0.586055,-0.270065,-0.245762,4.922863,-2.268547,80.339598,-0.345102,-0.402246,0.009788,3.516331,-1.620391,57.385427,0.162039,0.351633,-0.0
16.16,0.089916,1.967395,0.462458,0.760343,0.409819,-1.145765,-0.019606,-1.998462,0.58474,-0.26829,-0.245943,4.911815,-2.253635,80.338075,-0.347347,-0.403898,0.009906,3.508439,-1.609739,57.384339,0.160974,0.350844,-0.0
16.18,0.093847,1.964455,0.463964,0.74552,0.407514,-1.158842,-0.023602,-1.99777,0.583366,-0.266505,-0.246121,4.900275,-2.238641,80.336584,-0.349605,-0.405624,0.010022,3.500196,-1.59903,57.383274,0.159903,0.35002,-0.0
16.2,0.097773,1.961389,0.46544,0.730649,0.405183,-1.171846,-0.027597,-1.996951,0.581934,-0.26471,-0.246294,4.888245,-2.223568,80.335127,-0.351875,-0.407425,0.010134,3.491603,-1.588263,57.382233,0.158826,0.34916,-0.0
16.22,0.101693,1.958197,0.466886,0.715732,0.402827,-1.184774,-0.03159,-1.996004,0.580444,-0.262906,-0.246464,4.875726,-2.208414,80.333702,-0.354158,-0.4093,0.010243,3.482661,-1.577438,57.381216,0.157744,0.348266,-0.0
16.24,0.105606,1.954881,0.468303,0.700769,0.400444,-1.197626,-0.035581,-1.99493,0.578895,-0.261093,-0.24663,4.862719,-2.19318,80.332311,-0.356453,-0.41125,0.010349,3.473371,-1.566557,57.380222,0.156656,0.347337,-0.0
16.26,0.109512,1.951439,0.46969,0.685761,0.398036,-1.210402,-0.03957,-1.993727,0.577289,-0.25927,-0.246791,4.849227,-2.177868,80.330953,-0.35876,-0.413274,0.010452,3.463733,-1.55562,57.379252,0.155562,0.346373,-0.0
16.28,0.113412,1.947872,0.471046,0.670709,0.395603,-1.2231,-0.043556,-1.992397,0.575625,-0.257438,-0.246949,4.835249,-2.162477,80.329628,-0.361079,-0.415371,0.010552,3.453749,-1.544626,57.378306,0.154463,0.345375,-0.0
16.3,0.117304,1.94418,0.472372,0.655614,0.393144,-1.23572,-0.047539,-1.99094,0.573903,-0.255596,-0.247103,4.820788,-2.147008,80.328336,-0.36341,-0.417543,0.010649,3.44342,-1.533577,57.377383,0.153358,0.344342,-0.0
16.32,0.121188,1.940365,0.473668,0.640478,0.39066,-1.248261,-0.051519,-1.989355,0.572124,-0.253746,-0.247253,4.805845,-2.131463,80.327078,-0.365753,-0.419787,0.010743,3.432746,-1.522473,57.376484,0.152247,0.343275,-0.0
16.34,0.125065,1.936424,0.474934,0.6253,0.388151,-1.260722,-0.055496,-1.987642,0.570288,-0.251886,-0.247399,4.790421,-2.11584,80.325853,-0.368109,-0.422106,0.010834,3.421729,-1.511314,57.375609,0.151131,0.342173,-0.0
16.36,0.128934,1.93236,0.47617,0.610082,0.385617,-1.273103,-0.05947,-1.985803,0.568395,-0.250017,-0.24754,4.774518,-2.100141,80.324661,-0.370476,-0.424497,0.010922,3.41037,-1.500101,57.374758,0.15001,0.341037,-0.0
16.38,0.132794,1.928173,0.477375,0.594826,0.383059,-1.285402,-0.06344,-1.983836,0.566445,-0.248139,-0.247678,4.758138,-2.084367,80.323502,-0.372854,-0.426961,0.011007,3.39867,-1.488833,57.37393,0.148883,0.339867,-0.0
16.4,0.136646,1.923862,0.478549,0.579531,0.380476,-1.297618,-0.067405,-1.981743,0.564438,-0.246252,-0.247812,4.741282,-2.068517,80.322376,-0.375245,-0.429497,0.011089,3.38663,-1.477512,57.373126,0.147751,0.338663,-0.0
16.42,0.14049,1.919427,0.479693,0.564199,0.377868,-1.309752,-0.071366,-1.979522,0.562375,-0.244356,-0.247942,4.723952,-2.052593,80.321284,-0.377647,-0.432106,0.011168,3.374251,-1.466138,57.372346,0.146614,0.337425,-0.0
16.44,0.144324,1.91487,0.480806,0.548831,0.375237,-1.321801,-0.075323,-1.977175,0.560256,-0.242452,-0.248068,4.706149,-2.036595,80.320225,-0.38006,-0.434786,0.011244,3.361535,-1.454711,57.37159,0.145471,0.336154,-0.0
16.46,0.148149,1.910191,0.481888,0.533427,0.372581,-1.333767,-0.079275,-1.974702,0.55808,-0.240539,-0.24819,4.687876,-2.020524,80.3192,-0.382485,-0.437539,0.011317,3.348483,-1.443232,57.370857,0.144323,0.334848,-0.0
16.48,0.151965,1.905389,0.482939,0.51799,0.369902,-1.345646,-0.083222,-1.972102,0.555849,-0.238617,-0.248309,4.669134,-2.00438,80.318208,-0.384921,-0.440363,0.011387,3.335096,-1.4317,57.370148,0.14317,0.33351,-0.0
16.5,0.155771,1.900465,0.48396,0.50252,0.367199,-1.35744,-0.087163,-1.969376,0.553563,-0.236686,-0.248423,4.649925,-1.988164,80.317249,-0.387369,-0.443258,0.011454,3.321375,-1.420117,57.369463,0.142012,0.332138,-0.0
16.52,0.159567,1.89542,0.484949,0.487017,0.364472,-1.369147,-0.091099,-1.966523,0.55122,-0.234747,-0.248533,4.630251,-1.971877,80.316324,-0.389827,-0.446224,0.011518,3.307322,-1.408483,57.368803,0.140848,0.330732,-0.0
16.54,0.163352,1.890253,0.485908,0.471483,0.361722,-1.380766,-0.095029,-1.963545,0.548823,-0.2328,-0.248639,4.610114,-1.955518,80.315432,-0.392297,-0.44926,0.011579,3.292939,-1.396799,57.368165,0.13968,0.329294,-0.0
16.56,0.167128,1.884965,0.486835,0.455919,0.358949,-1.392297,-0.098953,-1.960442,0.546371,-0.230844,-0.248741,4.589517,-1.939089,80.314573,-0.394777,-0.452367,0.011637,3.278226,-1.385064,57.367552,0.138506,0.327823,-0.0
16.58,0.170892,1.879557,0.487732,0.440326,0.356153,-1.403739,-0.102871,-1.957212,0.543864,-0.22888,-0.24884,4.56846,-1.92259,80.313748,-0.397268,-0.455544,0.011693,3.263186,-1.373279,57.366963,0.137328,0.326319,-0.0
16.6,0.174646,1.874028,0.488597,0.424705,0.353334,-1.41509,-0.106782,-1.953858,0.541303,-0.226907,-0.248934,4.546946,-1.906022,80.312956,-0.399771,-0.45879,0.011745,3.247819,-1.361445,57.366397,0.136144,0.324782,-0.0
16.62,0.178388,1.86838,0.48943,0.409056,0.350493,-1.426352,-0.110686,-1.950378,0.538688,-0.224927,-0.249024,4.524978,-1.889386,80.312198,-0.402283,-0.462106,0.011794,3.232127,-1.349561,57.365856,0.134956,0.323213,-0.0
16.64,0.182119,1.862612,0.490233,0.393382,0.347629,-1.437522,-0.114584,-1.946774,0.536019,-0.222938,-0.24911,4.502557,-1.872681,80.311473,-0.404807,-0.465491,0.011841,3.216112,-1.337629,57.365338,0.133763,0.321611,-0.0
16.66,0.185838,1.856724,0.491004,0.377682,0.344743,-1.4486,-0.118473,-1.943045,0.533296,-0.220942,-0.249193,4.479686,-1.855909,80.310782,-0.40734,-0.468944,0.011884,3.199775,-1.325649,57.364844,0.132565,0.319978,-0.0
16.68,0.189546,1.850718,0.491743,0.361958,0.341834,-1.459585,-0.122356,-1.939192,0.53052,-0.218937,-0.249271,4.456367,-1.83907,80.310124,-0.409885,-0.472466,0.011925,3.183119,-1.313622,57.364374,0.131362,0.318312,-0.0
16.7,0.193241,1.844593,0.492452,0.34621,0.338904,-1.470477,-0.12623,-1.935215,0.527691,-0.216924,-0.249345,4.432602,-1.822165,80.3095,-0.412439,-0.476056,0.011963,3.166144,-1.301546,57.363928,0.130155,0.316614,-0.0
16.72,0.196924,1.838351,0.493128,0.330441,0.335953,-1.481275,-0.130096,-1.931113,0.524809,-0.214904,-0.249416,4.408394,-1.805194,80.308909,-0.415004,-0.479713,0.011998,3.148853,-1.289425,57.363506,0.128942,0.314885,-0.0
16.74,0.200595,1.83199,0.493773,0.314651,0.332979,-1.491978,-0.133955,-1.926888,0.521874,-0.212876,-0.249482,4.383745,-1.788159,80.308352,-0.417579,-0.483438,0.01203,3.131246,-1.277256,57.363108,0.127726,0.313125,-0.0
16.76,0.204252,1.825513,0.494387,0.29884,0.329985,-1.502585,-0.137804,-1.92254,0.518888,-0.21084,-0.249544,4.358658,-1.771059,80.307828,-0.420164,-0.487229,0.012059,3.113327,-1.265042,57.362734,0.126504,0.311333,-0.0
16.78,0.207897,1.818918,0.494969,0.28301,0.326969,-1.513096,-0.141645,-1.918069,0.515849,-0.208797,-0.249603,4.333135,-1.753895,80.307338,-0.422759,-0.491087,0.012086,3.095096,-1.252782,57.362384,0.125278,0.30951,-0.0
16.8,0.211528,1.812208,0.495519,0.267162,0.323932,-1.523511,-0.145476,-1.913475,0.512759,-0.206746,-0.249657,4.307178,-1.736668,80.306881,-0.425364,-0.495011,0.012109,3.076556,-1.240477,57.362058,0.124048,0.307656,-0.0
16.82,0.215145,1.805381,0.496037,0.251297,0.320875,-1.533828,-0.149298,-1.908759,0.509618,-0.204688,-0.249707,4.280791,-1.719378,80.306458,-0.427978,-0.499001,0.01213,3.057708,-1.228127,57.361756,0.122813,0.305771,-0.0
16.84,0.218749,1.798438,0.496524,0.235416,0.317797,-1.544047,-0.153111,-1.90392,0.506426,-0.202622,-0.249754,4.253976,-1.702027,80.306069,-0.430602,-0.503056,0.012148,3.038554,-1.215734,57.361478,0.121573,0.303855,-0.0
16.86,0.222339,1.791381,0.496979,0.21952,0.314699,-1.554167,-0.156914,-1.89896,0.503183,-0.200549,-0.249796,4.226736,-1.684614,80.305713,-0.433236,-0.507176,0.012163,3.019097,-1.203296,57.361223,0.12033,0.30191,-0.0
16.88,0.225915,1.784209,0.497402,0.20361,0.311581,-1.564187,-0.160707,-1.893878,0.49989,-0.198469,-0.249834,4.199073,-1.667141,80.30539,-0.435879,-0.51136,0.012176,2.999338,-1.190815,57.360993,0.119082,0.299934,-0.0
16.9,0.229476,1.776923,0.497793,0.187687,0.308442,-1.574108,-0.164489,-1.888675,0.496546,-0.196382,-0.249869,4.170989,-1.649608,80.305101,-0.438532,-0.515609,0.012186,2.979278,-1.178291,57.360787,0.117829,0.297928,-0.0
16.92,0.233022,1.769523,0.498153,0.171751,0.305284,-1.583927,-0.168261,-1.883351,0.493153,-0.194288,-0.249899,4.142489,-1.632015,80.304846,-0.441194,-0.519921,0.012193,2.958921,-1.165725,57.360604,0.116573,0.295892,-0.0
16.94,0.236554,1.762009,0.49848,0.155805,0.302107,-1.593646,-0.172023,-1.877906,0.489711,-0.192186,-0.249926,4.113575,-1.614364,80.304625,-0.443865,-0.524296,0.012197,2.938268,-1.153117,57.360446,0.115312,0.293827,-0.0
16.96,0.24007,1.754383,0.498776,0.139849,0.29891,-1.603262,-0.175773,-1.872341,0.48622,-0.190078,-0.249948,4.084249,-1.596654,80.304436,-0.446545,-0.528734,0.012199,2.917321,-1.140467,57.360312,0.114047,0.291732,-0.0
16.98,0.243571,1.746645,0.49904,0.123884,0.295694,-1.612776,-0.179512,-1.866657,0.48268,-0.187963,-0.249966,4.054515,-1.578887,80.304282,-0.449234,-0.533235,0.012197,2.896082,-1.127777,57.360201,0.112778,0.289608,-0.0
17.0,0.247057,1.738795,0.499272,0.107911,0.292459,-1.622186,-0.18324,-1.860853,0.479092,-0.185841,-0.249981,4.024375,-1.561063,80.304161,-0.451932,-0.537797,0.012194,2.874554,-1.115045,57.360115,0.111505,0.287455,-0.0
17.02,0.250526,1.730834,0.499472,0.091931,0.289205,-1.631493,-0.186955,-1.854929,0.475456,-0.183712,-0.249991,3.993833,-1.543183,80.304074,-0.454639,-0.542421,0.012187,2.852738,-1.102274,57.360053,0.110227,0.285274,-0.0
17.04,0.25398,1.722761,0.499639,0.075945,0.285933,-1.640695,-0.190659,-1.848888,0.471773,-0.181577,-0.249998,3.962891,-1.525248,80.30402,-0.457354,-0.547105,0.012178,2.830637,-1.089463,57.360014,0.108946,0.283064,-0.0
17.06,0.257417,1.714579,0.499775,0.059954,0.282642,-1.649792,-0.194351,-1.842727,0.468042,-0.179435,-0.25,3.931554,-1.507257,80.304,-0.460078,-0.55185,0.012167,2.808253,-1.076612,57.36,0.107661,0.280825,-0.0
17.08,0.260838,1.706287,0.499879,0.04396,0.279334,-1.658784,-0.19803,-1.836449,0.464265,-0.177287,-0.249998,3.899823,-1.489212,80.304014,-0.462811,-0.556656,0.012153,2.785588,-1.063723,57.36001,0.106372,0.278559,-0.0
17.1,0.264242,1.697886,0.499951,0.027962,0.276007,-1.667669,-0.201697,-1.830054,0.460441,-0.175133,-0.249993,3.867702,-1.471114,80.304061,-0.465552,-0.56152,0.012136,2.762644,-1.050796,57.360043,0.10508,0.276264,-0.0
17.12,0.26763,1.689376,0.499991,0.011963,0.272663,-1.676448,-0.20535,-1.823541,0.456571,-0.172972,-0.249983,3.835194,-1.452963,80.304142,-0.468301,-0.566444,0.012116,2.739424,-1.03783,57.360101,0.103783,0.273942,-0.0
17.14,0.271,1.680757,0.499999,-0.004037,0.269301,-1.68512,-0.208991,-1.816911,0.452655,-0.170805,-0.24997,3.802303,-1.434759,80.304256,-0.471059,-0.571426,0.012095,2.715931,-1.024828,57.360183,0.102483,0.271593,-0.0
17.16,0.274353,1.672032,0.499975,-0.020036,0.265923,-1.693683,-0.212618,-1.810166,0.448694,-0.168631,-0.249952,3.769032,-1.416504,80.304404,-0.473824,-0.576467,0.01207,2.692165,-1.011788,57.360288,0.101179,0.269217,-0.0
17.18,0.277688,1.663199,0.499919,-0.036035,0.262527,-1.702138,-0.216231,-1.803304,0.444688,-0.166452,-0.24993,3.735383,-1.398197,80.304585,-0.476598,-0.581565,0.012043,2.668131,-0.998712,57.360418,0.099871,0.266813,-0.0
17.2,0.281005,1.65426,0.499831,-0.052031,0.259114,-1.710485,-0.219831,-1.796327,0.440638,-0.164267,-0.249905,3.701361,-1.379841,80.3048,-0.47938,-0.58672,0.012014,2.64383,-0.9856,57.360572,0.09856,0.264383,-0.0
17.22,0.284305,1.645215,0.499711,-0.068024,0.255685,-1.718722,-0.223416,-1.789235,0.436544,-0.162076,-0.249875,3.666969,-1.361434,80.305049,-0.482169,-0.591931,0.011982,2.619264,-0.972453,57.360749,0.097245,0.261926,-0.0
17.24,0.287586,1.636065,0.499559,-0.084012,0.252239,-1.726848,-0.226988,-1.782028,0.432406,-0.159878,-0.249841,3.632211,-1.342979,80.305331,-0.484966,-0.597199,0.011948,2.594436,-0.959271,57.360951,0.095927,0.259444,-0.0
17.26,0.290849,1.62681,0.499375,-0.099995,0.248778,-1.734865,-0.230544,-1.774708,0.428225,-0.157676,-0.249804,3.597089,-1.324475,80.305647,-0.487771,-0.602522,0.011911,2.569349,-0.946054,57.361177,0.094605,0.256935,-0.0
17.28,0.294093,1.617451,0.499159,-0.115972,0.2453,-1.74277,-0.234086,-1.767274,0.424001,-0.155467,-0.249762,3.561607,-1.305924,80.305997,-0.490583,-0.607899,0.011872,2.544005,-0.932803,57.361426,0.09328,0.254401,-0.0
17.3,0.297319,1.607988,0.498911,-0.131941,0.241807,-1.750564,-0.237614,-1.759726,0.419734,-0.153253,-0.249717,3.525769,-1.287326,80.30638,-0.493403,-0.613332,0.011831,2.518407,-0.919518,57.3617,0.091952,0.251841,-0.0
17.32,0.300525,1.598422,0.498631,-0.147902,0.238298,-1.758245,-0.241125,-1.752067,0.415426,-0.151033,-0.249667,3.489579,-1.268681,80.306796,-0.496229,-0.618818,0.011787,2.492557,-0.906201,57.361997,0.09062,0.249256,-0.0
17.34,0.303712,1.588754,0.498319,-0.163853,0.234774,-1.765815,-0.244622,-1.744295,0.411076,-0.148808,-0.249614,3.45304,-1.24999,80.307246,-0.499064,-0.624357,0.01174,2.466457,-0.89285,57.362319,0.089285,0.246646,-0.0
17.36,0.30688,1.578985,0.497976,-0.179794,0.231235,-1.773271,-0.248102,-1.736411,0.406685,-0.146578,-0.249556,3.416155,-1.231255,80.30773,-0.501905,-0.62995,0.011692,2.440111,-0.879468,57.362664,0.087947,0.244011,-0.0
17.38,0.310028,1.569114,0.4976,-0.195723,0.227681,-1.780613,-0.251567,-1.728416,0.402253,-0.144342,-0.249494,3.378929,-1.212475,80.308247,-0.504753,-0.635594,0.011641,2.413521,-0.866054,57.363034,0.086605,0.241352,-0.0
17.4,0.313157,1.559143,0.497193,-0.21164,0.224112,-1.787842,-0.255016,-1.720311,0.397782,-0.142101,-0.249429,3.341365,-1.193652,80.308798,-0.507608,-0.64129,0.011588,2.386689,-0.852609,57.363427,0.085261,0.238669,-0.0
17.42,0.316265,1.549073,0.496753,-0.227543,0.220529,-1.794957,-0.258448,-1.712095,0.39327,-0.139855,-0.249359,3.303467,-1.174786,80.309382,-0.51047,-0.647038,0.011533,2.359619,-0.839133,57.363844,0.083913,0.235962,-0.0
17.44,0.319353,1.538903,0.496282,-0.243432,0.216932,-1.801956,-0.261864,-1.70377,0.388719,-0.137604,-0.249286,3.265238,-1.155877,80.31,-0.513339,-0.652835,0.011475,2.332313,-0.825626,57.364286,0.082563,0.233231,-0.0
17.46,0.32242,1.528634,0.49578,-0.259305,0.213322,-1.80884,-0.265263,-1.695336,0.384129,-0.135348,-0.249208,3.226683,-1.136927,80.310651,-0.516214,-0.658683,0.011415,2.304774,-0.812091,57.364751,0.081209,0.230477,-0.0
17.48,0.325467,1.518268,0.495245,-0.275161,0.209697,-1.815608,-0.268646,-1.686794,0.379501,-0.133088,-0.249127,3.187805,-1.117936,80.311336,-0.519095,-0.66458,0.011354,2.277004,-0.798525,57.36524,0.079853,0.2277,-0.0
17.5,0.328493,1.507805,0.494679,-0.291,0.206059,-1.822261,-0.272011,-1.678143,0.374834,-0.130822,-0.249041,3.148609,-1.098904,80.312054,-0.521984,-0.670526,0.011289,2.249006,-0.784932,57.365753,0.078493,0.224901,-0.0
17.52,0.331498,1.497245,0.494081,-0.30682,0.202408,-1.828796,-0.275358,-1.669385,0.370131,-0.128552,-0.248952,3.109097,-1.079833,80.312806,-0.524878,-0.67652,0.011223,2.220784,-0.771309,57.36629,0.077131,0.222078,-0.0
17.54,0.334482,1.486589,0.493452,-0.322621,0.198744,-1.835215,-0.278688,-1.66052,0.36539,-0.126277,-0.248858,3.069275,-1.060723,80.313591,-0.527778,-0.682561,0.011155,2.192339,-0.75766,57.366851,0.075766,0.219234,-0.0
17.56,0.337445,1.475838,0.492791,-0.338401,0.195067,-1.841516,-0.282,-1.651549,0.360613,-0.123997,-0.248761,3.029146,-1.041575,80.31441,-0.530685,-0.688649,0.011084,2.163676,-0.743982,57.367436,0.074398,0.216368,-0.0
17.58,0.340386,1.464993,0.492098,-0.354159,0.191378,-1.847699,-0.285294,-1.642473,0.355799,-0.121713,-0.248659,2.988714,-1.02239,80.315262,-0.533598,-0.694784,0.011012,2.134795,-0.730278,57.368044,0.073028,0.21348,-0.0
17.6,0.343305,1.454054,0.491374,-0.369895,0.187677,-1.853764,-0.28857,-1.633291,0.35095,-0.119425,-0.248554,2.947983,-1.003167,80.316147,-0.536516,-0.700965,0.010937,2.105702,-0.716548,57.368677,0.071655,0.21057,-0.0
17.62,0.346202,1.443021,0.490619,-0.385607,0.183963,-1.85971,-0.291827,-1.624004,0.346066,-0.117132,-0.248444,2.906957,-0.983909,80.317066,-0.53944,-0.70719,0.010861,2.076398,-0.702792,57.369333,0.070279,0.20764,-0.0
17.64,0.349077,1.431897,0.489832,-0.401294,0.180238,-1.865537,-0.295066,-1.614614,0.341148,-0.114835,-0.248331,2.86564,-0.964615,80.318019,-0.54237,-0.71346,0.010782,2.046886,-0.689011,57.370013,0.068901,0.204689,-0.0
17.66,0.351929,1.420681,0.489014,-0.416956,0.176501,-1.871245,-0.298286,-1.60512,0.336195,-0.112534,-0.248214,2.824037,-0.945287,80.319004,-0.545305,-0.719774,0.010702,2.017169,-0.675205,57.370717,0.06752,0.201717,-0.0
17.68,0.354759,1.409374,0.488164,-0.432591,0.172753,-1.876833,-0.301486,-1.595524,0.331209,-0.110229,-0.248092,2.782152,-0.925924,80.320023,-0.548246,-0.726132,0.01062,1.987251,-0.661374,57.371445,0.066137,0.198725,-0.0
17.7,0.357567,1.397976,0.487283,-0.448198,0.168994,-1.882301,-0.304668,-1.585825,0.326189,-0.10792,-0.247967,2.739988,-0.906528,80.321076,-0.551192,-0.732531,0.010535,1.957134,-0.64752,57.372197,0.064752,0.195713,-0.0
17.72,0.360351,1.38649,0.486371,-0.463776,0.165224,-1.887649,-0.30783,-1.576025,0.321137,-0.105607,-0.247838,2.69755,-0.887099,80.322161,-0.554143,-0.738973,0.010449,1.926822,-0.633642,57.372972,0.063364,0.192682,-0.0
17.74,0.363113,1.374914,0.485428,-0.479325,0.161443,-1.892875,-0.310972,-1.566124,0.316053,-0.10329,-0.247705,2.654843,-0.867639,80.32328,-0.5571,-0.745456,0.010361,1.896316,-0.619742,57.373772,0.061974,0.189632,-0.0
17.76,0.365851,1.363251,0.484454,-0.494844,0.157652,-1.897981,-0.314094,-1.556123,0.310937,-0.10097,-0.247568,2.61187,-0.848147,80.324433,-0.560061,-0.75198,0.010271,1.865622,-0.605819,57.374595,0.060582,0.186562,-0.0
17.78,0.368565,1.3515,0.483449,-0.51033,0.153852,-1.902965,-0.317196,-1.546023,0.30579,-0.098646,-0.247426,2.568636,-0.828625,80.325618,-0.563028,-0.758544,0.010179,1.83474,-0.591875,57.375442,0.059187,0.183474,-0.0
17.8,0.371257,1.339663,0.482413,-0.525784,0.150041,-1.907827,-0.320278,-1.535823,0.300613,-0.096318,-0.247281,2.525145,-0.809073,80.326837,-0.565999,-0.765147,0.010086,1.803675,-0.577909,57.376312,0.057791,0.180368,-0.0
17.82,0.373924,1.32774,0.481346,-0.541204,0.14622,-1.912567,-0.323339,-1.525525,0.295405,-0.093987,-0.247132,2.481402,-0.789491,80.328089,-0.568975,-0.771789,0.009991,1.77243,-0.563922,57.377206,0.056392,0.177243,-0.0
17.84,0.376568,1.315732,0.480248,-0.55659,0.142391,-1.917185,-0.32638,-1.515129,0.290168,-0.091653,-0.246979,2.43741,-0.769882,80.329374,-0.571955,-0.778469,0.009894,1.741007,-0.549915,57.378124,0.054992,0.174101,-0.0
17.86,0.379187,1.30364,0.479119,-0.57194,0.138552,-1.92168,-0.3294,-1.504637,0.284902,-0.089315,-0.246822,2.393175,-0.750244,80.330693,-0.57494,-0.785186,0.009795,1.709411,-0.535889,57.379066,0.053589,0.170941,-0.0
17.88,0.381782,1.291464,0.47796,-0.587253,0.134704,-1.926052,-0.332398,-1.494048,0.279607,-0.086974,-0.246661,2.3487,-0.73058,80.332044,-0.57793,-0.79194,0.009695,1.677643,-0.521843,57.380032,0.052184,0.167764,-0.0
17.9,0.384353,1.279206,0.47677,-0.602529,0.130847,-1.930301,-0.335376,-1.483364,0.274285,-0.08463,-0.246497,2.303991,-0.710889,80.333429,-0.580923,-0.79873,0.009593,1.645708,-0.507778,57.381021,0.050778,0.164571,-0.0
17.92,0.386899,1.266866,0.47555,-0.617766,0.126983,-1.934427,-0.338332,-1.472584,0.268935,-0.082282,-0.246328,2.259051,-0.691173,80.334847,-0.583921,-0.805556,0.009489,1.613608,-0.493695,57.382034,0.049369,0.161361,-0.0
17.94,0.38942,1.254445,0.474299,-0.632964,0.12311,-1.938428,-0.341266,-1.461711,0.263558,-0.079932,-0.246155,2.213885,-0.671432,80.336298,-0.586923,-0.812416,0.009384,1.581346,-0.479594,57.38307,0.047959,0.158135,-0.0
17.96,0.391917,1.241943,0.473018,-0.648121,0.119229,-1.942306,-0.344179,-1.450743,0.258154,-0.077579,-0.245978,2.168498,-0.651666,80.337782,-0.589929,-0.81931,0.009278,1.548927,-0.465476,57.38413,0.046548,0.154893,-0.0
17.98,0.394388,1.229362,0.471707,-0.663236,0.115341,-1.946059,-0.347069,-1.439683,0.252725,-0.075224,-0.245798,2.122894,-0.631878,80.339299,-0.592938,-0.826238,0.009169,1.516353,-0.451341,57.385214,0.045134,0.151635,-0.0
18.0,0.396834,1.216703,0.470365,-0.67831,0.111445,-1.949687,-0.349937,-1.428531,0.247271,-0.072865,-0.245613,2.077077,-0.612066,80.34085,-0.595952,-0.833198,0.00906,1.483627,-0.43719,57.386321,0.043719,0.148363,-0.0
18.02,0.399255,1.203965,0.468994,-0.69334,0.107542,-1.953191,-0.352783,-1.417288,0.241792,-0.070504,-0.245425,2.031053,-0.592232,80.342433,-0.598969,-0.84019,0.008949,1.450752,-0.423023,57.387452,0.042302,0.145075,-0.0
18.04,0.40165,1.191151,0.467592,-0.708325,0.103632,-1.95657,-0.355606,-1.405953,0.236289,-0.06814,-0.245232,1.984826,-0.572378,80.344049,-0.601989,-0.847213,0.008836,1.417733,-0.408841,57.388606,0.040884,0.141773,-0.0
18.06,0.404019,1.17826,0.46616,-0.723265,0.099716,-1.959823,-0.358407,-1.394529,0.230762,-0.065774,-0.245036,1.9384,-0.552502,80.345698,-0.605013,-0.854266,0.008722,1.384572,-0.394644,57.389784,0.039464,0.138457,-0.0
18.08,0.406363,1.165294,0.464699,-0.738159,0.095793,-1.962952,-0.361184,-1.383016,0.225212,-0.063406,-0.244836,1.891781,-0.532607,80.34738,-0.60804,-0.86135,0.008607,1.351272,-0.380433,57.390986,0.038043,0.135127,-0.0
18.1,0.40868,1.152253,0.463208,-0.753006,0.091864,-1.965954,-0.363939,-1.371414,0.21964,-0.061035,-0.244632,1.844972,-0.512692,80.349095,-0.61107,-0.868463,0.00849,1.317837,-0.366209,57.392211,0.036621,0.131784,-0.0
18.12,0.410972,1.139138,0.461687,-0.767804,0.087929,-1.968831,-0.36667,-1.359724,0.214045,-0.058662,-0.244423,1.797979,-0.492759,80.350843,-0.614104,-0.875604,0.008372,1.284271,-0.351971,57.393459,0.035197,0.128427,-0.0
18.14,0.413237,1.125951,0.460137,-0.782553,0.083989,-1.971582,-0.369378,-1.347947,0.208429,-0.056287,-0.244211,1.750806,-0.472808,80.352624,-0.61714,-0.882773,0.008253,1.250576,-0.33772,57.394731,0.033772,0.125058,-0.0
18.16,0.415475,1.112692,0.458557,-0.797252,0.080043,-1.974206,-0.372062,-1.336084,0.202793,-0.05391,-0.243996,1.703458,-0.45284,80.354437,-0.620179,-0.889968,0.008132,1.216756,-0.323457,57.396027,0.032346,0.121676,-0.0
18.18,0.417688,1.099361,0.456948,-0.8119,0.076092,-1.976704,-0.374722,-1.324135,0.197136,-0.051531,-0.243776,1.65594,-0.432856,80.356284,-0.623221,-0.89719,0.00801,1.182814,-0.309183,57.397345,0.030918,0.118281,-0.0
18.2,0.419873,1.08596,0.455309,-0.826497,0.072136,-1.979076,-0.377358,-1.312102,0.191459,-0.04915,-0.243552,1.608256,-0.412857,80.358163,-0.626266,-0.904438,0.007887,1.148754,-0.294898,57.398688,0.02949,0.114875,-0.0
18.22,0.422031,1.072489,0.453642,-0.84104,0.068176,-1.981321,-0.37997,-1.299985,0.185763,-0.046767,-0.243324,1.560411,-0.392842,80.360075,-0.629313,-0.91171,0.007763,1.114579,-0.280601,57.400053,0.02806,0.111458,-0.0
18.24,0.424163,1.05895,0.451945,-0.855529,0.064211,-1.983439,-0.382558,-1.287784,0.180049,-0.044383,-0.243093,1.51241,-0.372813,80.362019,-0.632363,-0.919007,0.007638,1.080293,-0.266295,57.401442,0.02663,0.108029,-0.0
18.26,0.426267,1.045343,0.45022,-0.869964,0.060242,-1.98543,-0.385121,-1.275501,0.174316,-0.041997,-0.242858,1.464258,-0.352771,80.363996,-0.635415,-0.926327,0.007511,1.045899,-0.251979,57.402854,0.025198,0.10459,-0.0
18.28,0.428344,1.031669,0.448465,-0.884343,0.05627,-1.987295,-0.38766,-1.263137,0.168567,-0.039609,-0.242618,1.41596,-0.332716,80.366006,-0.638469,-0.933669,0.007384,1.0114,-0.237655,57.40429,0.023765,0.10114,-0.0
18.3,0.430394,1.017929,0.446682,-0.898666,0.052293,-1.989032,-0.390174,-1.250691,0.1628,-0.03722,-0.242375,1.367519,-0.31265,80.368049,-0.641525,-0.941033,0.007255,0.9768,-0.223321,57.405749,0.022332,0.09768,-0.0
18.32,0.432416,1.004124,0.444871,-0.912931,0.048313,-1.990641,-0.392663,-1.238166,0.157017,-0.03483,-0.242128,1.318943,-0.292572,80.370124,-0.644583,-0.948419,0.007126,0.942102,-0.20898,57.407231,0.020898,0.09421,-0.0
18.34,0.43441,0.990255,0.443031,-0.927137,0.044331,-1.992124,-0.395127,-1.225561,0.151218,-0.032438,-0.241877,1.270234,-0.272483,80.372231,-0.647643,-0.955825,0.006995,0.90731,-0.194631,57.408737,0.019463,0.090731,-0.0
18.36,0.436377,0.976322,0.441162,-0.941284,0.040345,-1.993478,-0.397565,-1.212878,0.145405,-0.030046,-0.241622,1.221398,-0.252385,80.374371,-0.650705,-0.963251,0.006864,0.872427,-0.180275,57.410265,0.018027,0.087243,-0.0
18.38,0.438315,0.962327,0.439265,-0.955371,0.036357,-1.994706,-0.399978,-1.200117,0.139576,-0.027652,-0.241364,1.17244,-0.232277,80.376544,-0.653768,-0.970695,0.006731,0.837457,-0.165912,57.411817,0.016591,0.083746,-0.0
18.4,0.440226,0.948271,0.437341,-0.969397,0.032366,-1.995805,-0.402365,-1.18728,0.133734,-0.025257,-0.241101,1.123365,-0.212161,80.378749,-0.656833,-0.978158,0.006598,0.802404,-0.151544,57.413392,0.015154,0.08024,-0.0
18.42,0.442108,0.934153,0.435388,-0.983361,0.028374,-1.996777,-0.404727,-1.174366,0.127878,-0.022862,-0.240835,1.074178,-0.192038,80.380986,-0.6599,-0.985639,0.006464,0.76727,-0.13717,57.41499,0.013717,0.076727,-0.0
18.44,0.443963,0.919976,0.433407,-0.997261,0.024379,-1.997621,-0.407063,-1.161377,0.12201,-0.020465,-0.240565,1.024883,-0.171908,80.383256,-0.662968,-0.993136,0.006329,0.732059,-0.122791,57.416611,0.012279,0.073206,-0.0
18.46,0.445788,0.90574,0.431399,-1.011098,0.020383,-1.998337,-0.409373,-1.148314,0.116129,-0.018068,-0.240291,0.975485,-0.151771,80.385558,-0.666037,-1.000649,0.006193,0.696775,-0.108408,57.418256,0.010841,0.069678,-0.0
18.48,0.447585,0.891446,0.429363,-1.024871,0.016386,-1.998926,-0.411656,-1.135178,0.110237,-0.01567,-0.240013,0.925991,-0.131629,80.387892,-0.669107,-1.008177,0.006057,0.661422,-0.094021,57.419923,0.009402,0.066142,-0.0
18.5,0.449354,0.877095,0.427299,-1.038577,0.012388,-1.999386,-0.413913,-1.121969,0.104334,-0.013272,-0.239731,0.876403,-0.111482,80.390259,-0.672178,-1.01572,0.005919,0.626002,-0.07963,57.421614,0.007963,0.0626,-0.0
18.52,0.451094,0.862687,0.425209,-1.052218,0.008389,-1.999719,-0.416144,-1.108688,0.09842,-0.010873,-0.239445,0.826728,-0.091331,80.392658,-0.67525,-1.023276,0.005782,0.59052,-0.065237,57.423327,0.006524,0.059052,-0.0
18.54,0.452805,0.848225,0.423091,-1.06579,0.004389,-1.999923,-0.418348,-1.095336,0.092496,-0.008473,-0.239156,0.77697,-0.071177,80.395089,-0.678322,-1.030846,0.005643,0.554979,-0.050841,57.425064,0.005084,0.055498,-0.0
18.56,0.454487,0.833708,0.420946,-1.079295,0.000389,-1.999999,-0.420525,-1.081914,0.086564,-0.006074,-0.238863,0.727134,-0.051021,80.397552,-0.681396,-1.038428,0.005504,0.519382,-0.036443,57.426823,0.003644,0.051938,-0.0
18.58,0.45614,0.819138,0.418773,-1.092731,-0.003611,-1.999948,-0.422676,-1.068422,0.080622,-0.003674,-0.238566,0.677226,-0.030862,80.400047,-0.68447,-1.046021,0.005364,0.483733,-0.022044,57.428605,0.002204,0.048373,-0.0
18.6,0.457763,0.804516,0.416575,-1.106096,-0.007611,-1.999768,-0.424799,-1.054863,0.074673,-0.001274,-0.238265,0.62725,-0.010703,80.402575,-0.687544,-1.053625,0.005224,0.448036,-0.007645,57.430411,0.000764,0.044804,-0.0
18.62,0.459358,0.789842,0.414349,-1.119391,-0.01161,-1.999461,-0.426895,-1.041235,0.068716,0.001126,-0.23796,0.577212,0.009457,80.405134,-0.690619,-1.061238,0.005083,0.412294,0.006755,57.432239,-0.000676,0.041229,0.0
18.64,0.460923,0.775117,0.412097,-1.132614,-0.015608,-1.999025,-0.428964,-1.027542,0.062752,0.003526,-0.237652,0.527115,0.029617,80.407726,-0.693694,-1.068861,0.004941,0.376511,0.021155,57.43409,-0.002115,0.037651,0.0
18.66,0.462458,0.760343,0.409819,-1.145765,-0.019606,-1.998462,-0.431005,-1.013782,0.056782,0.005926,-0.237339,0.476966,0.049776,80.410349,-0.696769,-1.076493,0.004799,0.34069,0.035554,57.435963,-0.003555,0.034069,0.0
18.68,0.463964,0.74552,0.407514,-1.158842,-0.023602,-1.99777,-0.433019,-0.999958,0.050806,0.008325,-0.237023,0.426769,0.069932,80.413004,-0.699844,-1.084132,0.004657,0.304835,0.049952,57.43786,-0.004995,0.030484,0.0
18.7,0.46544,0.730649,0.405183,-1.171846,-0.027597,-1.996951,-0.435005,-0.986069,0.044825,0.010725,-0.236703,0.37653,0.090087,80.415691,-0.702919,-1.091778,0.004514,0.26895,0.064348,57.439779,-0.006435,0.026895,0.0
18.72,0.466886,0.715732,0.402827,-1.184774,-0.03159,-1.996004,-0.436963,-0.972118,0.03884,0.013124,-0.23638,0.326253,0.110238,80.41841,-0.705994,-1.09943,0.004371,0.233038,0.078741,57.441721,-0.007874,0.023304,0.0
18.74,0.468303,0.700769,0.400444,-1.197626,-0.035581,-1.99493,-0.438893,-0.958104,0.03285,0.015522,-0.236052,0.275943,0.130385,80.421161,-0.709068,-1.107088,0.004228,0.197102,0.093132,57.443686,-0.009313,0.01971,0.0
18.76,0.46969,0.685761,0.398036,-1.210402,-0.03957,-1.993727,-0.440795,-0.944029,0.026858,0.01792,-0.235721,0.225606,0.150527,80.423943,-0.712142,-1.11475,0.004084,0.161147,0.107519,57.445674,-0.010752,0.016115,0.0
18.78,0.471046,0.670709,0.395603,-1.2231,-0.043556,-1.992397,-0.442669,-0.929893,0.020863,0.020317,-0.235386,0.175246,0.170664,80.426757,-0.715216,-1.122416,0.00394,0.125175,0.121903,57.447684,-0.01219,0.012518,0.0
18.8,0.472372,0.655614,0.393144,-1.23572,-0.047539,-1.99094,-0.444515,-0.915698,0.014865,0.022714,-0.235047,0.124868,0.190795,80.429603,-0.718288,-1.130086,0.003796,0.089192,0.136282,57.449716,-0.013628,0.008919,0.0
18.82,0.473668,0.640478,0.39066,-1.248261,-0.051519,-1.989355,-0.446332,-0.901445,0.008866,0.025109,-0.234705,0.074478,0.210919,80.43248,-0.72136,-1.137757,0.003652,0.053199,0.150656,57.451771,-0.015066,0.00532,0.0
18.84,0.474934,0.6253,0.388151,-1.260722,-0.055496,-1.987642,-0.448121,-0.887133,0.002867,0.027504,-0.234358,0.024081,0.231035,80.435389,-0.724431,-1.14543,0.003507,0.017201,0.165025,57.453849,-0.016502,0.00172,0.0
18.86,0.47617,0.610082,0.385617,-1.273103,-0.05947,-1.985803,-0.449881,-0.872765,-0.003133,0.029898,-0.234008,-0.026319,0.251143,80.438329,-0.727502,-1.153104,0.003362,-0.018799,0.179388,57.455949,-0.017939,-0.00188,0.0
18.88,0.477375,0.594826,0.383059,-1.285402,-0.06344,-1.983836,-0.451612,-0.858341,-0.009133,0.032291,-0.233655,-0.076716,0.271242,80.441301,-0.730571,-1.160778,0.003217,-0.054797,0.193744,57.458072,-0.019374,-0.00548,0.0
18.9,0.478549,0.579531,0.380476,-1.297618,-0.067405,-1.981743,-0.453314,-0.843862,-0.015132,0.034682,-0.233297,-0.127106,0.291331,80.444304,-0.733638,-1.168452,0.003072,-0.09079,0.208094,57.460217,-0.020809,-0.009079,0.0
18.92,0.479693,0.564199,0.377868,-1.309752,-0.071366,-1.979522,-0.454987,-0.829329,-0.021129,0.037073,-0.232936,-0.177482,0.31141,80.447339,-0.736705,-1.176124,0.002927,-0.126773,0.222436,57.462385,-0.022244,-0.012677,0.0
18.94,0.480806,0.548831,0.375237,-1.321801,-0.075323,-1.977175,-0.456631,-0.814743,-0.027124,0.039462,-0.232571,-0.227841,0.331477,80.450404,-0.73977,-1.183793,0.002782,-0.162744,0.23677,57.464575,-0.023677,-0.016274,0.0
18.96,0.481888,0.533427,0.372581,-1.333767,-0.079275,-1.974702,-0.458246,-0.800105,-0.033116,0.041849,-0.232202,-0.278178,0.351533,80.453501,-0.742834,-1.19146,0.002638,-0.198698,0.251095,57.466787,-0.025109,-0.01987,0.0
18.98,0.482939,0.51799,0.369902,-1.345646,-0.083222,-1.972102,-0.459832,-0.785416,-0.039105,0.044235,-0.23183,-0.328486,0.371576,80.45663,-0.745895,-1.199123,0.002493,-0.234633,0.265411,57.469021,-0.026541,-0.023463,0.0
19.0,0.48396,0.50252,0.367199,-1.35744,-0.087163,-1.969376,-0.461388,-0.770676,-0.045091,0.04662,-0.231454,-0.378762,0.391605,80.459789,-0.748956,-1.206781,0.002348,-0.270544,0.279718,57.471278,-0.027972,-0.027054,0.0
19.02,0.484949,0.487017,0.364472,-1.369147,-0.091099,-1.966523,-0.462914,-0.755887,-0.051071,0.049002,-0.231074,-0.428999,0.411621,80.46298,-0.752014,-1.214434,0.002203,-0.306428,0.294015,57.473557,-0.029401,-0.030643,0.0
19.04,0.485908,0.471483,0.361722,-1.380766,-0.095029,-1.963545,-0.464411,-0.74105,-0.057047,0.051383,-0.23069,-0.479194,0.431621,80.466201,-0.75507,-1.222081,0.002059,-0.342282,0.308301,57.475858,-0.03083,-0.034228,0.0
19.06,0.486835,0.455919,0.358949,-1.392297,-0.098953,-1.960442,-0.465878,-0.726165,-0.063017,0.053763,-0.230303,-0.529341,0.451606,80.469454,-0.758124,-1.229721,0.001914,-0.378101,0.322576,57.478181,-0.032258,-0.03781,0.0
19.08,0.487732,0.440326,0.356153,-1.403739,-0.102871,-1.957212,-0.467316,-0.711234,-0.06898,0.05614,-0.229912,-0.579435,0.471575,80.472738,-0.761176,-1.237354,0.00177,-0.413882,0.336839,57.480527,-0.033684,-0.041388,0.0
19.1,0.488597,0.424705,0.353334,-1.41509,-0.106782,-1.953858,-0.468723,-0.696258,-0.074937,0.058515,-0.229518,-0.629471,0.491527,80.476052,-0.764226,-1.244978,0.001626,-0.449622,0.351091,57.482894,-0.035109,-0.044962,0.0
19.12,0.48943,0.409056,0.350493,-1.426352,-0.110686,-1.950378,-0.470101,-0.681236,-0.080886,0.060888,-0.229119,-0.679444,0.511461,80.479397,-0.767273,-1.252593,0.001483,-0.485317,0.365329,57.485284,-0.036533,-0.048532,0.0
19.14,0.490233,0.393382,0.347629,-1.437522,-0.114584,-1.946774,-0.471448,-0.666171,-0.086827,0.063259,-0.228717,-0.729349,0.531377,80.482773,-0.770318,-1.260198,0.00134,-0.520964,0.379555,57.487695,-0.037956,-0.052096,0.0
19.16,0.491004,0.377682,0.344743,-1.4486,-0.118473,-1.943045,-0.472766,-0.651064,-0.09276,0.065628,-0.228312,-0.779181,0.551274,80.48618,-0.77336,-1.267793,0.001197,-0.556558,0.393767,57.490129,-0.039377,-0.055656,0.0
19.18,0.491743,0.361958,0.341834,-1.459585,-0.122356,-1.939192,-0.474053,-0.635915,-0.098683,0.067994,-0.227903,-0.828936,0.57115,80.489618,-0.7764,-1.275376,0.001054,-0.592097,0.407965,57.492584,-0.040796,-0.05921,0.0
19.2,0.492452,0.34621,0.338904,-1.470477,-0.12623,-1.935215,-0.475309,-0.620725,-0.104596,0.070358,-0.22749,-0.878607,0.591007,80.493086,-0.779436,-1.282947,0.000912,-0.627576,0.422148,57.495061,-0.042215,-0.062758,0.0
19.22,0.493128,0.330441,0.335953,-1.481275,-0.130096,-1.931113,-0.476535,-0.605495,-0.110499,0.072719,-0.227073,-0.92819,0.610842,80.496585,-0.78247,-1.290506,0.00077,-0.662993,0.436315,57.497561,-0.043632,-0.066299,0.0
19.24,0.493773,0.314651,0.332979,-1.491978,-0.133955,-1.926888,-0.477731,-0.590227,-0.116391,0.075078,-0.226653,-0.977681,0.630654,80.500114,-0.7855,-1.29805,0.000629,-0.698344,0.450467,57.500081,-0.045047,-0.069834,0.0
19.26,0.494387,0.29884,0.329985,-1.502585,-0.137804,-1.92254,-0.478896,-0.574921,-0.122271,0.077434,-0.226229,-1.027074,0.650445,80.503674,-0.788527,-1.305581,0.000489,-0.733624,0.464603,57.502624,-0.04646,-0.073362,0.0
19.28,0.494969,0.28301,0.326969,-1.513096,-0.141645,-1.918069,-0.480031,-0.559578,-0.128139,0.079787,-0.225802,-1.076364,0.670212,80.507264,-0.791551,-1.313096,0.000348,-0.768832,0.478723,57.505188,-0.047872,-0.076883,0.0
19.3,0.495519,0.267162,0.323932,-1.523511,-0.145476,-1.913475,-0.481135,-0.544199,-0.133994,0.082137,-0.225371,-1.125547,0.689954,80.510884,-0.794572,-1.320595,0.000209,-0.803962,0.492824,57.507775,-0.049282,-0.080396,0.0
19.32,0.496037,0.251297,0.320875,-1.533828,-0.149298,-1.908759,-0.482208,-0.528786,-0.139835,0.084485,-0.224936,-1.174617,0.709672,80.514535,-0.797589,-1.328078,7e-05,-0.839012,0.506909,57.510382,-0.050691,-0.083901,0.0
19.34,0.496524,0.235416,0.317797,-1.544047,-0.153111,-1.90392,-0.48325,-0.513338,-0.145663,0.086829,-0.224498,-1.22357,0.729364,80.518216,-0.800603,-1.335544,-6.8e-05,-0.873978,0.520975,57.513011,-0.052097,-0.087398,0.0
19.36,0.496979,0.21952,0.314699,-1.554167,-0.156914,-1.89896,-0.484261,-0.497858,-0.151476,0.08917,-0.224056,-1.2724,0.74903,80.521927,-0.803613,-1.342991,-0.000206,-0.908857,0.535022,57.515662,-0.053502,-0.090886,0.0
19.38,0.497402,0.20361,0.311581,-1.564187,-0.160707,-1.893878,-0.485241,-0.482346,-0.157274,0.091508,-0.223611,-1.321103,0.76867,80.525669,-0.806619,-1.350419,-0.000343,-0.943645,0.54905,57.518335,-0.054905,-0.094364,0.0
19.4,0.497793,0.187687,0.308442,-1.574108,-0.164489,-1.888675,-0.48619,-0.466803,-0.163056,0.093843,-0.223162,-1.369674,0.788281,80.52944,-0.809621,-1.357828,-0.000479,-0.978338,0.563058,57.521028,-0.056306,-0.097834,0.0
19.42,0.498153,0.171751,0.305284,-1.583927,-0.168261,-1.883351,-0.487108,-0.45123,-0.168822,0.096174,-0.222709,-1.418107,0.807864,80.533241,-0.812619,-1.365217,-0.000614,-1.012934,0.577046,57.523744,-0.057705,-0.101293,0.0
19.44,0.49848,0.155805,0.302107,-1.593646,-0.172023,-1.877906,-0.487995,-0.435628,-0.174571,0.098502,-0.222253,-1.4664,0.827418,80.537072,-0.815612,-1.372584,-0.000749,-1.047428,0.591013,57.52648,-0.059101,-0.104743,0.0
19.46,0.498776,0.139849,0.29891,-1.603262,-0.175773,-1.872341,-0.488851,-0.419999,-0.180303,0.100826,-0.221794,-1.514545,0.846942,80.540934,-0.818602,-1.37993,-0.000883,-1.081818,0.604959,57.529238,-0.060496,-0.108182,0.0
19.48,0.49904,0.123884,0.295694,-1.612776,-0.179512,-1.866657,-0.489675,-0.404342,-0.186017,0.103147,-0.22133,-1.562539,0.866436,80.544825,-0.821587,-1.387253,-0.001016,-1.116099,0.618883,57.532018,-0.061888,-0.11161,0.0
19.5,0.499272,0.107911,0.292459,-1.622186,-0.18324,-1.860853,-0.490468,-0.38866,-0.191712,0.105464,-0.220864,-1.610377,0.885898,80.548745,-0.824568,-1.394553,-0.001148,-1.150269,0.632784,57.534818,-0.063278,-0.115027,0.0
19.52,0.499472,0.091931,0.289205,-1.631493,-0.186955,-1.854929,-0.49123,-0.372953,-0.197387,0.107777,-0.220393,-1.658053,0.905329,80.552696,-0.827544,-1.401829,-0.001279,-1.184324,0.646663,57.53764,-0.064666,-0.118432,0.0
19.54,0.499639,0.075945,0.285933,-1.640695,-0.190659,-1.848888,-0.49196,-0.357221,-0.203043,0.110087,-0.21992,-1.705564,0.924727,80.556676,-0.830516,-1.409081,-0.001409,-1.21826,0.660519,57.540483,-0.066052,-0.121826,0.0
19.56,0.499775,0.059954,0.282642,-1.649792,-0.194351,-1.842727,-0.492659,-0.341467,-0.208679,0.112392,-0.219442,-1.752905,0.944092,80.560685,-0.833483,-1.416307,-0.001538,-1.252075,0.674351,57.543347,-0.067435,-0.125207,0.0
19.58,0.499879,0.04396,0.279334,-1.658784,-0.19803,-1.836449,-0.493326,-0.325692,-0.214294,0.114693,-0.218961,-1.80007,0.963422,80.564724,-0.836444,-1.423507,-0.001666,-1.285764,0.688159,57.546232,-0.068816,-0.128576,0.0
19.6,0.499951,0.027962,0.276007,-1.667669,-0.201697,-1.830054,-0.493961,-0.309895,-0.219887,0.11699,-0.218477,-1.847055,0.982718,80.568793,-0.839401,-1.43068,-0.001793,-1.319325,0.701942,57.549138,-0.070194,-0.131932,0.0
19.62,0.499991,0.011963,0.272663,-1.676448,-0.20535,-1.823541,-0.494565,-0.294078,-0.225459,0.119283,-0.217989,-1.893855,1.001979,80.57289,-0.842353,-1.437825,-0.001919,-1.352754,0.715699,57.552065,-0.07157,-0.135275,0.0
19.64,0.499999,-0.004037,0.269301,-1.68512,-0.208991,-1.816911,-0.495138,-0.278243,-0.231008,0.121572,-0.217498,-1.940466,1.021204,80.577018,-0.8453,-1.444942,-0.002044,-1.386047,0.729431,57.555013,-0.072943,-0.138605,0.0
19.66,0.499975,-0.020036,0.265923,-1.693683,-0.212618,-1.810166,-0.495678,-0.26239,-0.236534,0.123856,-0.217003,-1.986883,1.040391,80.581174,-0.848241,-1.45203,-0.002168,-1.419202,0.743137,57.557981,-0.074314,-0.14192,0.0
19.68,0.499919,-0.036035,0.262527,-1.702138,-0.216231,-1.803304,-0.496187,-0.24652,-0.242036,0.126136,-0.216505,-2.033101,1.059542,80.58536,-0.851177,-1.459089,-0.00229,-1.452215,0.756815,57.560971,-0.075682,-0.145222,0.0
19.7,0.499831,-0.052031,0.259114,-1.710485,-0.219831,-1.796327,-0.496664,-0.230634,-0.247514,0.128411,-0.216003,-2.079116,1.078654,80.589574,-0.854107,-1.466117,-0.002412,-1.485083,0.770467,57.563982,-0.077047,-0.148508,0.0
19.72,0.499711,-0.068024,0.255685,-1.718722,-0.223416,-1.789235,-0.49711,-0.214734,-0.252967,0.130682,-0.215498,-2.124923,1.097727,80.593818,-0.857031,-1.473114,-0.002532,-1.517802,0.784091,57.567013,-0.078409,-0.15178,0.0
19.74,0.499559,-0.084012,0.252239,-1.726848,-0.226988,-1.782028,-0.497523,-0.19882,-0.258395,0.132948,-0.214989,-2.170518,1.116761,80.59809,-0.85995,-1.48008,-0.002651,-1.55037,0.797687,57.570065,-0.079769,-0.155037,0.0
19.76,0.499375,-0.099995,0.248778,-1.734865,-0.230544,-1.774708,-0.497905,-0.182893,-0.263797,0.135209,-0.214477,-2.215895,1.135755,80.602392,-0.862863,-1.487013,-0.002768,-1.582782,0.811253,57.573137,-0.081125,-0.158278,0.0
19.78,0.499159,-0.115972,0.2453,-1.74277,-0.234086,-1.767274,-0.498255,-0.166954,-0.269173,0.137465,-0.213962,-2.261051,1.154708,80.606722,-0.86577,-1.493912,-0.002885,-1.615037,0.824791,57.57623,-0.082479,-0.161504,0.0
19.8,0.498911,-0.131941,0.241807,-1.750564,-0.237614,-1.759726,-0.498573,-0.151005,-0.274522,0.139717,-0.213443,-2.305981,1.173619,80.611081,-0.868672,-1.500778,-0.003,-1.647129,0.838299,57.579344,-0.08383,-0.164713,0.0
19.82,0.498631,-0.147902,0.238298,-1.758245,-0.241125,-1.752067,-0.498859,-0.135046,-0.279843,0.141963,-0.21292,-2.35068,1.192488,80.615469,-0.871566,-1.50761,-0.003113,-1.679057,0.851777,57.582478,-0.085178,-0.167906,0.0
19.84,0.498319,-0.163853,0.234774,-1.765815,-0.244622,-1.744295,-0.499113,-0.119078,-0.285136,0.144204,-0.212395,-2.395144,1.211314,80.619886,-0.874455,-1.514406,-0.003225,-1.710817,0.865224,57.585633,-0.086522,-0.171082,0.0
19.86,0.497976,-0.179794,0.231235,-1.773271,-0.248102,-1.736411,-0.499335,-0.103103,-0.290401,0.14644,-0.211865,-2.439369,1.230096,80.62433,-0.877337,-1.521166,-0.003336,-1.742406,0.87864,57.588807,-0.087864,-0.174241,0.0
19.88,0.4976,-0.195723,0.227681,-1.780613,-0.251567,-1.728416,-0.499525,-0.087121,-0.295637,0.148671,-0.211333,-2.48335,1.248834,80.628804,-0.880213,-1.52789,-0.003445,-1.773821,0.892025,57.592003,-0.089202,-0.177382,0.0
19.9,0.497193,-0.21164,0.224112,-1.787842,-0.255016,-1.720311,-0.499684,-0.071134,-0.300843,0.150896,-0.210797,-2.527082,1.267528,80.633306,-0.883083,-1.534577,-0.003553,-1.805058,0.905377,57.595218,-0.090538,-0.180506,0.0
19.92,0.496753,-0.227543,0.220529,-1.794957,-0.258448,-1.712095,-0.49981,-0.055142,-0.306019,0.153116,-0.210258,-2.570561,1.286175,80.637836,-0.885945,-1.541226,-0.003659,-1.836115,0.918697,57.598454,-0.09187,-0.183612,0.0
19.94,0.496282,-0.243432,0.216932,-1.801956,-0.261864,-1.70377,-0.499904,-0.039146,-0.311165,0.155331,-0.209715,-2.613784,1.304776,80.642394,-0.888801,-1.547836,-0.003764,-1.866989,0.931983,57.60171,-0.093198,-0.186699,0.0
19.96,0.49578,-0.259305,0.213322,-1.80884,-0.265263,-1.695336,-0.499967,-0.023148,-0.316279,0.157539,-0.209169,-2.656745,1.323331,80.646981,-0.89165,-1.554407,-0.003867,-1.897675,0.945236,57.604986,-0.094524,-0.189768,0.0
19.98,0.495245,-0.275161,0.209697,-1.815608,-0.268646,-1.686794,-0.499997,-0.007149,-0.321362,0.159743,-0.20862,-2.699441,1.341837,80.651596,-0.894492,-1.560938,-0.003969,-1.928172,0.958455,57.608283,-0.095846,-0.192817,0.0
20.0,0.494679,-0.291,0.206059,-1.822261,-0.272011,-1.678143,-0.499995,0.008851,-0.326413,0.16194,-0.208067,-2.741866,1.360296,80.656238,-0.897327,-1.567429,-0.004069,-1.958476,0.97164,57.611599,-0.097164,-0.195848,0.0
20.02,0.494081,-0.30682,0.202408,-1.828796,-0.275358,-1.669385,-0.499961,0.024851,-0.331431,0.164132,-0.207511,-2.784018,1.378705,80.660909,-0.900155,-1.573879,-0.004167,-1.988584,0.984789,57.614935,-0.098479,-0.198858,0.0
20.04,0.493452,-0.322621,0.198744,-1.835215,-0.278688,-1.66052,-0.499896,0.040849,-0.336416,0.166317,-0.206951,-2.825891,1.397065,80.665608,-0.902975,-1.580286,-0.004264,-2.018493,0.997903,57.618291,-0.09979,-0.201849,0.0
20.06,0.492791,-0.338401,0.195067,-1.841516,-0.282,-1.651549,-0.499798,0.056844,-0.341367,0.168497,-0.206389,-2.867481,1.415374,80.670334,-0.905788,-1.586652,-0.004359,-2.048201,1.010982,57.621667,-0.101098,-0.20482,0.0
20.08,0.492098,-0.354159,0.191378,-1.847699,-0.285294,-1.642473,-0.499668,0.072835,-0.346284,0.170671,-0.205823,-2.908785,1.433633,80.675088,-0.908594,-1.592974,-0.004452,-2.077704,1.024023,57.625063,-0.102402,-0.20777,0.0
20.1,0.491374,-0.369895,0.187677,-1.853764,-0.28857,-1.633291,-0.499507,0.088822,-0.351166,0.172838,-0.205254,-2.949798,1.45184,80.67987,-0.911392,-1.599253,-0.004543,-2.106998,1.037028,57.628479,-0.103703,-0.2107,0.0
20.12,0.490619,-0.385607,0.183963,-1.85971,-0.291827,-1.624004,-0.499313,0.104803,-0.356014,0.174999,-0.204681,-2.990516,1.469994,80.684679,-0.914182,-1.605488,-0.004633,-2.136083,1.049996,57.631914,-0.105,-0.213608,0.0
20.14,0.489832,-0.401294,0.180238,-1.865537,-0.295066,-1.614614,-0.499087,0.120778,-0.360826,0.177154,-0.204105,-3.030934,1.488096,80.689516,-0.916965,-1.611677,-0.004721,-2.164953,1.062926,57.635369,-0.106293,-0.216495,0.0
20.16,0.489014,-0.416956,0.176501,-1.871245,-0.298286,-1.60512,-0.49883,0.136745,-0.365601,0.179303,-0.203526,-3.07105,1.506144,80.694381,-0.919739,-1.617822,-0.004807,-2.193607,1.075817,57.638843,-0.107582,-0.219361,0.0
20.18,0.488164,-0.432591,0.172753,-1.876833,-0.301486,-1.595524,-0.49854,0.152703,-0.37034,0.181445,-0.202944,-3.110859,1.524138,80.699272,-0.922506,-1.62392,-0.004891,-2.222042,1.08867,57.642337,-0.108867,-0.222204,0.0
20.2,0.487283,-0.448198,0.168994,-1.882301,-0.304668,-1.585825,-0.498219,0.168651,-0.375042,0.183581,-0.202358,-3.150356,1.542077,80.704191,-0.925265,-1.629971,-0.004973,-2.250254,1.101484,57.645851,-0.110148,-0.225025,0.0
20.22,0.486371,-0.463776,0.165224,-1.887649,-0.30783,-1.576025,-0.497866,0.184588,-0.379707,0.18571,-0.201769,-3.189539,1.559961,80.709138,-0.928015,-1.635975,-0.005054,-2.278242,1.114258,57.649384,-0.111426,-0.227824,0.0
20.24,0.485428,-0.479325,0.161443,-1.892875,-0.310972,-1.566124,-0.497481,0.200514,-0.384334,0.187832,-0.201177,-3.228402,1.577788,80.714111,-0.930757,-1.641931,-0.005132,-2.306001,1.126991,57.652936,-0.112699,-0.2306,0.0
20.26,0.484454,-0.494844,0.157652,-1.897981,-0.314094,-1.556123,-0.497064,0.216427,-0.388922,0.189947,-0.200582,-3.266943,1.595558,80.719111,-0.933491,-1.647839,-0.005209,-2.333531,1.139685,57.656508,-0.113968,-0.233353,0.0
20.28,0.483449,-0.51033,0.153852,-1.902965,-0.317196,-1.546023,-0.496615,0.232326,-0.393471,0.192056,-0.199984,-3.305157,1.613272,80.724138,-0.936217,-1.653697,-0.005283,-2.360826,1.152337,57.660099,-0.115234,-0.236083,0.0
20.3,0.482413,-0.525784,0.150041,-1.907827,-0.320278,-1.535823,-0.496135,0.24821,-0.397981,0.194158,-0.199382,-3.34304,1.630927,80.729193,-0.938933,-1.659506,-0.005356,-2.387886,1.164948,57.663709,-0.116495,-0.238789,0.0
20.32,0.481346,-0.541204,0.14622,-1.912567,-0.323339,-1.525525,-0.495622,0.264078,-0.402451,0.196253,-0.198777,-3.380589,1.648523,80.734274,-0.941642,-1.665265,-0.005426,-2.414707,1.177516,57.667338,-0.117752,-0.241471,0.0
20.34,0.480248,-0.55659,0.142391,-1.917185,-0.32638,-1.515129,-0.495078,0.279929,-0.406881,0.19834,-0.198169,-3.4178,1.66606,80.739381,-0.944341,-1.670972,-0.005495,-2.441286,1.190043,57.670987,-0.119004,-0.244129,0.0
20.36,0.479119,-0.57194,0.138552,-1.92168,-0.3294,-1.504637,-0.494503,0.295763,-0.41127,0.200421,-0.197558,-3.45467,1.683537,80.744516,-0.947031,-1.676629,-0.005561,-2.467621,1.202526,57.674654,-0.120253,-0.246762,0.0
20.38,0.47796,-0.587253,0.134704,-1.926052,-0.332398,-1.494048,-0.493895,0.311577,-0.415618,0.202494,-0.196943,-3.491194,1.700953,80.749676,-0.949713,-1.682233,-0.005625,-2.49371,1.214967,57.67834,-0.121497,-0.249371,0.0
20.4,0.47677,-0.602529,0.130847,-1.930301,-0.335376,-1.483364,-0.493256,0.327372,-0.419925,0.204561,-0.196326,-3.527368,1.718308,80.754864,-0.952386,-1.687785,-0.005687,-2.519549,1.227363,57.682046,-0.122736,-0.251955,0.0
20.42,0.47555,-0.617766,0.126983,-1.934427,-0.338332,-1.472584,-0.492586,0.343145,-0.424189,0.206619,-0.195705,-3.56319,1.735602,80.760078,-0.955049,-1.693284,-0.005747,-2.545136,1.239716,57.68577,-0.123972,-0.254514,0.0
20.44,0.474299,-0.632964,0.12311,-1.938428,-0.341266,-1.461711,-0.491884,0.358897,-0.428411,0.208671,-0.195081,-3.598656,1.752833,80.765318,-0.957703,-1.69873,-0.005805,-2.570469,1.252023,57.689513,-0.125202,-0.257047,0.0
20.46,0.473018,-0.648121,0.119229,-1.942306,-0.344179,-1.450743,-0.49115,0.374625,-0.432591,0.210714,-0.194454,-3.633762,1.77,80.770584,-0.960348,-1.704121,-0.005861,-2.595544,1.264286,57.693274,-0.126429,-0.259554,0.0
20.48,0.471707,-0.663236,0.115341,-1.946059,-0.347069,-1.439683,-0.490385,0.39033,-0.436727,0.212751,-0.193824,-3.668504,1.787104,80.775876,-0.962983,-1.709457,-0.005914,-2.62036,1.276503,57.697054,-0.12765,-0.262036,0.0
20.5,0.470365,-0.67831,0.111445,-1.949687,-0.349937,-1.428531,-0.489589,0.40601,-0.440819,0.214779,-0.193191,-3.70288,1.804144,80.781195,-0.965609,-1.714739,-0.005965,-2.644914,1.288674,57.700853,-0.128867,-0.264491,0.0
20.52,0.468994,-0.69334,0.107542,-1.953191,-0.352783,-1.417288,-0.488761,0.421663,-0.444867,0.2168,-0.192555,-3.736885,1.821119,80.786539,-0.968225,-1.719965,-0.006014,-2.669204,1.300799,57.704671,-0.13008,-0.26692,0.0
20.54,0.467592,-0.708325,0.103632,-1.95657,-0.355606,-1.405953,-0.487902,0.43729,-0.448871,0.218813,-0.191916,-3.770517,1.838028,80.791909,-0.970832,-1.725134,-0.006061,-2.693226,1.312877,57.708507,-0.131288,-0.269323,0.0
20.56,0.46616,-0.723265,0.099716,-1.959823,-0.358407,-1.394529,-0.487012,0.452889,-0.45283,0.220818,-0.191273,-3.803772,1.854871,80.797305,-0.973429,-1.730247,-0.006106,-2.71698,1.324908,57.712361,-0.132491,-0.271698,0.0
20.58,0.464699,-0.738159,0.095793,-1.962952,-0.361184,-1.383016,-0.486091,0.468459,-0.456744,0.222815,-0.190628,-3.836646,1.871647,80.802727,-0.976016,-1.735302,-0.006148,-2.740461,1.336891,57.716234,-0.133689,-0.274046,0.0
20.6,0.463208,-0.753006,0.091864,-1.965954,-0.363939,-1.371414,-0.485138,0.483998,-0.460611,0.224804,-0.189979,-3.869136,1.888356,80.808174,-0.978593,-1.7403,-0.006188,-2.763669,1.348826,57.720125,-0.134883,-0.276367,0.0
20.62,0.461687,-0.767804,0.087929,-1.968831,-0.36667,-1.359724,-0.484155,0.499507,-0.464433,0.226785,-0.189328,-3.90124,1.904997,80.813647,-0.981159,-1.74524,-0.006225,-2.7866,1.360712,57.724034,-0.136071,-0.27866,0.0
20.64,0.460137,-0.782553,0.083989,-1.971582,-0.369378,-1.347947,-0.48314,0.514984,-0.468209,0.228758,-0.188673,-3.932954,1.921569,80.819146,-0.983716,-1.750121,-0.00626,-2.809253,1.372549,57.727961,-0.137255,-0.280925,0.0
20.66,0.458557,-0.797252,0.080043,-1.974206,-0.372062,-1.336084,-0.482095,0.530428,-0.471937,0.230723,-0.188016,-3.964274,1.938072,80.824669,-0.986262,-1.754942,-0.006293,-2.831624,1.384337,57.731907,-0.138434,-0.283162,0.0
20.68,0.456948,-0.8119,0.076092,-1.976704,-0.374722,-1.324135,-0.481019,0.545838,-0.475619,0.232679,-0.187355,-3.995198,1.954505,80.830218,-0.988798,-1.759704,-0.006323,-2.853713,1.396075,57.73587,-0.139608,-0.285371,0.0
20.7,0.455309,-0.826497,0.072136,-1.979076,-0.377358,-1.312102,-0.479911,0.561213,-0.479253,0.234627,-0.186691,-4.025722,1.970868,80.835793,-0.991324,-1.764406,-0.006351,-2.875516,1.407763,57.739852,-0.140776,-0.287552,0.0
20.72,0.453642,-0.84104,0.068176,-1.981321,-0.37997,-1.299985,-0.478774,0.576552,-0.482839,0.236567,-0.186025,-4.055844,1.98716,80.841392,-0.993839,-1.769048,-0.006376,-2.897031,1.4194,57.743851,-0.14194,-0.289703,0.0
20.74,0.451945,-0.855529,0.064211,-1.983439,-0.382558,-1.287784,-0.477605,0.591854,-0.486376,0.238498,-0.185355,-4.08556,2.003381,80.847016,-0.996344,-1.773628,-0.006399,-2.918257,1.430986,57.747869,-0.143099,-0.291826,0.0
20.76,0.45022,-0.869964,0.060242,-1.98543,-0.385121,-1.275501,-0.476406,0.607118,-0.489865,0.24042,-0.184683,-4.114868,2.019529,80.852665,-0.998837,-1.778147,-0.00642,-2.939191,1.442521,57.751904,-0.144252,-0.293919,0.0
20.78,0.448465,-0.884343,0.05627,-1.987295,-0.38766,-1.263137,-0.475177,0.622343,-0.493305,0.242334,-0.184007,-4.143764,2.035605,80.858339,-1.00132,-1.782603,-0.006438,-2.959831,1.454003,57.755957,-0.1454,-0.295983,0.0
20.8,0.446682,-0.898666,0.052293,-1.989032,-0.390174,-1.250691,-0.473917,0.637529,-0.496696,0.244239,-0.183329,-4.172245,2.051607,80.864038,-1.003792,-1.786998,-0.006453,-2.980175,1.465434,57.760027,-0.146543,-0.298018,0.0
20.82,0.444871,-0.912931,0.048313,-1.990641,-0.392663,-1.238166,-0.472627,0.652674,-0.500037,0.246135,-0.182647,-4.20031,2.067536,80.869761,-1.006253,-1.791329,-0.006466,-3.000221,1.476811,57.764115,-0.147681,-0.300022,0.0
20.84,0.443031,-0.927137,0.044331,-1.992124,-0.395127,-1.225561,-0.471306,0.667777,-0.503328,0.248023,-0.181963,-4.227954,2.08339,80.875509,-1.008703,-1.795598,-0.006477,-3.019967,1.488136,57.768221,-0.148814,-0.301997,0.0
20.86,0.441162,-0.941284,0.040345,-1.993478,-0.397565,-1.212878,-0.469956,0.682837,-0.506569,0.249901,-0.181276,-4.255176,2.099169,80.881282,-1.011142,-1.799802,-0.006485,-3.039412,1.499406,57.772344,-0.149941,-0.303941,0.0
20.88,0.439265,-0.955371,0.036357,-1.994706,-0.399978,-1.200117,-0.468575,0.697854,-0.509759,0.251771,-0.180586,-4.281972,2.114872,80.887078,-1.01357,-1.803943,-0.00649,-3.058552,1.510623,57.776485,-0.151062,-0.305855,0.0
20.9,0.437341,-0.969397,0.032366,-1.995805,-0.402365,-1.18728,-0.467164,0.712826,-0.512898,0.253631,-0.179893,-4.30834,2.1305,80.892899,-1.015986,-1.808019,-0.006493,-3.077386,1.521786,57.780642,-0.152179,-0.307739,0.0
20.92,0.435388,-0.983361,0.028374,-1.996777,-0.404727,-1.174366,-0.465724,0.727752,-0.515985,0.255482,-0.179197,-4.334277,2.14605,80.898745,-1.018391,-1.81203,-0.006493,-3.095912,1.532893,57.784818,-0.153289,-0.309591,0.0
20.94,0.433407,-0.997261,0.024379,-1.997621,-0.407063,-1.161377,-0.464253,0.742632,-0.519022,0.257324,-0.178498,-4.359781,2.161524,80.904614,-1.020785,-1.815976,-0.006491,-3.114129,1.543946,57.78901,-0.154395,-0.311413,0.0
20.96,0.431399,-1.011098,0.020383,-1.998337,-0.409373,-1.148314,-0.462753,0.757464,-0.522006,0.259157,-0.177797,-4.384849,2.176919,80.910507,-1.023166,-1.819856,-0.006486,-3.132035,1.554942,57.793219,-0.155494,-0.313203,0.0
20.98,0.429363,-1.024871,0.016386,-1.998926,-0.411656,-1.135178,-0.461224,0.772247,-0.524938,0.260981,-0.177092,-4.409478,2.192237,80.916424,-1.025537,-1.82367,-0.006478,-3.149627,1.565883,57.797446,-0.156588,-0.314963,0.0
21.0,0.427299,-1.038577,0.012388,-1.999386,-0.413913,-1.121969,-0.459664,0.786982,-0.527817,0.262795,-0.176385,-4.433667,2.207475,80.922365,-1.027895,-1.827418,-0.006468,-3.166905,1.576768,57.80169,-0.157677,-0.31669,0.0
21.02,0.425209,-1.052218,0.008389,-1.999719,-0.416144,-1.108688,-0.458076,0.801666,-0.530644,0.264599,-0.175675,-4.457412,2.222634,80.92833,-1.030242,-1.831098,-0.006454,-3.183865,1.587596,57.80595,-0.15876,-0.318387,0.0
21.04,0.423091,-1.06579,0.004389,-1.999923,-0.418348,-1.095336,-0.456458,0.816298,-0.533418,0.266394,-0.174962,-4.480711,2.237713,80.934318,-1.032576,-1.834712,-0.006439,-3.200508,1.598366,57.810227,-0.159837,-0.320051,0.0
21.06,0.420946,-1.079295,0.000389,-1.999999,-0.420525,-1.081914,-0.45481,0.830879,-0.536138,0.26818,-0.174246,-4.503562,2.252711,80.94033,-1.034899,-1.838258,-0.00642,-3.21683,1.609079,57.814521,-0.160908,-0.321683,0.0
21.08,0.418773,-1.092731,-0.003611,-1.999948,-0.422676,-1.068422,-0.453134,0.845406,-0.538805,0.269956,-0.173528,-4.525963,2.267628,80.946365,-1.03721,-1.841737,-0.006399,-3.232831,1.619734,57.818832,-0.161973,-0.323283,0.0
21.1,0.416575,-1.106096,-0.007611,-1.999768,-0.424799,-1.054863,-0.451429,0.859879,-0.541418,0.271722,-0.172807,-4.547911,2.282464,80.952424,-1.039508,-1.845147,-0.006375,-3.248508,1.630331,57.82316,-0.163033,-0.324851,0.0
21.12,0.414349,-1.119391,-0.01161,-1.999461,-0.426895,-1.041235,-0.449695,0.874297,-0.543977,0.273478,-0.172083,-4.569405,2.297217,80.958506,-1.041794,-1.848488,-0.006349,-3.26386,1.640869,57.827504,-0.164087,-0.326386,0.0
21.14,0.412097,-1.132614,-0.015608,-1.999025,-0.428964,-1.027542,-0.447932,0.888659,-0.546481,0.275225,-0.171356,-4.590441,2.311888,80.96461,-1.044068,-1.851761,-0.00632,-3.278886,1.651348,57.831865,-0.165135,-0.327889,0.0
21.16,0.409819,-1.145765,-0.019606,-1.998462,-0.431005,-1.013782,-0.44614,0.902964,-0.548931,0.276961,-0.170626,-4.611018,2.326475,80.970738,-1.04633,-1.854965,-0.006288,-3.293585,1.661768,57.836242,-0.166177,-0.329358,0.0
21.18,0.407514,-1.158842,-0.023602,-1.99777,-0.433019,-0.999958,-0.44432,0.917212,-0.551326,0.278688,-0.169894,-4.631135,2.340979,80.976889,-1.048579,-1.858099,-0.006253,-3.307953,1.672128,57.840635,-0.167213,-0.330795,0.0
21.2,0.405183,-1.171846,-0.027597,-1.996951,-0.435005,-0.986069,-0.442471,0.9314,-0.553665,0.280405,-0.169159,-4.650788,2.355398,80.983063,-1.050815,-1.861163,-0.006215,-3.321992,1.682427,57.845045,-0.168243,-0.332199,0.0
21.22,0.402827,-1.184774,-0.03159,-1.996004,-0.436963,-0.972118,-0.440594,0.94553,-0.55595,0.282111,-0.168422,-4.669976,2.369733,80.989259,-1.053039,-1.864157,-0.006175,-3.335697,1.692666,57.849471,-0.169267,-0.33357,0.0
21.24,0.400444,-1.197626,-0.035581,-1.99493,-0.438893,-0.958104,-0.438689,0.959598,-0.558178,0.283807,-0.167681,-4.688697,2.383982,80.995478,-1.05525,-1.867081,-0.006132,-3.34907,1.702844,57.853913,-0.170284,-0.334907,0.0
21.26,0.398036,-1.210402,-0.03957,-1.993727,-0.440795,-0.944029,-0.436756,0.973605,-0.560351,0.285494,-0.166938,-4.70695,2.398146,81.00172,-1.057448,-1.869934,-0.006086,-3.362107,1.712961,57.858371,-0.171296,-0.336211,0.0
21.28,0.395603,-1.2231,-0.043556,-1.992397,-0.442669,-0.929893,-0.434795,0.98755,-0.562468,0.287169,-0.166192,-4.724731,2.412223,81.007984,-1.059634,-1.872716,-0.006037,-3.374808,1.723016,57.862846,-0.172302,-0.337481,0.0
21.3,0.393144,-1.23572,-0.047539,-1.99094,-0.444515,-0.915698,-0.432806,1.001432,-0.564529,0.288835,-0.165444,-4.742041,2.426213,81.01427,-1.061806,-1.875427,-0.005986,-3.387172,1.733009,57.867336,-0.173301,-0.338717,0.0
21.32,0.39066,-1.248261,-0.051519,-1.989355,-0.446332,-0.901445,-0.430789,1.01525,-0.566533,0.29049,-0.164693,-4.758876,2.440116,81.020579,-1.063965,-1.878067,-0.005932,-3.399197,1.74294,57.871842,-0.174294,-0.33992,0.0
21.34,0.388151,-1.260722,-0.055496,-1.987642,-0.448121,-0.887133,-0.428745,1.029002,-0.56848,0.292135,-0.163939,-4.775235,2.453931,81.02691,-1.066112,-1.880634,-0.005874,-3.410882,1.752808,57.876364,-0.175281,-0.341088,0.0
21.36,0.385617,-1.273103,-0.05947,-1.985803,-0.449881,-0.872765,-0.426673,1.042689,-0.570371,0.293769,-0.163183,-4.791116,2.467658,81.033262,-1.068245,-1.88313,-0.005814,-3.422226,1.762613,57.880902,-0.176261,-0.342223,0.0
21.38,0.383059,-1.285402,-0.06344,-1.983836,-0.451612,-0.858341,-0.424574,1.056309,-0.572205,0.295392,-0.162424,-4.806519,2.481296,81.039637,-1.070365,-1.885553,-0.005752,-3.433228,1.772354,57.885455,-0.177235,-0.343323,0.0
21.4,0.380476,-1.297618,-0.067405,-1.981743,-0.453314,-0.843862,-0.422448,1.069861,-0.573981,0.297005,-0.161663,-4.82144,2.494845,81.046034,-1.072471,-1.887904,-0.005686,-3.443886,1.782032,57.890024,-0.178203,-0.344389,0.0
21.42,0.377868,-1.309752,-0.071366,-1.979522,-0.454987,-0.829329,-0.420295,1.083345,-0.5757,0.298608,-0.160899,-4.83588,2.508303,81.052452,-1.074564,-1.890183,-0.005617,-3.4542,1.791645,57.894608,-0.179165,-0.34542,0.0
21.44,0.375237,-1.321801,-0.075323,-1.977175,-0.456631,-0.814743,-0.418115,1.09676,-0.577361,0.300199,-0.160132,-4.849836,2.521672,81.058892,-1.076644,-1.892388,-0.005546,-3.464169,1.801194,57.899208,-0.180119,-0.346417,0.0
21.46,0.372581,-1.333767,-0.079275,-1.974702,-0.458246,-0.800105,-0.415908,1.110104,-0.578965,0.30178,-0.159363,-4.863307,2.53495,81.065353,-1.07871,-1.89452,-0.005472,-3.473791,1.810678,57.903824,-0.181068,-0.347379,0.0
21.48,0.369902,-1.345646,-0.083222,-1.972102,-0.459832,-0.785416,-0.413674,1.123378,-0.580511,0.30335,-0.158591,-4.876292,2.548136,81.071836,-1.080762,-1.896579,-0.005395,-3.483066,1.820097,57.908454,-0.18201,-0.348307,0.0
21.5,0.367199,-1.35744,-0.087163,-1.969376,-0.461388,-0.770676,-0.411414,1.136579,-0.581999,0.304908,-0.157817,-4.888789,2.561231,81.07834,-1.082801,-1.898564,-0.005315,-3.491992,1.829451,57.9131,-0.182945,-0.349199,0.0
21.52,0.364472,-1.369147,-0.091099,-1.966523,-0.462914,-0.755887,-0.409128,1.149708,-0.583428,0.306456,-0.15704,-4.900798,2.574233,81.084865,-1.084826,-1.900476,-0.005232,-3.50057,1.838738,57.917761,-0.183874,-0.350057,0.0
21.54,0.361722,-1.380766,-0.095029,-1.963545,-0.464411,-0.74105,-0.406816,1.162763,-0.584799,0.307993,-0.15626,-4.912316,2.587143,81.091412,-1.086837,-1.902314,-0.005146,-3.508797,1.847959,57.922437,-0.184796,-0.35088,0.0
21.56,0.358949,-1.392297,-0.098953,-1.960442,-0.465878,-0.726165,-0.404477,1.175744,-0.586112,0.309519,-0.155479,-4.923343,2.59996,81.097979,-1.088834,-1.904077,-0.005058,-3.516673,1.857114,57.927128,-0.185711,-0.351667,0.0
21.58,0.356153,-1.403739,-0.102871,-1.957212,-0.467316,-0.711234,-0.402113,1.188649,-0.587366,0.311034,-0.154694,-4.933877,2.612683,81.104568,-1.090817,-1.905767,-0.004966,-3.524198,1.866202,57.931834,-0.18662,-0.35242,0.0
21.6,0.353334,-1.41509,-0.106782,-1.953858,-0.468723,-0.696258,-0.399722,1.201479,-0.588562,0.312537,-0.153908,-4.943919,2.625312,81.111177,-1.092786,-1.907382,-0.004872,-3.53137,1.875223,57.936555,-0.187522,-0.353137,0.0
21.62,0.350493,-1.426352,-0.110686,-1.950378,-0.470101,-0.681236,-0.397307,1.214231,-0.589698,0.314029,-0.153118,-4.953465,2.637847,81.117807,-1.094741,-1.908922,-0.004775,-3.53819,1.884176,57.94129,-0.188418,-0.353819,0.0
21.64,0.347629,-1.437522,-0.114584,-1.946774,-0.471448,-0.666171,-0.394866,1.226906,-0.590776,0.31551,-0.152327,-4.962517,2.650286,81.124457,-1.096682,-1.910388,-0.004675,-3.544655,1.893062,57.946041,-0.189306,-0.354465,0.0
21.66,0.344743,-1.4486,-0.118473,-1.943045,-0.472766,-0.651064,-0.392399,1.239503,-0.591794,0.31698,-0.151532,-4.971072,2.662631,81.131128,-1.098608,-1.911778,-0.004572,-3.550766,1.901879,57.950806,-0.190188,-0.355077,0.0
21.68,0.341834,-1.459585,-0.122356,-1.939192,-0.474053,-0.635915,-0.389908,1.252019,-0.592754,0.318438,-0.150736,-4.97913,2.674879,81.137819,-1.10052,-1.913094,-0.004466,-3.556522,1.910628,57.955585,-0.191063,-0.355652,0.0
21.7,0.338904,-1.470477,-0.12623,-1.935215,-0.475309,-0.620725,-0.387391,1.264456,-0.593654,0.319885,-0.149937,-4.986691,2.687031,81.144531,-1.102418,-1.914335,-0.004357,-3.561922,1.919308,57.960379,-0.191931,-0.356192,0.0
21.72,0.335953,-1.481275,-0.130096,-1.931113,-0.476535,-0.605495,-0.38485,1.276812,-0.594494,0.32132,-0.149135,-4.993752,2.699086,81.151262,-1.104301,-1.915501,-0.004245,-3.566966,1.927919,57.965187,-0.192792,-0.356697,0.0
21.74,0.332979,-1.491978,-0.133955,-1.926888,-0.477731,-0.590227,-0.382284,1.289086,-0.595276,0.322743,-0.148332,-5.000315,2.711044,81.158014,-1.10617,-1.916591,-0.004131,-3.571653,1.93646,57.97001,-0.193646,-0.357165,0.0
21.76,0.329985,-1.502585,-0.137804,-1.92254,-0.478896,-0.574921,-0.379694,1.301278,-0.595997,0.324155,-0.147526,-5.006377,2.722905,81.164786,-1.108024,-1.917605,-0.004013,-3.575983,1.944932,57.974847,-0.194493,-0.357598,0.0
21.78,0.326969,-1.513096,-0.141645,-1.918069,-0.480031,-0.559578,-0.377079,1.313387,-0.596659,0.325556,-0.146717,-5.011938,2.734667,81.171577,-1.109863,-1.918545,-0.003893,-3.579956,1.953334,57.979698,-0.195333,-0.357996,0.0
21.8,0.323932,-1.523511,-0.145476,-1.913475,-0.481135,-0.544199,-0.37444,1.325411,-0.597262,0.326944,-0.145906,-5.016999,2.746332,81.178388,-1.111688,-1.919408,-0.00377,-3.583571,1.961665,57.984563,-0.196167,-0.358357,0.0
21.82,0.320875,-1.533828,-0.149298,-1.908759,-0.482208,-0.528786,-0.371777,1.337351,-0.597804,0.328321,-0.145093,-5.021557,2.757897,81.185219,-1.113498,-1.920196,-0.003643,-3.586827,1.969926,57.989442,-0.196993,-0.358683,0.0
21.84,0.317797,-1.544047,-0.153111,-1.90392,-0.48325,-0.513338,-0.369091,1.349204,-0.598287,0.329686,-0.144277,-5.025614,2.769363,81.192069,-1.115293,-1.920908,-0.003514,-3.589724,1.978116,57.994335,-0.197812,-0.358972,0.0
21.86,0.314699,-1.554167,-0.156914,-1.89896,-0.484261,-0.497858,-0.366381,1.360972,-0.59871,0.331039,-0.14346,-5.029168,2.780729,81.198939,-1.117073,-1.921545,-0.003382,-3.592263,1.986235,57.999242,-0.198623,-0.359226,0.0
21.88,0.311581,-1.564187,-0.160707,-1.893878,-0.485241,-0.482346,-0.363647,1.372653,-0.599074,0.33238,-0.14264,-5.032219,2.791995,81.205828,-1.118838,-1.922105,-0.003248,-3.594442,1.994282,58.004163,-0.199428,-0.359444,0.0
21.9,0.308442,-1.574108,-0.164489,-1.888675,-0.48619,-0.466803,-0.36089,1.384245,-0.599377,0.33371,-0.141817,-5.034767,2.803161,81.212736,-1.120588,-1.922589,-0.00311,-3.596262,2.002258,58.009097,-0.200226,-0.359626,0.0
21.92,0.305284,-1.583927,-0.168261,-1.883351,-0.487108,-0.45123,-0.35811,1.395749,-0.59962,0.335027,-0.140992,-5.036811,2.814225,81.219663,-1.122323,-1.922998,-0.002969,-3.597722,2.010161,58.014045,-0.201016,-0.359772,0.0
21.94,0.302107,-1.593646,-0.172023,-1.877906,-0.487995,-0.435628,-0.355307,1.407164,-0.599804,0.336332,-0.140166,-5.038352,2.825189,81.226609,-1.124042,-1.923331,-0.002826,-3.598823,2.017992,58.019007,-0.201799,-0.359882,0.0
21.96,0.29891,-1.603262,-0.175773,-1.872341,-0.488851,-0.419999,-0.352481,1.418489,-0.599927,0.337625,-0.139336,-5.039389,2.83605,81.233574,-1.125747,-1.923587,-0.00268,-3.599563,2.02575,58.023982,-0.202575,-0.359956,0.0
21.98,0.295694,-1.612776,-0.179512,-1.866657,-0.489675,-0.404342,-0.349633,1.429723,-0.599991,0.338906,-0.138505,-5.039922,2.84681,81.240558,-1.127436,-1.923768,-0.002531,-3.599944,2.033436,58.02897,-0.203344,-0.359994,0.0
22.0,0.292459,-1.622186,-0.18324,-1.860853,-0.490468,-0.38866,-0.346763,1.440865,-0.599994,0.340175,-0.137671,-5.039951,2.857467,81.24756,-1.12911,-1.923872,-0.002379,-3.599965,2.041048,58.033972,-0.204105,-0.359996,0.0
22.02,0.289205,-1.631493,-0.186955,-1.854929,-0.49123,-0.372953,-0.34387,1.451915,-0.599938,0.341431,-0.136836,-5.039476,2.868021,81.254581,-1.130768,-1.9239,-0.002224,-3.599625,2.048587,58.038987,-0.204859,-0.359963,0.0
22.04,0.285933,-1.640695,-0.190659,-1.848888,-0.49196,-0.357221,-0.340955,1.462872,-0.599821,0.342675,-0.135998,-5.038497,2.878472,81.26162,-1.132411,-1.923853,-0.002066,-3.598926,2.056052,58.044015,-0.205605,-0.359893,0.0
22.06,0.282642,-1.649792,-0.194351,-1.842727,-0.492659,-0.341467,-0.338018,1.473736,-0.599644,0.343907,-0.135157,-5.037014,2.88882,81.268678,-1.134038,-1.923729,-0.001906,-3.597867,2.063443,58.049056,-0.206344,-0.359787,0.0
22.08,0.279334,-1.658784,-0.19803,-1.836449,-0.493326,-0.325692,-0.33506,1.484505,-0.599408,0.345127,-0.134315,-5.035027,2.899063,81.275754,-1.13565,-1.923529,-0.001742,-3.596448,2.070759,58.05411,-0.207076,-0.359645,0.0
22.1,0.276007,-1.667669,-0.201697,-1.830054,-0.493961,-0.309895,-0.33208,1.49518,-0.599112,0.346334,-0.133471,-5.032537,2.909202,81.282847,-1.137246,-1.923253,-0.001576,-3.594669,2.078001,58.059177,-0.2078,-0.359467,0.0
22.12,0.272663,-1.676448,-0.20535,-1.823541,-0.494565,-0.294078,-0.329079,1.505758,-0.598755,0.347528,-0.132624,-5.029544,2.919236,81.289959,-1.138827,-1.922902,-0.001407,-3.592531,2.085169,58.064256,-0.208517,-0.359253,0.0
22.14,0.269301,-1.68512,-0.208991,-1.816911,-0.495138,-0.278243,-0.326057,1.51624,-0.598339,0.34871,-0.131775,-5.026048,2.929165,81.297088,-1.140392,-1.922474,-0.001235,-3.590034,2.092261,58.069349,-0.209226,-0.359003,0.0
22.16,0.265923,-1.693683,-0.212618,-1.810166,-0.495678,-0.26239,-0.323015,1.526626,-0.597863,0.34988,-0.130924,-5.022049,2.938989,81.304236,-1.14194,-1.921971,-0.001061,-3.587178,2.099278,58.074454,-0.209928,-0.358718,0.0
22.18,0.262527,-1.702138,-0.216231,-1.803304,-0.496187,-0.24652,-0.319951,1.536913,-0.597327,0.351037,-0.130071,-5.017548,2.948707,81.3114,-1.143473,-1.921392,-0.000883,-3.583963,2.106219,58.079572,-0.210622,-0.358396,0.0
22.2,0.259114,-1.710485,-0.219831,-1.796327,-0.496664,-0.230634,-0.316867,1.547102,-0.596732,0.352181,-0.129216,-5.012545,2.958319,81.318583,-1.14499,-1.920737,-0.000703,-3.580389,2.113085,58.084702,-0.211308,-0.358039,0.0
22.22,0.255685,-1.718722,-0.223416,-1.789235,-0.49711,-0.214734,-0.313763,1.557192,-0.596076,0.353312,-0.128359,-5.007041,2.967824,81.325782,-1.146491,-1.920006,-0.00052,-3.576458,2.119874,58.089844,-0.211987,-0.357646,0.0
22.24,0.252239,-1.726848,-0.226988,-1.782028,-0.497523,-0.19882,-0.310638,1.567183,-0.595361,0.354431,-0.1275,-5.001036,2.977222,81.332999,-1.147977,-1.9192,-0.000334,-3.572169,2.126587,58.094999,-0.212659,-0.357217,0.0
22.26,0.248778,-1.734865,-0.230544,-1.774708,-0.497905,-0.182893,-0.307494,1.577073,-0.594587,0.355537,-0.126639,-4.994531,2.986514,81.340233,-1.149445,-1.918318,-0.000146,-3.567522,2.133224,58.100166,-0.213322,-0.356752,0.0
22.28,0.2453,-1.74277,-0.234086,-1.767274,-0.498255,-0.166954,-0.30433,1.586862,-0.593753,0.356631,-0.125776,-4.987527,2.995697,81.347484,-1.150898,-1.917361,4.5e-05,-3.562519,2.139784,58.105346,-0.213978,-0.356252,0.0
22.3,0.241807,-1.750564,-0.237614,-1.759726,-0.498573,-0.151005,-0.301147,1.59655,-0.59286,0.357711,-0.12491,-4.980024,3.004773,81.354752,-1.152335,-1.916329,0.000239,-3.55716,2.146267,58.110537,-0.214627,-0.355716,0.0
22.32,0.238298,-1.758245,-0.241125,-1.752067,-0.498859,-0.135046,-0.297944,1.606136,-0.591908,0.358779,-0.124043,-4.972023,3.013741,81.362037,-1.153755,-1.915221,0.000436,-3.551445,2.152672,58.115741,-0.215267,-0.355145,0.0
22.34,0.234774,-1.765815,-0.244622,-1.744295,-0.499113,-0.119078,-0.294722,1.615618,-0.590896,0.359833,-0.123174,-4.963525,3.0226,81.369338,-1.15516,-1.914039,0.000636,-3.545375,2.159,58.120956,-0.2159,-0.354537,0.0
22.36,0.231235,-1.773271,-0.248102,-1.736411,-0.499335,-0.103103,-0.291481,1.624998,-0.589825,0.360875,-0.122303,-4.95453,3.031351,81.376656,-1.156547,-1.912781,0.000838,-3.53895,2.16525,58.126183,-0.216525,-0.353895,0.0
22.38,0.227681,-1.780613,-0.251567,-1.728416,-0.499525,-0.087121,-0.288222,1.634273,-0.588695,0.361904,-0.12143,-4.94504,3.039992,81.383991,-1.157919,-1.911449,0.001042,-3.532172,2.171423,58.131422,-0.217142,-0.353217,0.0
22.4,0.224112,-1.787842,-0.255016,-1.720311,-0.499684,-0.071134,-0.284944,1.643444,-0.587507,0.362919,-0.120555,-4.935056,3.048524,81.391341,-1.159274,-1.910042,0.00125,-3.52504,2.177517,58.136672,-0.217752,-0.352504,0.0
22.42,0.220529,-1.794957,-0.258448,-1.712095,-0.49981,-0.055142,-0.281648,1.652509,-0.586259,0.363922,-0.119678,-4.924578,3.056946,81.398708,-1.160612,-1.90856,0.00146,-3.517556,2.183533,58.141934,-0.218353,-0.351756,0.0
22.44,0.216932,-1.801956,-0.261864,-1.70377,-0.499904,-0.039146,-0.278334,1.661469,-0.584953,0.364912,-0.118799,-4.913607,3.065258,81.406091,-1.161934,-1.907005,0.001673,-3.509719,2.18947,58.147208,-0.218947,-0.350972,0.0
22.46,0.213322,-1.80884,-0.265263,-1.695336,-0.499967,-0.023148,-0.275003,1.670322,-0.583589,0.365888,-0.117918,-4.902145,3.07346,81.41349,-1.163239,-1.905375,0.001888,-3.501532,2.195328,58.152493,-0.219533,-0.350153,0.0
22.48,0.209697,-1.815608,-0.268646,-1.686794,-0.499997,-0.007149,-0.271653,1.679069,-0.582166,0.366851,-0.117035,-4.890193,3.081551,81.420905,-1.164528,-1.903671,0.002106,-3.492995,2.201108,58.157789,-0.220111,-0.3493,0.0
22.5,0.206059,-1.822261,-0.272011,-1.678143,-0.499995,0.008851,-0.268286,1.687708,-0.580685,0.367801,-0.116151,-4.877752,3.089531,81.428335,-1.1658,-1.901893,0.002327,-3.484109,2.206808,58.163097,-0.220681,-0.348411,0.0
22.52,0.202408,-1.828796,-0.275358,-1.669385,-0.499961,0.024851,-0.264902,1.696239,-0.579146,0.368738,-0.115264,-4.864823,3.0974,81.435782,-1.167056,-1.900042,0.00255,-3.474874,2.212428,58.168415,-0.221243,-0.347487,0.0
22.54,0.198744,-1.835215,-0.278688,-1.66052,-0.499896,0.040849,-0.261502,1.704661,-0.577549,0.369662,-0.114376,-4.851408,3.105157,81.443243,-1.168294,-1.898117,0.002776,-3.465292,2.217969,58.173745,-0.221797,-0.346529,0.0
22.56,0.195067,-1.841516,-0.282,-1.651549,-0.499798,0.056844,-0.258084,1.712975,-0.575894,0.370572,-0.113486,-4.837508,3.112803,81.45072,-1.169516,-1.896119,0.003004,-3.455363,2.22343,58.179086,-0.222343,-0.345536,0.0
22.58,0.191378,-1.847699,-0.285294,-1.642473,-0.499668,0.072835,-0.25465,1.721179,-0.574181,0.371469,-0.112594,-4.823124,3.120336,81.458212,-1.170721,-1.894047,0.003235,-3.445088,2.228811,58.184437,-0.222881,-0.344509,0.0
22.6,0.187677,-1.853764,-0.28857,-1.633291,-0.499507,0.088822,-0.251199,1.729272,-0.572412,0.372352,-0.1117,-4.808257,3.127757,81.46572,-1.171909,-1.891903,0.003469,-3.434469,2.234112,58.1898,-0.223411,-0.343447,0.0
22.62,0.183963,-1.85971,-0.291827,-1.624004,-0.499313,0.104803,-0.247733,1.737255,-0.570584,0.373222,-0.110804,-4.79291,3.135066,81.473242,-1.173081,-1.889687,0.003705,-3.423507,2.239333,58.195173,-0.223933,-0.342351,0.0
22.64,0.180238,-1.865537,-0.295066,-1.614614,-0.499087,0.120778,-0.24425,1.745127,-0.5687,0.374079,-0.109907,-4.777083,3.142262,81.48078,-1.174235,-1.887398,0.003943,-3.412202,2.244473,58.200557,-0.224447,-0.34122,0.0
22.66,0.176501,-1.871245,-0.298286,-1.60512,-0.49883,0.136745,-0.240752,1.752887,-0.566759,0.374922,-0.109008,-4.760779,3.149344,81.488332,-1.175372,-1.885037,0.004184,-3.400556,2.249532,58.205951,-0.224953,-0.340056,0.0
22.68,0.172753,-1.876833,-0.301486,-1.595524,-0.49854,0.152703,-0.237239,1.760535,-0.564762,0.375752,-0.108107,-4.743998,3.156313,81.495898,-1.176492,-1.882604,0.004427,-3.38857,2.25451,58.211356,-0.225451,-0.338857,0.0
22.7,0.168994,-1.882301,-0.304668,-1.585825,-0.498219,0.168651,-0.23371,1.76807,-0.562708,0.376568,-0.107205,-4.726744,3.163169,81.50348,-1.177595,-1.880099,0.004673,-3.376245,2.259406,58.216771,-0.225941,-0.337625,0.0
22.72,0.165224,-1.887649,-0.30783,-1.576025,-0.497866,0.184588,-0.230167,1.775492,-0.560597,0.37737,-0.106301,-4.709016,3.169911,81.511075,-1.178681,-1.877524,0.004921,-3.363583,2.264222,58.222197,-0.226422,-0.336358,0.0
22.74,0.161443,-1.892875,-0.310972,-1.566124,-0.497481,0.200514,-0.226608,1.782801,-0.558431,0.378159,-0.105395,-4.690818,3.176538,81.518685,-1.17975,-1.874876,0.005172,-3.350584,2.268956,58.227632,-0.226896,-0.335058,0.0
22.76,0.157652,-1.897981,-0.314094,-1.556123,-0.497064,0.216427,-0.223036,1.789995,-0.556208,0.378935,-0.104487,-4.67215,3.183052,81.526309,-1.180802,-1.872159,0.005425,-3.33725,2.273608,58.233078,-0.227361,-0.333725,0.0
22.78,0.153852,-1.902965,-0.317196,-1.546023,-0.496615,0.232326,-0.219448,1.797075,-0.55393,0.379696,-0.103578,-4.653016,3.18945,81.533948,-1.181836,-1.86937,0.005681,-3.323583,2.278179,58.238534,-0.227818,-0.332358,0.0
22.8,0.150041,-1.907827,-0.320278,-1.535823,-0.496135,0.24821,-0.215847,1.80404,-0.551597,0.380445,-0.102667,-4.633416,3.195734,81.5416,-1.182853,-1.866512,0.005938,-3.309583,2.282667,58.244,-0.228267,-0.330958,0.0
22.82,0.14622,-1.912567,-0.323339,-1.525525,-0.495622,0.264078,-0.212232,1.810889,-0.549209,0.381179,-0.101754,-4.613352,3.201903,81.549265,-1.183853,-1.863583,0.006198,-3.295252,2.287074,58.249475,-0.228707,-0.329525,0.0
22.84,0.142391,-1.917185,-0.32638,-1.515129,-0.495078,0.279929,-0.208604,1.817622,-0.546765,0.3819,-0.10084,-4.592828,3.207957,81.556945,-1.184836,-1.860585,0.006461,-3.280591,2.291398,58.254961,-0.22914,-0.328059,0.0
22.86,0.138552,-1.92168,-0.3294,-1.504637,-0.494503,0.295763,-0.204962,1.824239,-0.544267,0.382607,-0.099924,-4.571844,3.213895,81.564638,-1.185801,-1.857517,0.006726,-3.265603,2.295639,58.260456,-0.229564,-0.32656,0.0
22.88,0.134704,-1.926052,-0.332398,-1.494048,-0.493895,0.311577,-0.201307,1.83074,-0.541715,0.3833,-0.099007,-4.550403,3.219717,81.572345,-1.186749,-1.85438,0.006993,-3.250288,2.299798,58.26596,-0.22998,-0.325029,0.0
22.9,0.130847,-1.930301,-0.335376,-1.483364,-0.493256,0.327372,-0.197639,1.837123,-0.539108,0.383979,-0.098088,-4.528507,3.225424,81.580065,-1.187679,-1.851175,0.007262,-3.234648,2.303874,58.271475,-0.230387,-0.323465,0.0
22.92,0.126983,-1.934427,-0.338332,-1.472584,-0.492586,0.343145,-0.193959,1.843389,-0.536447,0.384645,-0.097167,-4.506158,3.231014,81.587798,-1.188592,-1.847901,0.007533,-3.218684,2.307867,58.276998,-0.230787,-0.321868,0.0
22.94,0.12311,-1.938428,-0.341266,-1.461711,-0.491884,0.358897,-0.190266,1.849536,-0.533733,0.385296,-0.096245,-4.483358,3.236488,81.595544,-1.189487,-1.844559,0.007807,-3.202399,2.311777,58.282531,-0.231178,-0.32024,0.0
22.96,0.119229,-1.942306,-0.344179,-1.450743,-0.49115,0.374625,-0.18656,1.855565,-0.530966,0.385934,-0.095321,-4.46011,3.241845,81.603303,-1.190365,-1.84115,0.008083,-3.185793,2.315604,58.288073,-0.23156,-0.318579,0.0
22.98,0.115341,-1.946059,-0.347069,-1.439683,-0.490385,0.39033,-0.182843,1.861476,-0.528145,0.386558,-0.094396,-4.436417,3.247086,81.611074,-1.191225,-1.837673,0.008361,-3.168869,2.319347,58.293625,-0.231935,-0.316887,0.0
23.0,0.111445,-1.949687,-0.349937,-1.428531,-0.489589,0.40601,-0.179115,1.867267,-0.525271,0.387168,-0.093469,-4.412279,3.25221,81.618859,-1.192068,-1.834129,0.008641,-3.151628,2.323007,58.299185,-0.232301,-0.315163,0.0
23.02,0.107542,-1.953191,-0.352783,-1.417288,-0.488761,0.421663,-0.175374,1.872939,-0.522345,0.387764,-0.092541,-4.3877,3.257217,81.626656,-1.192893,-1.830518,0.008923,-3.134072,2.326584,58.304754,-0.232658,-0.313407,0.0
23.04,0.103632,-1.95657,-0.355606,-1.405953,-0.487902,0.43729,-0.171623,1.878491,-0.519367,0.388346,-0.091611,-4.362683,3.262106,81.634466,-1.1937,-1.826841,0.009207,-3.116202,2.330076,58.310333,-0.233008,-0.31162,0.0
23.06,0.099716,-1.959823,-0.358407,-1.394529,-0.487012,0.452889,-0.167861,1.883923,-0.516337,0.388914,-0.09068,-4.337229,3.266879,81.642287,-1.19449,-1.823099,0.009493,-3.098021,2.333485,58.31592,-0.233348,-0.309802,0.0
23.08,0.095793,-1.962952,-0.361184,-1.383016,-0.486091,0.468459,-0.164087,1.889234,-0.513255,0.389468,-0.089747,-4.311341,3.271533,81.650121,-1.195262,-1.819291,0.009782,-3.07953,2.336809,58.321515,-0.233681,-0.307953,0.0
23.1,0.091864,-1.965954,-0.363939,-1.371414,-0.485138,0.483998,-0.160304,1.894424,-0.510122,0.390008,-0.088813,-4.285023,3.27607,81.657968,-1.196016,-1.815417,0.010072,-3.060731,2.34005,58.32712,-0.234005,-0.306073,0.0
23.12,0.087929,-1.968831,-0.36667,-1.359724,-0.484155,0.499507,-0.15651,1.899493,-0.506938,0.390534,-0.087878,-4.258276,3.280489,81.665826,-1.196753,-1.811479,0.010365,-3.041625,2.343206,58.332733,-0.234321,-0.304163,0.0
23.14,0.083989,-1.971582,-0.369378,-1.347947,-0.48314,0.514984,-0.152706,1.904441,-0.503703,0.391046,-0.086941,-4.231103,3.284789,81.673695,-1.197471,-1.807477,0.010659,-3.022216,2.346278,58.338354,-0.234628,-0.302222,0.0
23.16,0.080043,-1.974206,-0.372062,-1.336084,-0.482095,0.530428,-0.148892,1.909266,-0.500417,0.391544,-0.086003,-4.203507,3.288972,81.681577,-1.198172,-1.803411,0.010955,-3.002505,2.349266,58.343983,-0.234927,-0.30025,0.0
23.18,0.076092,-1.976704,-0.374722,-1.324135,-0.481019,0.545838,-0.145069,1.91397,-0.497082,0.392028,-0.085063,-4.17549,3.293036,81.68947,-1.198855,-1.799281,0.011253,-2.982493,2.352169,58.349621,-0.235217,-0.298249,0.0
23.2,0.072136,-1.979076,-0.377358,-1.312102,-0.479911,0.561213,-0.141236,1.918551,-0.493697,0.392498,-0.084122,-4.147056,3.296981,81.697374,-1.19952,-1.795088,0.011554,-2.962183,2.354987,58.355267,-0.235499,-0.296218,0.0
23.22,0.068176,-1.981321,-0.37997,-1.299985,-0.478774,0.576552,-0.137395,1.923009,-0.490263,0.392953,-0.08318,-4.118207,3.300808,81.70529,-1.200168,-1.790833,0.011855,-2.941577,2.35772,58.360922,-0.235772,-0.294158,0.0
23.24,0.064211,-1.983439,-0.382558,-1.287784,-0.477605,0.591854,-0.133544,1.927344,-0.486779,0.393395,-0.082236,-4.088947,3.304516,81.713217,-1.200797,-1.786515,0.012159,-2.920676,2.360369,58.366584,-0.236037,-0.292068,0.0
23.26,0.060242,-1.98543,-0.385121,-1.275501,-0.476406,0.607118,-0.129685,1.931556,-0.483247,0.393822,-0.081291,-4.059278,3.308105,81.721155,-1.201409,-1.782136,0.012465,-2.899484,2.362932,58.372254,-0.236293,-0.289948,0.0
23.28,0.05627,-1.987295,-0.38766,-1.263137,-0.475177,0.622343,-0.125818,1.935644,-0.479667,0.394235,-0.080345,-4.029202,3.311575,81.729104,-1.202002,-1.777695,0.012772,-2.878002,2.365411,58.377932,-0.236541,-0.2878,0.0
23.3,0.052293,-1.989032,-0.390174,-1.250691,-0.473917,0.637529,-0.121943,1.939608,-0.476039,0.394634,-0.079397,-3.998724,3.314926,81.737064,-1.202578,-1.773193,0.013081,-2.856231,2.367804,58.383617,-0.23678,-0.285623,0.0
23.32,0.048313,-1.990641,-0.392663,-1.238166,-0.472627,0.652674,-0.11806,1.943448,-0.472363,0.395019,-0.078448,-3.967846,3.318157,81.745034,-1.203136,-1.768631,0.013392,-2.834176,2.370112,58.38931,-0.237011,-0.283418,0.0
23.34,0.044331,-1.992124,-0.395127,-1.225561,-0.471306,0.667777,-0.114169,1.947164,-0.468639,0.395389,-0.077498,-3.936571,3.321269,81.753015,-1.203675,-1.76401,0.013705,-2.811836,2.372335,58.395011,-0.237234,-0.281184,0.0
23.36,0.040345,-1.993478,-0.397565,-1.212878,-0.469956,0.682837,-0.110271,1.950755,-0.464869,0.395745,-0.076547,-3.904903,3.324262,81.761007,-1.204197,-1.759328,0.014019,-2.789216,2.374473,58.400719,-0.237447,-0.278922,0.0
23.38,0.036357,-1.994706,-0.399978,-1.200117,-0.468575,0.697854,-0.106366,1.954221,-0.461053,0.396087,-0.075594,-3.872844,3.327134,81.769008,-1.2047,-1.754588,0.014335,-2.766317,2.376525,58.406435,-0.237652,-0.276632,0.0
23.4,0.032366,-1.995805,-0.402365,-1.18728,-0.467164,0.712826,-0.102454,1.957562,-0.45719,0.396415,-0.07464,-3.840397,3.329887,81.77702,-1.205186,-1.749789,0.014652,-2.743141,2.378491,58.412157,-0.237849,-0.274314,0.0
23.42,0.028374,-1.996777,-0.404727,-1.174366,-0.465724,0.727752,-0.098536,1.960778,-0.453282,0.396729,-0.073685,-3.807567,3.33252,81.785042,-1.205653,-1.744932,0.014971,-2.719691,2.380372,58.417887,-0.238037,-0.271969,0.0
23.44,0.024379,-1.997621,-0.407063,-1.161377,-0.464253,0.742632,-0.094611,1.963868,-0.449328,0.397028,-0.072729,-3.774356,3.335033,81.793074,-1.206103,-1.740018,0.015292,-2.695968,2.382167,58.423624,-0.238217,-0.269597,0.0
23.46,0.020383,-1.998337,-0.409373,-1.148314,-0.462753,0.757464,-0.090681,1.966833,-0.445329,0.397313,-0.071772,-3.740767,3.337426,81.801116,-1.206534,-1.735046,0.015614,-2.671977,2.383876,58.429368,-0.238388,-0.267198,0.0
23.48,0.016386,-1.998926,-0.411656,-1.135178,-0.461224,0.772247,-0.086744,1.969672,-0.441286,0.397583,-0.070813,-3.706805,3.339699,81.809167,-1.206947,-1.730019,0.015937,-2.647718,2.385499,58.435119,-0.23855,-0.264772,0.0
23.5,0.012388,-1.999386,-0.413913,-1.121969,-0.459664,0.786982,-0.082802,1.972385,-0.437199,0.39784,-0.069854,-3.672471,3.341852,81.817227,-1.207342,-1.724935,0.016262,-2.623194,2.387037,58.440877,-0.238704,-0.262319,0.0
23.52,0.008389,-1.999719,-0.416144,-1.108688,-0.458076,0.801666,-0.078855,1.974971,-0.433068,0.398081,-0.068893,-3.637771,3.343884,81.825298,-1.207719,-1.719795,0.016589,-2.598408,2.388489,58.446641,-0.238849,-0.259841,0.0
23.54,0.004389,-1.999923,-0.418348,-1.095336,-0.456458,0.816298,-0.074902,1.977431,-0.428894,0.398309,-0.067931,-3.602707,3.345796,81.833377,-1.208078,-1.714601,0.016917,-2.573362,2.389854,58.452412,-0.238985,-0.257336,0.0
23.56,0.000389,-1.999999,-0.420525,-1.081914,-0.45481,0.830879,-0.070945,1.979765,-0.424676,0.398522,-0.066968,-3.567282,3.347588,81.841465,-1.208419,-1.709352,0.017246,-2.548059,2.391134,58.45819,-0.239113,-0.254806,0.0
23.58,-0.003611,-1.999948,-0.422676,-1.068422,-0.453134,0.845406,-0.066983,1.981972,-0.420417,0.398721,-0.066004,-3.531501,3.349259,81.849563,-1.208741,-1.70405,0.017577,-2.522501,2.392328,58.463974,-0.239233,-0.25225,0.0
23.6,-0.007611,-1.999768,-0.424799,-1.054863,-0.451429,0.859879,-0.063017,1.984052,-0.416115,0.398906,-0.065039,-3.495366,3.350809,81.857669,-1.209045,-1.698694,0.017908,-2.49669,2.393435,58.469764,-0.239344,-0.249669,0.0
23.62,-0.01161,-1.999461,-0.426895,-1.041235,-0.449695,0.874297,-0.059047,1.986005,-0.411772,0.399076,-0.064073,-3.458882,3.352239,81.865784,-1.209331,-1.693285,0.018242,-2.47063,2.394456,58.47556,-0.239446,-0.247063,0.0
23.64,-0.015608,-1.999025,-0.428964,-1.027542,-0.447932,0.888659,-0.055073,1.987831,-0.407387,0.399232,-0.063106,-3.422053,3.353548,81.873908,-1.209599,-1.687824,0.018576,-2.444323,2.395391,58.481363,-0.239539,-0.244432,0.0
23.66,-0.019606,-1.998462,-0.431005,-1.013782,-0.44614,0.902964,-0.051096,1.989529,-0.402962,0.399373,-0.062138,-3.384881,3.354736,81.88204,-1.209849,-1.682311,0.018912,-2.417772,2.39624,58.487172,-0.239624,-0.241777,0.0
23.68,-0.023602,-1.99777,-0.433019,-0.999958,-0.44432,0.917212,-0.047115,1.991101,-0.398496,0.3995,-0.061169,-3.34737,3.355804,81.890181,-1.21008,-1.676747,0.019248,-2.390979,2.397003,58.492986,-0.2397,-0.239098,0.0
23.7,-0.027597,-1.996951,-0.435005,-0.986069,-0.442471,0.9314,-0.043132,1.992545,-0.393991,0.399613,-0.060199,-3.309525,3.356751,81.89833,-1.210294,-1.671133,0.019586,-2.363946,2.397679,58.498807,-0.239768,-0.236395,0.0
23.72,-0.03159,-1.996004,-0.436963,-0.972118,-0.440594,0.94553,-0.039145,1.993861,-0.389446,0.399712,-0.059228,-3.271349,3.357577,81.906486,-1.210489,-1.665468,0.019925,-2.336678,2.398269,58.504633,-0.239827,-0.233668,0.0
23.74,-0.035581,-1.99493,-0.438893,-0.958104,-0.438689,0.959598,-0.035156,1.99505,-0.384863,0.399795,-0.058256,-3.232845,3.358282,81.914651,-1.210665,-1.659754,0.020265,-2.309175,2.398773,58.510465,-0.239877,-0.230918,0.0
23.76,-0.03957,-1.993727,-0.440795,-0.944029,-0.436756,0.973605,-0.031165,1.996111,-0.38024,0.399865,-0.057283,-3.194019,3.358866,81.922824,-1.210824,-1.653992,0.020606,-2.281442,2.39919,58.516303,-0.239919,-0.228144,0.0
23.78,-0.043556,-1.992397,-0.442669,-0.929893,-0.434795,0.98755,-0.027172,1.997045,-0.37558,0.39992,-0.056309,-3.154873,3.359329,81.931004,-1.210964,-1.648181,0.020949,-2.25348,2.399521,58.522146,-0.239952,-0.225348,0.0
23.8,-0.047539,-1.99094,-0.444515,-0.915698,-0.432806,1.001432,-0.023177,1.99785,-0.370882,0.399961,-0.055334,-3.115411,3.359672,81.939192,-1.211086,-1.642322,0.021292,-2.225294,2.399765,58.527994,-0.239977,-0.222529,0.0
23.82,-0.051519,-1.989355,-0.446332,-0.901445,-0.430789,1.01525,-0.019181,1.998528,-0.366147,0.399987,-0.054359,-3.075638,3.359893,81.947388,-1.21119,-1.636416,0.021636,-2.196884,2.399924,58.533848,-0.239992,-0.219688,0.0
23.84,-0.055496,-1.987642,-0.448121,-0.887133,-0.428745,1.029002,-0.015183,1.999078,-0.361376,0.399999,-0.053382,-3.035557,3.359993,81.95559,-1.211275,-1.630464,0.021981,-2.168255,2.399995,58.539707,-0.24,-0.216826,0.0
23.86,-0.05947,-1.985803,-0.449881,-0.872765,-0.426673,1.042689,-0.011184,1.9995,-0.356568,0.399997,-0.052405,-2.995173,3.359973,81.9638,-1.211343,-1.624466,0.022327,-2.139409,2.399981,58.545571,-0.239998,-0.213941,0.0
23.88,-0.06344,-1.983836,-0.451612,-0.858341,-0.424574,1.056309,-0.007185,1.999793,-0.351725,0.39998,-0.051427,-2.95449,3.359831,81.972017,-1.211392,-1.618423,0.022673,-2.11035,2.39988,58.551441,-0.239988,-0.211035,0.0
23.9,-0.067405,-1.981743,-0.453314,-0.843862,-0.422448,1.069861,-0.003185,1.999959,-0.346846,0.399949,-0.050448,-2.91351,3.359569,81.980241,-1.211423,-1.612335,0.023021,-2.081079,2.399692,58.557315,-0.239969,-0.208108,0.0
23.92,-0.071366,-1.979522,-0.454987,-0.829329,-0.420295,1.083345,0.000815,1.999997,-0.341933,0.399903,-0.049468,-2.87224,3.359186,81.988471,-1.211435,-1.606203,0.023369,-2.0516,2.399418,58.563194,-0.239942,-0.20516,0.0
23.94,-0.075323,-1.977175,-0.456631,-0.814743,-0.418115,1.09676,0.004815,1.999907,-0.336986,0.399843,-0.048487,-2.830682,3.358681,81.996709,-1.211429,-1.600028,0.023718,-2.021916,2.399058,58.569078,-0.239906,-0.202192,0.0
23.96,-0.079275,-1.974702,-0.458246,-0.800105,-0.415908,1.110104,0.008814,1.999689,-0.332005,0.399769,-0.047506,-2.788841,3.358056,82.004952,-1.211405,-1.59381,0.024068,-1.99203,2.398611,58.574966,-0.239861,-0.199203,0.0
23.98,-0.083222,-1.972102,-0.459832,-0.785416,-0.413674,1.123378,0.012813,1.999343,-0.326991,0.39968,-0.046524,-2.746722,3.35731,82.013202,-1.211363,-1.587549,0.024418,-1.961944,2.398078,58.580859,-0.239808,-0.196194,0.0
24.0,-0.087163,-1.969376,-0.461388,-0.770676,-0.411414,1.136579,0.016812,1.998869,-0.321944,0.399577,-0.045541,-2.704328,3.356443,82.021459,-1.211302,-1.581248,0.024769,-1.931663,2.397459,58.586756,-0.239746,-0.193166,0.0
24.02,-0.091099,-1.966523,-0.462914,-0.755887,-0.409128,1.149708,0.020809,1.998267,-0.316865,0.399459,-0.044557,-2.661663,3.355455,82.029721,-1.211224,-1.574905,0.025121,-1.901188,2.396754,58.592658,-0.239675,-0.190119,0.0
24.04,-0.095029,-1.963545,-0.464411,-0.74105,-0.406816,1.162763,0.024805,1.997537,-0.311754,0.399327,-0.043573,-2.618732,3.354346,82.03799,-1.211127,-1.568522,0.025473,-1.870523,2.395962,58.598564,-0.239596,-0.187052,0.0
24.06,-0.098953,-1.960442,-0.465878,-0.726165,-0.404477,1.175744,0.028799,1.99668,-0.306612,0.399181,-0.042588,-2.575539,3.353117,82.046264,-1.211011,-1.5621,0.025826,-1.839671,2.395084,58.604474,-0.239508,-0.183967,0.0
24.08,-0.102871,-1.957212,-0.467316,-0.711234,-0.402113,1.188649,0.032791,1.995694,-0.301439,0.39902,-0.041602,-2.532089,3.351767,82.054544,-1.210878,-1.555638,0.026179,-1.808635,2.394119,58.610389,-0.239412,-0.180863,0.0
24.1,-0.106782,-1.953858,-0.468723,-0.696258,-0.399722,1.201479,0.036781,1.994581,-0.296236,0.398845,-0.040616,-2.488385,3.350296,82.06283,-1.210726,-1.549139,0.026532,-1.777418,2.393069,58.616307,-0.239307,-0.177742,0.0
24.12,-0.110686,-1.950378,-0.470101,-0.681236,-0.397307,1.214231,0.040769,1.99334,-0.291004,0.398655,-0.039628,-2.444433,3.348705,82.071121,-1.210556,-1.542602,0.026886,-1.746023,2.391932,58.622229,-0.239193,-0.174602,0.0
24.14,-0.114584,-1.946774,-0.471448,-0.666171,-0.394866,1.226906,0.044755,1.991972,-0.285742,0.398452,-0.038641,-2.400236,3.346993,82.079417,-1.210368,-1.536027,0.027241,-1.714454,2.390709,58.628155,-0.239071,-0.171445,0.0
24.16,-0.118473,-1.943045,-0.472766,-0.651064,-0.392399,1.239503,0.048737,1.990476,-0.280452,0.398233,-0.037653,-2.355799,3.345161,82.087719,-1.210162,-1.529417,0.027595,-1.682714,2.3894,58.634085,-0.23894,-0.168271,0.0
24.18,-0.122356,-1.939192,-0.474053,-0.635915,-0.389908,1.252019,0.052717,1.988853,-0.275134,0.398001,-0.036664,-2.311127,3.343208,82.096026,-1.209937,-1.522771,0.02795,-1.650805,2.388006,58.640018,-0.238801,-0.16508,0.0
24.2,-0.12623,-1.935215,-0.475309,-0.620725,-0.387391,1.264456,0.056693,1.987102,-0.269788,0.397754,-0.035674,-2.266223,3.341135,82.104337,-1.209695,-1.51609,0.028306,-1.618731,2.386525,58.645955,-0.238652,-0.161873,0.0
24.22,-0.130096,-1.931113,-0.476535,-0.605495,-0.38485,1.276812,0.060665,1.985225,-0.264416,0.397493,-0.034684,-2.221093,3.338941,82.112654,-1.209434,-1.509375,0.028661,-1.586495,2.384958,58.651895,-0.238496,-0.15865,0.0
24.24,-0.133955,-1.926888,-0.477731,-0.590227,-0.382284,1.289086,0.064633,1.98322,-0.259017,0.397218,-0.033693,-2.175741,3.336628,82.120975,-1.209155,-1.502626,0.029017,-1.554101,2.383305,58.657839,-0.238331,-0.15541,0.0
24.26,-0.137804,-1.92254,-0.478896,-0.574921,-0.379694,1.301278,0.068598,1.981088,-0.253592,0.396928,-0.032702,-2.130171,3.334194,82.1293,-1.208858,-1.495844,0.029373,-1.521551,2.381567,58.663786,-0.238157,-0.152155,0.0
24.28,-0.141645,-1.918069,-0.480031,-0.559578,-0.377079,1.313387,0.072558,1.97883,-0.248141,0.396624,-0.031711,-2.084388,3.33164,82.13763,-1.208542,-1.489031,0.029729,-1.488849,2.379743,58.669736,-0.237974,-0.148885,0.0
24.3,-0.145476,-1.913475,-0.481135,-0.544199,-0.37444,1.325411,0.076513,1.976444,-0.242666,0.396306,-0.030718,-2.038397,3.328966,82.145965,-1.208209,-1.482185,0.030085,-1.455998,2.377833,58.675689,-0.237783,-0.1456,0.0
24.32,-0.149298,-1.908759,-0.482208,-0.528786,-0.371777,1.337351,0.080463,1.973933,-0.237167,0.395973,-0.029726,-1.992202,3.326173,82.154303,-1.207857,-1.475309,0.030441,-1.423001,2.375838,58.681645,-0.237584,-0.1423,0.0
24.34,-0.153111,-1.90392,-0.48325,-0.513338,-0.369091,1.349204,0.084409,1.971295,-0.231644,0.395626,-0.028733,-1.945807,3.323259,82.162645,-1.207488,-1.468403,0.030797,-1.389862,2.373757,58.687604,-0.237376,-0.138986,0.0
24.36,-0.156914,-1.89896,-0.484261,-0.497858,-0.366381,1.360972,0.088348,1.968531,-0.226097,0.395265,-0.027739,-1.899218,3.320226,82.170992,-1.2071,-1.461467,0.031153,-1.356585,2.37159,58.693565,-0.237159,-0.135658,0.0
24.38,-0.160707,-1.893878,-0.485241,-0.482346,-0.363647,1.372653,0.092283,1.965641,-0.220529,0.39489,-0.026745,-1.85244,3.317074,82.179342,-1.206694,-1.454503,0.031509,-1.323171,2.369338,58.69953,-0.236934,-0.132317,0.0
24.4,-0.164489,-1.888675,-0.48619,-0.466803,-0.36089,1.384245,0.096211,1.962625,-0.214938,0.3945,-0.025751,-1.805476,3.313802,82.187695,-1.20627,-1.447511,0.031865,-1.289625,2.367001,58.705497,-0.2367,-0.128963,0.0
24.42,-0.168261,-1.883351,-0.487108,-0.45123,-0.35811,1.395749,0.100133,1.959483,-0.209325,0.394097,-0.024756,-1.758331,3.310411,82.196052,-1.205828,-1.440491,0.03222,-1.255951,2.364579,58.711466,-0.236458,-0.125595,0.0
24.44,-0.172023,-1.877906,-0.487995,-0.435628,-0.355307,1.407164,0.104049,1.956216,-0.203692,0.393679,-0.02376,-1.711011,3.3069,82.204413,-1.205368,-1.433445,0.032576,-1.22215,2.362072,58.717438,-0.236207,-0.122215,0.0
24.46,-0.175773,-1.872341,-0.488851,-0.419999,-0.352481,1.418489,0.107958,1.952824,-0.198038,0.393247,-0.022765,-1.663519,3.303271,82.212776,-1.204891,-1.426373,0.032931,-1.188228,2.359479,58.723412,-0.235948,-0.118823,0.0
24.48,-0.179512,-1.866657,-0.489675,-0.404342,-0.349633,1.429723,0.11186,1.949307,-0.192364,0.3928,-0.021769,-1.615861,3.299523,82.221143,-1.204395,-1.419275,0.033286,-1.154186,2.356802,58.729388,-0.23568,-0.115419,0.0
24.5,-0.18324,-1.860853,-0.490468,-0.38866,-0.346763,1.440865,0.115755,1.945665,-0.186672,0.39234,-0.020772,-1.568042,3.295655,82.229512,-1.203881,-1.412154,0.03364,-1.12003,2.35404,58.735366,-0.235404,-0.112003,0.0
24.52,-0.186955,-1.854929,-0.49123,-0.372953,-0.34387,1.451915,0.119642,1.941899,-0.18096,0.391865,-0.019776,-1.520065,3.29167,82.237885,-1.203349,-1.405008,0.033995,-1.085761,2.351193,58.741346,-0.235119,-0.108576,0.0
24.54,-0.190659,-1.848888,-0.49196,-0.357221,-0.340955,1.462872,0.123522,1.938008,-0.175231,0.391377,-0.018779,-1.471937,3.287565,82.24626,-1.202799,-1.39784,0.034349,-1.051384,2.348261,58.747328,-0.234826,-0.105138,0.0
24.56,-0.194351,-1.842727,-0.492659,-0.341467,-0.338018,1.473736,0.127394,1.933993,-0.169484,0.390874,-0.017781,-1.423661,3.283343,82.254637,-1.202232,-1.390649,0.034702,-1.016901,2.345245,58.753312,-0.234524,-0.10169,0.0
24.58,-0.19803,-1.836449,-0.493326,-0.325692,-0.33506,1.484505,0.131258,1.929855,-0.163719,0.390357,-0.016784,-1.375244,3.279002,82.263017,-1.201646,-1.383437,0.035055,-0.982317,2.342144,58.759298,-0.234214,-0.098232,0.0
24.6,-0.201697,-1.830054,-0.493961,-0.309895,-0.33208,1.49518,0.135114,1.925593,-0.157939,0.389827,-0.015786,-1.326688,3.274543,82.271399,-1.201043,-1.376204,0.035408,-0.947634,2.338959,58.765285,-0.233896,-0.094763,0.0
24.62,-0.20535,-1.823541,-0.494565,-0.294078,-0.329079,1.505758,0.138961,1.921208,-0.152143,0.389282,-0.014788,-1.278,3.269966,82.279783,-1.200422,-1.368951,0.03576,-0.912857,2.33569,58.771274,-0.233569,-0.091286,0.0
24.64,-0.208991,-1.816911,-0.495138,-0.278243,-0.326057,1.51624,0.142799,1.9167,-0.146331,0.388723,-0.013789,-1.229184,3.265272,82.28817,-1.199783,-1.361679,0.036111,-0.877989,2.332337,58.777264,-0.233234,-0.087799,0.0
24.66,-0.212618,-1.810166,-0.495678,-0.26239,-0.323015,1.526626,0.146627,1.912069,-0.140505,0.38815,-0.012791,-1.180246,3.26046,82.296558,-1.199126,-1.354388,0.036462,-0.843033,2.3289,58.783256,-0.23289,-0.084303,0.0
24.68,-0.216231,-1.803304,-0.496187,-0.24652,-0.319951,1.536913,0.150447,1.907316,-0.134665,0.387563,-0.011792,-1.131189,3.25553,82.304948,-1.198451,-1.347079,0.036812,-0.807992,2.325379,58.789248,-0.232538,-0.080799,0.0
24.7,-0.219831,-1.796327,-0.496664,-0.230634,-0.316867,1.547102,0.154257,1.90244,-0.128812,0.386962,-0.010793,-1.082019,3.250484,82.313339,-1.197759,-1.339753,0.037161,-0.772871,2.321774,58.795242,-0.232177,-0.077287,0.0
24.72,-0.223416,-1.789235,-0.49711,-0.214734,-0.313763,1.557192,0.158056,1.897443,-0.122945,0.386348,-0.009794,-1.032741,3.24532,82.321732,-1.197049,-1.332411,0.03751,-0.737672,2.318086,58.801237,-0.231809,-0.073767,0.0
24.74,-0.226988,-1.782028,-0.497523,-0.19882,-0.310638,1.567183,0.161846,1.892325,-0.117067,0.385719,-0.008795,-0.983359,3.24004,82.330126,-1.196321,-1.325053,0.037857,-0.7024,2.314314,58.807233,-0.231431,-0.07024,0.0
24.76,-0.230544,-1.774708,-0.497905,-0.182893,-0.307494,1.577073,0.165626,1.887085,-0.111176,0.385077,-0.007795,-0.93388,3.234643,82.338521,-1.195576,-1.317681,0.038204,-0.667057,2.310459,58.81323,-0.231046,-0.066706,0.0
24.78,-0.234086,-1.767274,-0.498255,-0.166954,-0.30433,1.586862,0.169394,1.881725,-0.105275,0.38442,-0.006795,-0.884307,3.229129,82.346918,-1.194813,-1.310294,0.038551,-0.631648,2.306521,58.819227,-0.230652,-0.063165,0.0
24.8,-0.237614,-1.759726,-0.498573,-0.151005,-0.301147,1.59655,0.173152,1.876244,-0.099363,0.38375,-0.005796,-0.834645,3.223499,82.355315,-1.194033,-1.302894,0.038896,-0.596175,2.3025,58.825225,-0.23025,-0.059618,0.0
24.82,-0.241125,-1.752067,-0.498859,-0.135046,-0.297944,1.606136,0.176899,1.870643,-0.09344,0.383066,-0.004796,-0.7849,3.217754,82.363713,-1.193235,-1.295481,0.03924,-0.560643,2.298395,58.831224,-0.22984,-0.056064,0.0
24.84,-0.244622,-1.744295,-0.499113,-0.119078,-0.294722,1.615618,0.180635,1.864923,-0.087509,0.382368,-0.003796,-0.735077,3.211892,82.372112,-1.192419,-1.288056,0.039584,-0.525055,2.294209,58.837223,-0.229421,-0.052505,0.0
24.86,-0.248102,-1.736411,-0.499335,-0.103103,-0.291481,1.624998,0.184359,1.859083,-0.081569,0.381657,-0.002796,-0.68518,3.205915,82.380511,-1.191586,-1.28062,0.039926,-0.489414,2.289939,58.843222,-0.228994,-0.048941,0.0
24.88,-0.251567,-1.728416,-0.499525,-0.087121,-0.288222,1.634273,0.188071,1.853124,-0.075621,0.380931,-0.001796,-0.635214,3.199822,82.388911,-1.190735,-1.273174,0.040267,-0.453724,2.285587,58.849222,-0.228559,-0.045372,0.0
24.9,-0.255016,-1.720311,-0.499684,-0.071134,-0.284944,1.643444,0.191771,1.847046,-0.069665,0.380192,-0.000796,-0.585185,3.193614,82.397311,-1.189867,-1.265718,0.040607,-0.417989,2.281153,58.855222,-0.228115,-0.041799,0.0
24.92,-0.258448,-1.712095,-0.49981,-0.055142,-0.281648,1.652509,0.195459,1.840851,-0.063702,0.379439,0.000204,-0.535097,3.187291,82.405711,-1.188982,-1.258253,0.040946,-0.382212,2.276637,58.861222,-0.227664,-0.038221,0.0
24.94,-0.261864,-1.70377,-0.499904,-0.039146,-0.278334,1.661469,0.199135,1.834537,-0.057733,0.378673,0.001204,-0.484956,3.180854,82.414111,-1.188079,-1.250781,0.041284,-0.346397,2.272038,58.867222,-0.227204,-0.03464,0.0
24.96,-0.265263,-1.695336,-0.499967,-0.023148,-0.275003,1.670322,0.202797,1.828106,-0.051758,0.377893,0.002204,-0.434767,3.174301,82.422511,-1.187159,-1.243301,0.041621,-0.310548,2.267358,58.873222,-0.226736,-0.031055,0.0
24.98,-0.268646,-1.686794,-0.499997,-0.007149,-0.271653,1.679069,0.206447,1.821558,-0.045778,0.377099,0.003204,-0.384534,3.167635,82.43091,-1.186221,-1.235814,0.041956,-0.274667,2.262596,58.879222,-0.22626,-0.027467,0.0
25.0,-0.272011,-1.678143,-0.499995,0.008851,-0.268286,1.687708,0.210084,1.814894,-0.039793,0.376292,0.004203,-0.334262,3.160855,82.439309,-1.185266,-1.228321,0.04229,-0.238759,2.257753,58.885221,-0.225775,-0.023876,0.0
25.02,-0.275358,-1.669385,-0.499961,0.024851,-0.264902,1.696239,0.213707,1.808113,-0.033804,0.375471,0.005203,-0.283957,3.15396,82.447708,-1.184294,-1.220824,0.042623,-0.202827,2.252829,58.89122,-0.225283,-0.020283,0.0
25.04,-0.278688,-1.66052,-0.499896,0.040849,-0.261502,1.704661,0.217316,1.801216,-0.027812,0.374637,0.006203,-0.233624,3.146953,82.456106,-1.183305,-1.213322,0.042954,-0.166874,2.247823,58.897218,-0.224782,-0.016687,0.0
25.06,-0.282,-1.651549,-0.499798,0.056844,-0.258084,1.712975,0.220911,1.794205,-0.021818,0.373789,0.007203,-0.183267,3.139832,82.464502,-1.182299,-1.205816,0.043284,-0.130905,2.242737,58.903216,-0.224274,-0.013091,0.0
25.08,-0.285294,-1.642473,-0.499668,0.072835,-0.25465,1.721179,0.224493,1.787078,-0.015821,0.372928,0.008202,-0.132892,3.132598,82.472898,-1.181275,-1.198308,0.043612,-0.094923,2.23757,58.909213,-0.223757,-0.009492,0.0
25.1,-0.28857,-1.633291,-0.499507,0.088822,-0.251199,1.729272,0.22806,1.779837,-0.009822,0.372054,0.009202,-0.082504,3.125251,82.481293,-1.180235,-1.190798,0.043939,-0.058932,2.232322,58.91521,-0.223232,-0.005893,0.0
25.12,-0.291827,-1.624004,-0.499313,0.104803,-0.247733,1.737255,0.231612,1.772483,-0.003822,0.371166,0.010201,-0.032108,3.117791,82.489687,-1.179177,-1.183286,0.044265,-0.022934,2.226994,58.921205,-0.222699,-0.002293,0.0
25.14,-0.295066,-1.614614,-0.499087,0.120778,-0.24425,1.745127,0.235149,1.765014,0.002178,0.370264,0.0112,0.018292,3.11022,82.498079,-1.178103,-1.175774,0.044588,0.013066,2.221586,58.9272,-0.222159,0.001307,0.0
25.16,-0.298286,-1.60512,-0.49883,0.136745,-0.240752,1.752887,0.238672,1.757433,0.008177,0.36935,0.012199,0.06869,3.102536,82.50647,-1.177011,-1.168262,0.044911,0.049064,2.216097,58.933193,-0.22161,0.004906,0.0
25.18,-0.301486,-1.595524,-0.49854,0.152703,-0.237239,1.760535,0.242179,1.74974,0.014176,0.368422,0.013198,0.119081,3.094741,82.514859,-1.175902,-1.160751,0.045231,0.085058,2.210529,58.939185,-0.221053,0.008506,0.0
25.2,-0.304668,-1.585825,-0.498219,0.168651,-0.23371,1.76807,0.245671,1.741934,0.020174,0.36748,0.014196,0.16946,3.086834,82.523247,-1.174777,-1.153242,0.04555,0.121043,2.204882,58.945176,-0.220488,0.012104,0.0
25.22,-0.30783,-1.576025,-0.497866,0.184588,-0.230167,1.775492,0.249147,1.734017,0.026169,0.366526,0.015194,0.219822,3.078816,82.531632,-1.173635,-1.145736,0.045867,0.157016,2.199155,58.951166,-0.219915,0.015702,0.0
25.24,-0.310972,-1.566124,-0.497481,0.200514,-0.226608,1.782801,0.252607,1.725989,0.032162,0.365558,0.016192,0.270163,3.070688,82.540016,-1.172476,-1.138233,0.046183,0.192973,2.193348,58.957154,-0.219335,0.019297,0.0
25.26,-0.314094,-1.556123,-0.497064,0.216427,-0.223036,1.789995,0.256051,1.71785,0.038152,0.364577,0.01719,0.320476,3.062449,82.548397,-1.1713,-1.130734,0.046496,0.228911,2.187463,58.963141,-0.218746,0.022891,0.0
25.28,-0.317196,-1.546023,-0.496615,0.232326,-0.219448,1.797075,0.259478,1.709602,0.044138,0.363583,0.018188,0.370757,3.054099,82.556776,-1.170107,-1.123239,0.046808,0.264826,2.181499,58.969126,-0.21815,0.026483,0.0
25.3,-0.320278,-1.535823,-0.496135,0.24821,-0.215847,1.80404,0.262889,1.701244,0.050119,0.362576,0.019185,0.421001,3.04564,82.565152,-1.168898,-1.115751,0.047118,0.300715,2.175457,58.975109,-0.217546,0.030071,0.0
25.32,-0.323339,-1.525525,-0.495622,0.264078,-0.212232,1.810889,0.266283,1.692777,0.056096,0.361556,0.020182,0.471203,3.037071,82.573526,-1.167672,-1.108268,0.047426,0.336574,2.169336,58.98109,-0.216934,0.033657,0.0
25.34,-0.32638,-1.515129,-0.495078,0.279929,-0.208604,1.817622,0.26966,1.684202,0.062066,0.360523,0.021178,0.521358,3.028392,82.581897,-1.16643,-1.100793,0.047732,0.372398,2.163137,58.98707,-0.216314,0.03724,0.0
25.36,-0.3294,-1.504637,-0.494503,0.295763,-0.204962,1.824239,0.27302,1.675519,0.068031,0.359477,0.022174,0.571461,3.019605,82.590266,-1.165171,-1.093325,0.048035,0.408186,2.156861,58.993047,-0.215686,0.040819,0.0
25.38,-0.332398,-1.494048,-0.493895,0.311577,-0.201307,1.83074,0.276362,1.666729,0.073989,0.358418,0.02317,0.621506,3.010709,82.598631,-1.163896,-1.085867,0.048337,0.443933,2.150506,58.999022,-0.215051,0.044393,0.0
25.4,-0.335376,-1.483364,-0.493256,0.327372,-0.197639,1.837123,0.279687,1.657832,0.079939,0.357346,0.024166,0.671489,3.001705,82.606993,-1.162604,-1.078417,0.048637,0.479635,2.144075,59.004995,-0.214407,0.047964,0.0
25.42,-0.338332,-1.472584,-0.492586,0.343145,-0.193959,1.843389,0.282993,1.648829,0.085882,0.356261,0.025161,0.721406,2.992592,82.615352,-1.161296,-1.070978,0.048935,0.51529,2.137566,59.010966,-0.213757,0.051529,0.0
25.44,-0.341266,-1.461711,-0.491884,0.358897,-0.190266,1.849536,0.286282,1.639721,0.091815,0.355163,0.026156,0.77125,2.983372,82.623708,-1.159971,-1.063549,0.04923,0.550893,2.13098,59.016934,-0.213098,0.055089,0.0
25.46,-0.344179,-1.450743,-0.49115,0.374625,-0.18656,1.855565,0.289552,1.630507,0.09774,0.354053,0.02715,0.821017,2.974044,82.63206,-1.15863,-1.056133,0.049524,0.586441,2.124317,59.0229,-0.212432,0.058644,0.0
25.48,-0.347069,-1.439683,-0.490385,0.39033,-0.182843,1.861476,0.292804,1.621189,0.103655,0.35293,0.028144,0.870702,2.964609,82.640409,-1.157273,-1.048728,0.049815,0.62193,2.117578,59.028863,-0.211758,0.062193,0.0
25.5,-0.349937,-1.428531,-0.489589,0.40601,-0.179115,1.867267,0.296037,1.611768,0.109559,0.351794,0.029137,0.9203,2.955068,82.648753,-1.1559,-1.041337,0.050104,0.657357,2.110763,59.034824,-0.211076,0.065736,0.0
25.52,-0.352783,-1.417288,-0.488761,0.421663,-0.175374,1.872939,0.299251,1.602243,0.115453,0.350645,0.03013,0.969805,2.94542,82.657094,-1.15451,-1.033959,0.05039,0.692718,2.103871,59.040782,-0.210387,0.069272,0.0
25.54,-0.355606,-1.405953,-0.487902,0.43729,-0.171623,1.878491,0.302446,1.592616,0.121335,0.349484,0.031123,1.019214,2.935666,82.665431,-1.153105,-1.026597,0.050674,0.72801,2.096904,59.046736,-0.20969,0.072801,0.0
25.56,-0.358407,-1.394529,-0.487012,0.452889,-0.167861,1.883923,0.305621,1.582887,0.127205,0.34831,0.032115,1.068521,2.925807,82.673763,-1.151683,-1.019249,0.050956,0.763229,2.089862,59.052688,-0.208986,0.076323,0.0
25.58,-0.361184,-1.383016,-0.486091,0.468459,-0.164087,1.889234,0.308777,1.573057,0.133062,0.347124,0.033106,1.117721,2.915842,82.682092,-1.150245,-1.011918,0.051235,0.798372,2.082744,59.058637,-0.208274,0.079837,0.0
25.6,-0.363939,-1.371414,-0.485138,0.483998,-0.160304,1.894424,0.311913,1.563125,0.138906,0.345925,0.034097,1.16681,2.905772,82.690415,-1.148792,-1.004603,0.051512,0.833435,2.075551,59.064582,-0.207555,0.083344,0.0
25.62,-0.36667,-1.359724,-0.484155,0.499507,-0.15651,1.899493,0.31503,1.553094,0.144736,0.344714,0.035087,1.215781,2.895597,82.698735,-1.147322,-0.997306,0.051787,0.868415,2.068284,59.070525,-0.206828,0.086842,0.0
25.64,-0.369378,-1.347947,-0.48314,0.514984,-0.152706,1.904441,0.318126,1.542964,0.150551,0.34349,0.036077,1.264631,2.885319,82.707049,-1.145837,-0.990028,0.052059,0.903308,2.060942,59.076464,-0.206094,0.090331,0.0
25.66,-0.372062,-1.336084,-0.482095,0.530428,-0.148892,1.909266,0.321201,1.532734,0.156352,0.342254,0.037067,1.313355,2.874936,82.715359,-1.144336,-0.982769,0.052328,0.938111,2.053526,59.082399,-0.205353,0.093811,0.0
25.68,-0.374722,-1.324135,-0.481019,0.545838,-0.145069,1.91397,0.324257,1.522407,0.162137,0.341006,0.038055,1.361947,2.86445,82.723663,-1.14282,-0.975529,0.052595,0.972819,2.046036,59.088331,-0.204604,0.097282,0.0
25.7,-0.377358,-1.312102,-0.479911,0.561213,-0.141236,1.918551,0.327291,1.511982,0.167905,0.339745,0.039043,1.410403,2.853861,82.731963,-1.141287,-0.96831,0.052859,1.007431,2.038472,59.094259,-0.203847,0.100743,0.0
25.72,-0.37997,-1.299985,-0.478774,0.576552,-0.137395,1.923009,0.330304,1.501461,0.173657,0.338473,0.040031,1.458718,2.843169,82.740257,-1.139739,-0.961112,0.05312,1.041941,2.030835,59.100184,-0.203084,0.104194,0.0
25.74,-0.382558,-1.287784,-0.477605,0.591854,-0.133544,1.927344,0.333297,1.490843,0.179391,0.337187,0.041017,1.506887,2.832375,82.748546,-1.138176,-0.953936,0.053379,1.076348,2.023125,59.106104,-0.202312,0.107635,0.0
25.76,-0.385121,-1.275501,-0.476406,0.607118,-0.129685,1.931556,0.336268,1.48013,0.185108,0.33589,0.042004,1.554906,2.821479,82.756829,-1.136597,-0.946783,0.053635,1.110647,2.015342,59.112021,-0.201534,0.111065,0.0
25.78,-0.38766,-1.263137,-0.475177,0.622343,-0.125818,1.935644,0.339217,1.469322,0.190806,0.334581,0.042989,1.602768,2.810481,82.765107,-1.135002,-0.939654,0.053888,1.144835,2.007486,59.117934,-0.200749,0.114483,0.0
25.8,-0.390174,-1.250691,-0.473917,0.637529,-0.121943,1.939608,0.342145,1.45842,0.196485,0.33326,0.043974,1.650471,2.799382,82.773379,-1.133392,-0.932548,0.054138,1.178908,1.999558,59.123842,-0.199956,0.117891,0.0
25.82,-0.392663,-1.238166,-0.472627,0.652674,-0.11806,1.943448,0.345051,1.447425,0.202144,0.331926,0.044958,1.698009,2.788182,82.781645,-1.131767,-0.925468,0.054386,1.212863,1.991559,59.129747,-0.199156,0.121286,0.0
25.84,-0.395127,-1.225561,-0.471306,0.667777,-0.114169,1.947164,0.347935,1.436337,0.207783,0.330581,0.045941,1.745377,2.776882,82.789905,-1.130127,-0.918413,0.05463,1.246698,1.983487,59.135647,-0.198349,0.12467,0.0
25.86,-0.397565,-1.212878,-0.469956,0.682837,-0.110271,1.950755,0.350796,1.425157,0.213401,0.329224,0.046924,1.79257,2.765482,82.798159,-1.128471,-0.911385,0.054872,1.280407,1.975344,59.141542,-0.197534,0.128041,0.0
25.88,-0.399978,-1.200117,-0.468575,0.697854,-0.106366,1.954221,0.353635,1.413887,0.218998,0.327855,0.047906,1.839584,2.753982,82.806407,-1.126801,-0.904383,0.05511,1.313989,1.96713,59.147433,-0.196713,0.131399,0.0
25.9,-0.402365,-1.18728,-0.467164,0.712826,-0.102454,1.957562,0.356452,1.402525,0.224573,0.326474,0.048887,1.886414,2.742383,82.814648,-1.125115,-0.897409,0.055346,1.347439,1.958845,59.15332,-0.195885,0.134744,0.0
25.92,-0.404727,-1.174366,-0.465724,0.727752,-0.098536,1.960778,0.359245,1.391074,0.230126,0.325082,0.049867,1.933055,2.730686,82.822882,-1.123414,-0.890464,0.055579,1.380754,1.95049,59.159202,-0.195049,0.138075,0.0
25.94,-0.407063,-1.161377,-0.464253,0.742632,-0.094611,1.963868,0.362016,1.379534,0.235655,0.323677,0.050846,1.979504,2.71889,82.83111,-1.121699,-0.883548,0.055808,1.413931,1.942064,59.165079,-0.194206,0.141393,0.0
25.96,-0.409373,-1.148314,-0.462753,0.757464,-0.090681,1.966833,0.364763,1.367905,0.241161,0.322261,0.051825,2.025754,2.706996,82.839331,-1.119968,-0.876662,0.056035,1.446967,1.933569,59.170951,-0.193357,0.144697,0.0
25.98,-0.411656,-1.135178,-0.461224,0.772247,-0.086744,1.969672,0.367487,1.356189,0.246643,0.320834,0.052803,2.071801,2.695005,82.847545,-1.118223,-0.869806,0.056258,1.479858,1.925003,59.176818,-0.1925,0.147986,0.0
26.0,-0.413913,-1.121969,-0.459664,0.786982,-0.082802,1.972385,0.370188,1.344386,0.2521,0.319395,0.05378,2.117642,2.682917,82.855752,-1.116462,-0.862982,0.056479,1.512601,1.916369,59.18268,-0.191637,0.15126,0.0
26.02,-0.416144,-1.108688,-0.458076,0.801666,-0.078855,1.974971,0.372865,1.332497,0.257532,0.317944,0.054756,2.163271,2.670732,82.863952,-1.114688,-0.85619,0.056696,1.545193,1.907666,59.188537,-0.190767,0.154519,0.0
26.04,-0.418348,-1.095336,-0.456458,0.816298,-0.074902,1.977431,0.375518,1.320523,0.262938,0.316482,0.055731,2.208683,2.658451,82.872144,-1.112898,-0.84943,0.056909,1.577631,1.898894,59.194389,-0.189889,0.157763,0.0
26.06,-0.420525,-1.081914,-0.45481,0.830879,-0.070945,1.979765,0.378147,1.308464,0.268318,0.315009,0.056706,2.253874,2.646074,82.880329,-1.111094,-0.842704,0.05712,1.60991,1.890053,59.200235,-0.189005,0.160991,0.0
26.08,-0.422676,-1.068422,-0.453134,0.845406,-0.066983,1.981972,0.380752,1.296322,0.273671,0.313524,0.057679,2.29884,2.633602,82.888506,-1.109276,-0.836011,0.057327,1.642029,1.881145,59.206076,-0.188114,0.164203,0.0
26.1,-0.424799,-1.054863,-0.451429,0.859879,-0.063017,1.984052,0.383332,1.284097,0.278997,0.312028,0.058652,2.343577,2.621036,82.896676,-1.107443,-0.829354,0.057531,1.673983,1.872168,59.211911,-0.187217,0.167398,0.0
26.12,-0.426895,-1.041235,-0.449695,0.874297,-0.059047,1.986005,0.385888,1.271789,0.284295,0.310521,0.059623,2.388079,2.608375,82.904837,-1.105595,-0.822731,0.057732,1.70577,1.863125,59.217741,-0.186312,0.170577,0.0
26.14,-0.428964,-1.027542,-0.447932,0.888659,-0.055073,1.987831,0.388419,1.2594,0.289564,0.309002,0.060594,2.432342,2.59562,82.912991,-1.103734,-0.816145,0.057929,1.737387,1.854014,59.223565,-0.185401,0.173739,0.0
26.16,-0.431005,-1.013782,-0.44614,0.902964,-0.051096,1.989529,0.390926,1.24693,0.294805,0.307473,0.061564,2.476361,2.582771,82.921136,-1.101858,-0.809596,0.058123,1.76883,1.844837,59.229383,-0.184484,0.176883,0.0
26.18,-0.433019,-0.999958,-0.44432,0.917212,-0.047115,1.991101,0.393407,1.234381,0.300016,0.305932,0.062533,2.520134,2.56983,82.929273,-1.099968,-0.803084,0.058313,1.800095,1.835593,59.235195,-0.183559,0.18001,0.0
26.2,-0.435005,-0.986069,-0.442471,0.9314,-0.043132,1.992545,0.395863,1.221753,0.305197,0.30438,0.0635,2.563654,2.556796,82.937402,-1.098064,-0.79661,0.0585,1.831181,1.826283,59.241002,-0.182628,0.183118,0.0
26.22,-0.436963,-0.972118,-0.440594,0.94553,-0.039145,1.993861,0.398294,1.209046,0.310347,0.302818,0.064467,2.606918,2.54367,82.945522,-1.096146,-0.790174,0.058683,1.862084,1.816907,59.246802,-0.181691,0.186208,0.0
26.24,-0.438893,-0.958104,-0.438689,0.959598,-0.035156,1.99505,0.400699,1.196262,0.315467,0.301244,0.065433,2.649921,2.530453,82.953634,-1.094214,-0.783778,0.058863,1.892801,1.807466,59.252596,-0.180747,0.18928,0.0
26.26,-0.440795,-0.944029,-0.436756,0.973605,-0.031165,1.996111,0.403079,1.183402,0.320555,0.29966,0.066397,2.692659,2.517144,82.961737,-1.092268,-0.777422,0.059039,1.923328,1.79796,59.258383,-0.179796,0.192333,0.0
26.28,-0.442669,-0.929893,-0.434795,0.98755,-0.027172,1.997045,0.405433,1.170465,0.32561,0.298065,0.067361,2.735128,2.503745,82.969831,-1.090308,-0.771107,0.059212,1.953663,1.788389,59.264165,-0.178839,0.195366,0.0
26.3,-0.444515,-0.915698,-0.432806,1.001432,-0.023177,1.99785,0.407761,1.157454,0.330634,0.296459,0.068323,2.777323,2.490255,82.977915,-1.088335,-0.764833,0.059381,1.983802,1.778754,59.269939,-0.177875,0.19838,0.0
26.32,-0.446332,-0.901445,-0.430789,1.01525,-0.019181,1.998528,0.410062,1.144369,0.335624,0.294842,0.069285,2.819241,2.476676,82.985991,-1.086348,-0.758601,0.059546,2.013743,1.769055,59.275708,-0.176905,0.201374,0.0
26.34,-0.448121,-0.887133,-0.428745,1.029002,-0.015183,1.999078,0.412338,1.13121,0.340581,0.293215,0.070245,2.860876,2.463008,82.994057,-1.084347,-0.752411,0.059708,2.043483,1.759292,59.281469,-0.175929,0.204348,0.0
26.36,-0.449881,-0.872765,-0.426673,1.042689,-0.011184,1.9995,0.414587,1.11798,0.345503,0.291578,0.071204,2.902226,2.449251,83.002114,-1.082333,-0.746265,0.059866,2.073019,1.749465,59.287224,-0.174947,0.207302,0.0
26.38,-0.451612,-0.858341,-0.424574,1.056309,-0.007185,1.999793,0.41681,1.104677,0.350391,0.289929,0.072162,2.943285,2.435406,83.010161,-1.080306,-0.740162,0.06002,2.102347,1.739576,59.292972,-0.173958,0.210235,0.0
26.4,-0.453314,-0.843862,-0.422448,1.069861,-0.003185,1.999959,0.419006,1.091304,0.355244,0.288271,0.073119,2.984051,2.421474,83.018199,-1.078265,-0.734104,0.06017,2.131465,1.729624,59.298714,-0.172962,0.213146,0.0
26.42,-0.454987,-0.829329,-0.420295,1.083345,0.000815,1.999997,0.421175,1.077861,0.360062,0.286602,0.074075,3.024517,2.407454,83.026227,-1.076211,-0.728091,0.060317,2.160369,1.71961,59.304448,-0.171961,0.216037,0.0
26.44,-0.456631,-0.814743,-0.418115,1.09676,0.004815,1.999907,0.423317,1.064349,0.364843,0.284922,0.075029,3.064681,2.393347,83.034244,-1.074143,-0.722123,0.060459,2.189058,1.709534,59.310175,-0.170953,0.218906,0.0
26.46,-0.458246,-0.800105,-0.415908,1.110104,0.008814,1.999689,0.425432,1.050769,0.369588,0.283233,0.075982,3.104539,2.379155,83.042252,-1.072063,-0.716202,0.060598,2.217528,1.699396,59.315894,-0.16994,0.221753,0.0
26.48,-0.459832,-0.785416,-0.413674,1.123378,0.012813,1.999343,0.42752,1.037122,0.374296,0.281533,0.076934,3.144086,2.364876,83.05025,-1.069969,-0.710328,0.060733,2.245776,1.689197,59.321607,-0.16892,0.224578,0.0
26.5,-0.461388,-0.770676,-0.411414,1.136579,0.016812,1.998869,0.429581,1.023408,0.378967,0.279823,0.077885,3.183319,2.350513,83.058237,-1.067863,-0.704501,0.060864,2.2738,1.678938,59.327312,-0.167894,0.22738,0.0
26.52,-0.462914,-0.755887,-0.409128,1.149708,0.020809,1.998267,0.431614,1.009629,0.383599,0.278103,0.078835,3.222234,2.336065,83.066214,-1.065743,-0.698722,0.060992,2.301596,1.668618,59.33301,-0.166862,0.23016,0.0
26.54,-0.464411,-0.74105,-0.406816,1.162763,0.024805,1.997537,0.433619,0.995785,0.388194,0.276373,0.079783,3.260826,2.321533,83.07418,-1.063611,-0.692992,0.061115,2.329162,1.658238,59.3387,-0.165824,0.232916,0.0
26.56,-0.465878,-0.726165,-0.404477,1.175744,0.028799,1.99668,0.435597,0.981877,0.392749,0.274633,0.08073,3.299093,2.306917,83.082135,-1.061466,-0.687311,0.061234,2.356495,1.647798,59.344382,-0.16478,0.235649,0.0
26.58,-0.467316,-0.711234,-0.402113,1.188649,0.032791,1.995694,0.437547,0.967907,0.397265,0.272883,0.081676,3.337029,2.292218,83.09008,-1.059308,-0.68168,0.061349,2.383592,1.637299,59.350057,-0.16373,0.238359,0.0
26.6,-0.468723,-0.696258,-0.399722,1.201479,0.036781,1.994581,0.439469,0.953875,0.401742,0.271123,0.082621,3.374632,2.277437,83.098013,-1.057138,-0.676099,0.06146,2.410451,1.626741,59.355724,-0.162674,0.241045,0.0
26.62,-0.470101,-0.681236,-0.397307,1.214231,0.040769,1.99334,0.441362,0.939781,0.406178,0.269354,0.083564,3.411897,2.262574,83.105936,-1.054955,-0.670569,0.061567,2.437069,1.616124,59.361383,-0.161612,0.243707,0.0
26.64,-0.471448,-0.666171,-0.394866,1.226906,0.044755,1.991972,0.443228,0.925628,0.410574,0.267575,0.084506,3.448821,2.247629,83.113847,-1.05276,-0.665091,0.06167,2.463443,1.605449,59.367033,-0.160545,0.246344,0.0
26.66,-0.472766,-0.651064,-0.392399,1.239503,0.048737,1.990476,0.445065,0.911415,0.414929,0.265786,0.085446,3.4854,2.232603,83.121747,-1.050552,-0.659664,0.061769,2.489571,1.594716,59.372676,-0.159472,0.248957,0.0
26.68,-0.474053,-0.635915,-0.389908,1.252019,0.052717,1.988853,0.446873,0.897144,0.419242,0.263988,0.086385,3.521631,2.217497,83.129635,-1.048332,-0.654291,0.061864,2.51545,1.583926,59.378311,-0.158393,0.251545,0.0
26.7,-0.475309,-0.620725,-0.387391,1.264456,0.056693,1.987102,0.448653,0.882816,0.423513,0.26218,0.087323,3.557509,2.202311,83.137512,-1.0461,-0.64897,0.061955,2.541078,1.573079,59.383937,-0.157308,0.254108,0.0
26.72,-0.476535,-0.605495,-0.38485,1.276812,0.060665,1.985225,0.450405,0.868431,0.427742,0.260363,0.088259,3.593032,2.187046,83.145377,-1.043856,-0.643703,0.062041,2.566451,1.562176,59.389555,-0.156218,0.256645,0.0
26.74,-0.477731,-0.590227,-0.382284,1.289086,0.064633,1.98322,0.452127,0.85399,0.431928,0.258536,0.089194,3.628195,2.171702,83.15323,-1.0416,-0.638491,0.062123,2.591568,1.551216,59.395164,-0.155122,0.259157,0.0
26.76,-0.478896,-0.574921,-0.379694,1.301278,0.068598,1.981088,0.45382,0.839495,0.436071,0.2567,0.090128,3.662996,2.15628,83.161071,-1.039332,-0.633333,0.062201,2.616425,1.5402,59.400765,-0.15402,0.261643,0.0
26.78,-0.480031,-0.559578,-0.377079,1.313387,0.072558,1.97883,0.455485,0.824946,0.44017,0.254855,0.09106,3.69743,2.14078,83.1689,-1.037052,-0.628231,0.062275,2.641021,1.529129,59.406357,-0.152913,0.264102,0.0
26.8,-0.481135,-0.544199,-0.37444,1.325411,0.076513,1.976444,0.45712,0.810344,0.444226,0.253,0.09199,3.731494,2.125204,83.176717,-1.03476,-0.623184,0.062344,2.665353,1.518003,59.411941,-0.1518,0.266535,0.0
26.82,-0.482208,-0.528786,-0.371777,1.337351,0.080463,1.973933,0.458726,0.79569,0.448236,0.251137,0.092919,3.765186,2.10955,83.184522,-1.032456,-0.618194,0.062409,2.689418,1.506822,59.417515,-0.150682,0.268942,0.0
26.84,-0.48325,-0.513338,-0.369091,1.349204,0.084409,1.971295,0.460303,0.780986,0.452202,0.249264,0.093847,3.798501,2.093821,83.192314,-1.030141,-0.61326,0.06247,2.713215,1.495586,59.423081,-0.149559,0.271321,0.0
26.86,-0.484261,-0.497858,-0.366381,1.360972,0.088348,1.968531,0.46185,0.766231,0.456123,0.247383,0.094773,3.831436,2.078016,83.200093,-1.027815,-0.608384,0.062527,2.73674,1.484297,59.428638,-0.14843,0.273674,0.0
26.88,-0.485241,-0.482346,-0.363647,1.372653,0.092283,1.965641,0.463368,0.751428,0.459999,0.245492,0.095698,3.863988,2.062137,83.20786,-1.025477,-0.603566,0.062579,2.759991,1.472955,59.434185,-0.147295,0.275999,0.0
26.9,-0.48619,-0.466803,-0.36089,1.384245,0.096211,1.962625,0.464856,0.736576,0.463828,0.243593,0.096621,3.896153,2.046183,83.215613,-1.023127,-0.598806,0.062627,2.782967,1.46156,59.439724,-0.146156,0.278297,0.0
26.92,-0.487108,-0.45123,-0.35811,1.395749,0.100133,1.959483,0.466314,0.721677,0.467611,0.241685,0.097542,3.927929,2.030156,83.223354,-1.020767,-0.594104,0.06267,2.805664,1.450111,59.445253,-0.145011,0.280566,0.0
26.94,-0.487995,-0.435628,-0.355307,1.407164,0.104049,1.956216,0.467743,0.706732,0.471347,0.239769,0.098462,3.959312,2.014056,83.231082,-1.018395,-0.589462,0.062709,2.82808,1.438611,59.450773,-0.143861,0.282808,0.0
26.96,-0.488851,-0.419999,-0.352481,1.418489,0.107958,1.952824,0.469141,0.691742,0.475036,0.237843,0.09938,3.990299,1.997883,83.238796,-1.016012,-0.58488,0.062744,2.850214,1.427059,59.456283,-0.142706,0.285021,0.0
26.98,-0.489675,-0.404342,-0.349633,1.429723,0.11186,1.949307,0.470509,0.676708,0.478677,0.235909,0.100297,4.020887,1.981638,83.246497,-1.013618,-0.580358,0.062774,2.872062,1.415456,59.461784,-0.141546,0.287206,0.0
27.0,-0.490468,-0.38866,-0.346763,1.440865,0.115755,1.945665,0.471848,0.66163,0.482271,0.233967,0.101212,4.051074,1.965322,83.254185,-1.011213,-0.575897,0.0628,2.893624,1.403801,59.467275,-0.14038,0.289362,0.0
27.02,-0.49123,-0.372953,-0.34387,1.451915,0.119642,1.941899,0.473156,0.64651,0.485816,0.232016,0.102126,4.080854,1.948935,83.261859,-1.008797,-0.571497,0.062821,2.914896,1.392096,59.472756,-0.13921,0.29149,0.0
27.04,-0.49196,-0.357221,-0.340955,1.462872,0.123522,1.938008,0.474434,0.631348,0.489313,0.230057,0.103038,4.110227,1.932478,83.269519,-1.006371,-0.567159,0.062837,2.935877,1.380341,59.478228,-0.138034,0.293588,0.0
27.06,-0.492659,-0.341467,-0.338018,1.473736,0.127394,1.933993,0.475681,0.616146,0.492761,0.228089,0.103948,4.139189,1.915951,83.277166,-1.003934,-0.562882,0.062849,2.956564,1.368537,59.48369,-0.136854,0.295656,0.0
27.08,-0.493326,-0.325692,-0.33506,1.484505,0.131258,1.929855,0.476898,0.600905,0.496159,0.226114,0.104857,4.167737,1.899356,83.284798,-1.001486,-0.558668,0.062857,2.976955,1.356683,59.489141,-0.135668,0.297696,0.0
27.1,-0.493961,-0.309895,-0.33208,1.49518,0.135114,1.925593,0.478085,0.585625,0.499508,0.22413,0.105764,4.195868,1.882692,83.292416,-0.999028,-0.554517,0.06286,2.997049,1.34478,59.494583,-0.134478,0.299705,0.0
27.12,-0.494565,-0.294078,-0.329079,1.505758,0.138961,1.921208,0.479241,0.570308,0.502807,0.222138,0.106669,4.22358,1.86596,83.30002,-0.99656,-0.55043,0.062859,3.016843,1.332828,59.500015,-0.133283,0.301684,0.0
27.14,-0.495138,-0.278243,-0.326057,1.51624,0.142799,1.9167,0.480366,0.554954,0.506056,0.220138,0.107573,4.250869,1.849161,83.30761,-0.994081,-0.546406,0.062853,3.036335,1.320829,59.505436,-0.132083,0.303634,0.0
27.16,-0.495678,-0.26239,-0.323015,1.526626,0.146627,1.912069,0.481461,0.539565,0.509254,0.21813,0.108474,4.277733,1.832295,83.315186,-0.991592,-0.542446,0.062842,3.055524,1.308782,59.510847,-0.130878,0.305552,0.0
27.18,-0.496187,-0.24652,-0.319951,1.536913,0.150447,1.907316,0.482524,0.524141,0.512401,0.216115,0.109375,4.30417,1.815364,83.322746,-0.989093,-0.538551,0.062827,3.074407,1.296688,59.516247,-0.129669,0.307441,0.0
27.2,-0.496664,-0.230634,-0.316867,1.547102,0.154257,1.90244,0.483557,0.508683,0.515497,0.214091,0.110273,4.330176,1.798367,83.330292,-0.986584,-0.53472,0.062807,3.092983,1.284548,59.521637,-0.128455,0.309298,0.0
27.22,-0.49711,-0.214734,-0.313763,1.557192,0.158056,1.897443,0.484559,0.493193,0.518541,0.21206,0.111169,4.355748,1.781305,83.337824,-0.984065,-0.530956,0.062782,3.111249,1.272361,59.527017,-0.127236,0.311125,0.0
27.24,-0.497523,-0.19882,-0.310638,1.567183,0.161846,1.892325,0.48553,0.477672,0.521534,0.210021,0.112064,4.380886,1.76418,83.34534,-0.981536,-0.527256,0.062753,3.129204,1.260128,59.532386,-0.126013,0.31292,0.0
27.26,-0.497905,-0.182893,-0.307494,1.577073,0.165626,1.887085,0.48647,0.46212,0.524474,0.207975,0.112957,4.405585,1.746991,83.352841,-0.978997,-0.523623,0.062719,3.146847,1.24785,59.537744,-0.124785,0.314685,0.0
27.28,-0.498255,-0.166954,-0.30433,1.586862,0.169394,1.881725,0.487378,0.446538,0.527362,0.205921,0.113848,4.429844,1.729738,83.360327,-0.976449,-0.520057,0.062681,3.164174,1.235527,59.543091,-0.123553,0.316417,0.0
27.3,-0.498573,-0.151005,-0.301147,1.59655,0.173152,1.876244,0.488256,0.430928,0.530198,0.20386,0.114738,4.45366,1.712424,83.367798,-0.973891,-0.516557,0.062637,3.181185,1.22316,59.548427,-0.122316,0.318119,0.0
27.32,-0.498859,-0.135046,-0.297944,1.606136,0.176899,1.870643,0.489102,0.41529,0.53298,0.201791,0.115625,4.47703,1.695048,83.375253,-0.971324,-0.513125,0.06259,3.197879,1.210749,59.553752,-0.121075,0.319788,0.0
27.34,-0.499113,-0.119078,-0.294722,1.615618,0.180635,1.864923,0.489917,0.399626,0.535709,0.199716,0.116511,4.499953,1.677611,83.382693,-0.968747,-0.50976,0.062537,3.214252,1.198294,59.559067,-0.119829,0.321425,0.0
27.36,-0.499335,-0.103103,-0.291481,1.624998,0.184359,1.859083,0.490701,0.383936,0.538384,0.197633,0.117395,4.522425,1.660114,83.390117,-0.966161,-0.506463,0.06248,3.230304,1.185795,59.56437,-0.11858,0.32303,0.0
27.38,-0.499525,-0.087121,-0.288222,1.634273,0.188071,1.853124,0.491453,0.368221,0.541005,0.195542,0.118277,4.544446,1.642556,83.397526,-0.963566,-0.503234,0.062417,3.246033,1.173255,59.569661,-0.117325,0.324603,0.0
27.4,-0.499684,-0.071134,-0.284944,1.643444,0.191771,1.847046,0.492173,0.352483,0.543573,0.193445,0.119157,4.566012,1.62494,83.404918,-0.960962,-0.500074,0.062351,3.261437,1.160671,59.574942,-0.116067,0.326144,0.0
27.42,-0.49981,-0.055142,-0.281648,1.652509,0.195459,1.840851,0.492863,0.336722,0.546086,0.191341,0.120035,4.587121,1.607265,83.412295,-0.958348,-0.496983,0.062279,3.276515,1.148047,59.580211,-0.114805,0.327652,0.0
27.44,-0.499904,-0.039146,-0.278334,1.661469,0.199135,1.834537,0.49352,0.32094,0.548544,0.18923,0.120911,4.607772,1.589533,83.419655,-0.955726,-0.493961,0.062203,3.291266,1.13538,59.585468,-0.113538,0.329127,0.0
27.46,-0.499967,-0.023148,-0.275003,1.670322,0.202797,1.828106,0.494146,0.305138,0.550948,0.187112,0.121786,4.627962,1.571743,83.426999,-0.953095,-0.491009,0.062122,3.305687,1.122673,59.590714,-0.112267,0.330569,0.0
27.48,-0.499997,-0.007149,-0.271653,1.679069,0.206447,1.821558,0.494741,0.289315,0.553296,0.184988,0.122658,4.647689,1.553896,83.434327,-0.950456,-0.488126,0.062036,3.319778,1.109926,59.595948,-0.110993,0.331978,0.0
27.5,-0.499995,0.008851,-0.268286,1.687708,0.210084,1.814894,0.495304,0.273474,0.555589,0.182856,0.123528,4.666952,1.535994,83.441638,-0.947807,-0.485314,0.061945,3.333537,1.097138,59.60117,-0.109714,0.333354,0.0
27.52,-0.499961,0.024851,-0.264902,1.696239,0.213707,1.808113,0.495835,0.257616,0.557827,0.180719,0.124397,4.685747,1.518036,83.448933,-0.945151,-0.482572,0.06185,3.346962,1.084311,59.60638,-0.108431,0.334696,0.0
27.54,-0.499896,0.040849,-0.261502,1.704661,0.217316,1.801216,0.496334,0.241741,0.560009,0.178574,0.125263,4.704074,1.500024,83.456211,-0.942485,-0.4799,0.06175,3.360053,1.071445,59.611579,-0.107145,0.336005,0.0
27.56,-0.499798,0.056844,-0.258084,1.712975,0.220911,1.794205,0.496802,0.225851,0.562135,0.176423,0.126128,4.721931,1.481957,83.463472,-0.939812,-0.4773,0.061645,3.372808,1.058541,59.616765,-0.105854,0.337281,0.0
27.58,-0.499668,0.072835,-0.25465,1.721179,0.224493,1.787078,0.497238,0.209946,0.564204,0.174266,0.12699,4.739316,1.463837,83.470716,-0.93713,-0.474771,0.061535,3.385225,1.045598,59.62194,-0.10456,0.338523,0.0
27.6,-0.499507,0.088822,-0.251199,1.729272,0.22806,1.779837,0.497642,0.194028,0.566217,0.172103,0.12785,4.756226,1.445665,83.477943,-0.93444,-0.472314,0.06142,3.397304,1.032618,59.627102,-0.103262,0.33973,0.0
27.62,-0.499313,0.104803,-0.247733,1.737255,0.231612,1.772483,0.498014,0.178098,0.568174,0.169933,0.128709,4.772661,1.427441,83.485153,-0.931742,-0.469928,0.061301,3.409044,1.0196,59.632252,-0.10196,0.340904,0.0
27.64,-0.499087,0.120778,-0.24425,1.745127,0.235149,1.765014,0.498354,0.162156,0.570074,0.167758,0.129565,4.788619,1.409165,83.492345,-0.929036,-0.467614,0.061176,3.420442,1.006546,59.637389,-0.100655,0.342044,0.0
27.66,-0.49883,0.136745,-0.240752,1.752887,0.238672,1.757433,0.498662,0.146203,0.571916,0.165576,0.130419,4.804098,1.390838,83.49952,-0.926323,-0.465373,0.061047,3.431498,0.993456,59.642515,-0.099346,0.34315,0.0
27.68,-0.49854,0.152703,-0.237239,1.760535,0.242179,1.74974,0.498939,0.130242,0.573702,0.163388,0.131271,4.819096,1.372461,83.506678,-0.923601,-0.463204,0.060913,3.442212,0.98033,59.647627,-0.098033,0.344221,0.0
27.7,-0.498219,0.168651,-0.23371,1.76807,0.245671,1.741934,0.499183,0.114272,0.57543,0.161195,0.132121,4.833613,1.354035,83.513818,-0.920872,-0.461107,0.060774,3.452581,0.967168,59.652727,-0.096717,0.345258,0.0
27.72,-0.497866,0.184588,-0.230167,1.775492,0.249147,1.734017,0.499396,0.098294,0.577101,0.158995,0.132969,4.847646,1.335561,83.52094,-0.918136,-0.459084,0.060631,3.462604,0.953972,59.657814,-0.095397,0.34626,0.0
27.74,-0.497481,0.200514,-0.226608,1.782801,0.252607,1.725989,0.499576,0.082311,0.578714,0.15679,0.133815,4.861194,1.317038,83.528045,-0.915392,-0.457134,0.060482,3.472282,0.940741,59.662889,-0.094074,0.347228,0.0
27.76,-0.497064,0.216427,-0.223036,1.789995,0.256051,1.71785,0.499725,0.066322,0.580269,0.154579,0.134658,4.874257,1.298467,83.535131,-0.91264,-0.455257,0.060329,3.481612,0.927477,59.667951,-0.092748,0.348161,0.0
27.78,-0.496615,0.232326,-0.219448,1.797075,0.259478,1.709602,0.499842,0.050329,0.581766,0.152363,0.1355,4.886832,1.27985,83.542199,-0.909882,-0.453454,0.060171,3.490594,0.914179,59.672999,-0.091418,0.349059,0.0
27.8,-0.496135,0.24821,-0.215847,1.80404,0.262889,1.701244,0.499926,0.034332,0.583205,0.150141,0.136339,4.898918,1.261187,83.549249,-0.907116,-0.451725,0.060008,3.499227,0.900848,59.678035,-0.090085,0.349923,0.0
27.82,-0.495622,0.264078,-0.212232,1.810889,0.266283,1.692777,0.499979,0.018334,0.584585,0.147914,0.137176,4.910514,1.242479,83.556281,-0.904343,-0.450069,0.05984,3.50751,0.887485,59.683058,-0.088748,0.350751,0.0
27.84,-0.495078,0.279929,-0.208604,1.817622,0.26966,1.684202,0.5,0.002334,0.585907,0.145682,0.138011,4.921619,1.223725,83.563294,-0.901564,-0.448488,0.059667,3.515442,0.87409,59.688067,-0.087409,0.351544,0.0
27.86,-0.494503,0.295763,-0.204962,1.824239,0.27302,1.675519,0.499988,-0.013666,0.587171,0.143444,0.138844,4.932233,1.204928,83.570289,-0.898777,-0.44698,0.05949,3.523023,0.860663,59.693064,-0.086066,0.352302,0.0
27.88,-0.493895,0.311577,-0.201307,1.83074,0.276362,1.666729,0.499945,-0.029665,0.588375,0.141201,0.139674,4.942352,1.186087,83.577265,-0.895984,-0.445548,0.059307,3.530252,0.847205,59.698046,-0.084721,0.353025,0.0
27.9,-0.493256,0.327372,-0.197639,1.837123,0.279687,1.657832,0.49987,-0.045662,0.589521,0.138953,0.140503,4.951978,1.167204,83.584222,-0.893184,-0.444189,0.05912,3.537127,0.833717,59.703016,-0.083372,0.353713,0.0
27.92,-0.492586,0.343145,-0.193959,1.843389,0.282993,1.648829,0.499762,-0.061656,0.590608,0.1367,0.141329,4.961109,1.148279,83.591161,-0.890378,-0.442906,0.058928,3.543649,0.820199,59.707972,-0.08202,0.354365,0.0
27.94,-0.491884,0.358897,-0.190266,1.849536,0.286282,1.639721,0.499623,-0.077647,0.591636,0.134442,0.142152,4.969743,1.129312,83.59808,-0.887565,-0.441697,0.058731,3.549816,0.806651,59.712914,-0.080665,0.354982,0.0
27.96,-0.49115,0.374625,-0.18656,1.855565,0.289552,1.630507,0.499452,-0.093632,0.592605,0.132179,0.142974,4.97788,1.110305,83.604981,-0.884746,-0.440564,0.058529,3.555629,0.793075,59.717843,-0.079307,0.355563,0.0
27.98,-0.490385,0.39033,-0.182843,1.861476,0.292804,1.621189,0.499249,-0.109611,0.593514,0.129912,0.143793,4.98552,1.091257,83.611862,-0.881921,-0.439505,0.058322,3.561086,0.779469,59.722758,-0.077947,0.356109,0.0
28.0,-0.489589,0.40601,-0.179115,1.867267,0.296037,1.611768,0.499013,-0.125583,0.594364,0.127639,0.14461,4.992661,1.07217,83.618724,-0.879089,-0.438522,0.058111,3.566186,0.765836,59.72766,-0.076584,0.356619,0.0
28.02,-0.488761,0.421663,-0.175374,1.872939,0.299251,1.602243,0.498746,-0.141548,0.595155,0.125363,0.145425,4.999303,1.053045,83.625566,-0.876252,-0.437614,0.057895,3.570931,0.752175,59.732547,-0.075218,0.357093,0.0
28.04,-0.487902,0.43729,-0.171623,1.878491,0.302446,1.592616,0.498447,-0.157503,0.595886,0.123081,0.146237,5.005445,1.033882,83.632389,-0.873408,-0.436781,0.057674,3.575318,0.738487,59.73742,-0.073849,0.357532,0.0
28.06,-0.487012,0.452889,-0.167861,1.883923,0.305621,1.582887,0.498116,-0.173448,0.596558,0.120795,0.147047,5.011086,1.014682,83.639192,-0.870559,-0.436024,0.057448,3.579347,0.724773,59.74228,-0.072477,0.357935,0.0
28.08,-0.486091,0.468459,-0.164087,1.889234,0.308777,1.573057,0.497753,-0.189382,0.59717,0.118505,0.147854,5.016226,0.995445,83.645975,-0.867704,-0.435343,0.057217,3.583019,0.711032,59.747125,-0.071103,0.358302,0.0
28.1,-0.485138,0.483998,-0.160304,1.894424,0.311913,1.563125,0.497359,-0.205304,0.597722,0.116211,0.148659,5.020865,0.976172,83.652739,-0.864844,-0.434737,0.056981,3.586332,0.697266,59.751956,-0.069727,0.358633,0.0
28.12,-0.484155,0.499507,-0.15651,1.899493,0.31503,1.553094,0.496932,-0.221213,0.598214,0.113912,0.149462,5.025002,0.956864,83.659482,-0.861978,-0.434207,0.056741,3.589287,0.683474,59.756773,-0.068347,0.358929,0.0
28.14,-0.48314,0.514984,-0.152706,1.904441,0.318126,1.542964,0.496474,-0.237107,0.598647,0.11161,0.150263,5.028636,0.937522,83.666206,-0.859106,-0.433752,0.056496,3.591883,0.669658,59.761576,-0.066966,0.359188,0.0
28.16,-0.482095,0.530428,-0.148892,1.909266,0.321201,1.532734,0.495984,-0.252987,0.59902,0.109303,0.151061,5.031767,0.918146,83.672909,-0.85623,-0.433374,0.056246,3.594119,0.655818,59.766364,-0.065582,0.359412,0.0
28.18,-0.481019,0.545838,-0.145069,1.91397,0.324257,1.522407,0.495462,-0.26885,0.599333,0.106992,0.151856,5.034395,0.898737,83.679592,-0.853348,-0.433072,0.055991,3.595996,0.641955,59.771137,-0.064195,0.3596,0.0
28.2,-0.479911,0.561213,-0.141236,1.918551,0.327291,1.511982,0.494908,-0.284696,0.599586,0.104678,0.152649,5.036519,0.879295,83.686254,-0.850461,-0.432845,0.055732,3.597514,0.628068,59.775896,-0.062807,0.359751,0.0
28.22,-0.478774,0.576552,-0.137395,1.923009,0.330304,1.501461,0.494323,-0.300524,0.599779,0.10236,0.15344,5.03814,0.859822,83.692897,-0.847569,-0.432694,0.055467,3.598672,0.614159,59.78064,-0.061416,0.359867,0.0
28.24,-0.477605,0.591854,-0.133544,1.927344,0.333297,1.490843,0.493706,-0.316332,0.599912,0.100038,0.154228,5.039257,0.840318,83.699518,-0.844673,-0.43262,0.055198,3.59947,0.600227,59.78537,-0.060023,0.359947,0.0
28.26,-0.476406,0.607118,-0.129685,1.931556,0.336268,1.48013,0.493058,-0.33212,0.599985,0.097712,0.155014,5.039871,0.820784,83.706119,-0.841771,-0.432621,0.054924,3.599908,0.586274,59.790085,-0.058627,0.359991,0.0
28.28,-0.475177,0.622343,-0.125818,1.935644,0.339217,1.469322,0.492378,-0.347887,0.599998,0.095383,0.155797,5.03998,0.80122,83.712698,-0.838865,-0.432699,0.054646,3.599986,0.5723,59.794785,-0.05723,0.359999,0.0
28.3,-0.473917,0.637529,-0.121943,1.939608,0.342145,1.45842,0.491666,-0.363632,0.599951,0.093051,0.156578,5.039585,0.781627,83.719257,-0.835954,-0.432852,0.054363,3.599704,0.558305,59.79947,-0.05583,0.35997,0.0
28.32,-0.472627,0.652674,-0.11806,1.943448,0.345051,1.447425,0.490923,-0.379354,0.599844,0.090715,0.157357,5.038686,0.762006,83.725795,-0.833039,-0.433082,0.054075,3.599062,0.54429,59.804139,-0.054429,0.359906,0.0
28.34,-0.471306,0.667777,-0.114169,1.947164,0.347935,1.436337,0.490149,-0.395051,0.599677,0.088376,0.158132,5.037284,0.742358,83.732312,-0.83012,-0.433387,0.053782,3.59806,0.530255,59.808794,-0.053026,0.359806,0.0
28.36,-0.469956,0.682837,-0.110271,1.950755,0.350796,1.425157,0.489343,-0.410723,0.59945,0.086034,0.158906,5.035377,0.722683,83.738807,-0.827196,-0.433769,0.053484,3.596698,0.516202,59.813434,-0.05162,0.35967,0.0
28.38,-0.468575,0.697854,-0.106366,1.954221,0.353635,1.413887,0.488506,-0.426369,0.599163,0.083688,0.159676,5.032967,0.702982,83.745282,-0.824268,-0.434226,0.053182,3.594977,0.50213,59.818058,-0.050213,0.359498,0.0
28.4,-0.467164,0.712826,-0.102454,1.957562,0.356452,1.402525,0.487638,-0.441987,0.598816,0.08134,0.160445,5.030054,0.683255,83.751734,-0.821336,-0.434759,0.052876,3.592896,0.488039,59.822667,-0.048804,0.35929,0.0
28.42,-0.465724,0.727752,-0.098536,1.960778,0.359245,1.391074,0.486738,-0.457577,0.598409,0.078989,0.16121,5.026638,0.663504,83.758165,-0.818401,-0.435369,0.052564,3.590456,0.473932,59.827261,-0.047393,0.359046,0.0
28.44,-0.464253,0.742632,-0.094611,1.963868,0.362016,1.379534,0.485807,-0.473138,0.597943,0.076634,0.161973,5.022719,0.643729,83.764575,-0.815461,-0.436054,0.052248,3.587657,0.459807,59.831839,-0.045981,0.358766,0.0
28.46,-0.462753,0.757464,-0.090681,1.966833,0.364763,1.367905,0.484846,-0.488668,0.597416,0.074278,0.162734,5.018298,0.623931,83.770962,-0.812518,-0.436814,0.051927,3.584499,0.445665,59.836402,-0.044567,0.35845,0.0
28.48,-0.461224,0.772247,-0.086744,1.969672,0.367487,1.356189,0.483853,-0.504168,0.59683,0.071918,0.163491,5.013375,0.604111,83.777328,-0.809571,-0.437651,0.051602,3.580982,0.431508,59.840949,-0.043151,0.358098,0.0
28.5,-0.459664,0.786982,-0.082802,1.972385,0.370188,1.344386,0.482829,-0.519635,0.596185,0.069556,0.164247,5.007951,0.584269,83.783672,-0.806621,-0.438563,0.051272,3.577108,0.417335,59.84548,-0.041733,0.357711,0.0
28.52,-0.458076,0.801666,-0.078855,1.974971,0.372865,1.332497,0.481774,-0.535068,0.595479,0.067191,0.164999,5.002026,0.564405,83.789994,-0.803667,-0.43955,0.050937,3.572876,0.403147,59.849995,-0.040315,0.357288,0.0
28.54,-0.456458,0.816298,-0.074902,1.977431,0.375518,1.320523,0.480689,-0.550468,0.594714,0.064824,0.165749,4.995601,0.544522,83.796293,-0.80071,-0.440613,0.050598,3.568286,0.388944,59.854495,-0.038894,0.356829,0.0
28.56,-0.45481,0.830879,-0.070945,1.979765,0.378147,1.308464,0.479572,-0.565832,0.59389,0.062455,0.166496,4.988676,0.524619,83.80257,-0.79775,-0.441751,0.050255,3.56334,0.374728,59.858979,-0.037473,0.356334,0.0
28.58,-0.453134,0.845406,-0.066983,1.981972,0.380752,1.296322,0.478425,-0.58116,0.593006,0.060083,0.167241,4.981252,0.504697,83.808825,-0.794787,-0.442965,0.049906,3.558037,0.360498,59.863447,-0.03605,0.355804,0.0
28.6,-0.451429,0.859879,-0.063017,1.984052,0.383332,1.284097,0.477248,-0.596451,0.592063,0.057709,0.167983,4.973331,0.484756,83.815058,-0.791821,-0.444254,0.049554,3.552379,0.346255,59.867898,-0.034625,0.355238,0.0
28.62,-0.449695,0.874297,-0.059047,1.986005,0.385888,1.271789,0.47604,-0.611704,0.591061,0.055333,0.168722,4.964912,0.464799,83.821268,-0.788852,-0.445617,0.049196,3.546365,0.331999,59.872334,-0.0332,0.354637,0.0
28.64,-0.447932,0.888659,-0.055073,1.987831,0.388419,1.2594,0.474801,-0.626917,0.59,0.052955,0.169459,4.955996,0.444824,83.827455,-0.78588,-0.447056,0.048835,3.539997,0.317732,59.876753,-0.031773,0.354,0.0
28.66,-0.44614,0.902964,-0.051096,1.989529,0.390926,1.24693,0.473532,-0.642091,0.588879,0.050575,0.170193,4.946585,0.424834,83.833619,-0.782906,-0.448569,0.048468,3.533275,0.303453,59.881157,-0.030345,0.353327,0.0
28.68,-0.44432,0.917212,-0.047115,1.991101,0.393407,1.234381,0.472233,-0.657223,0.5877,0.048194,0.170924,4.936679,0.404828,83.839761,-0.779929,-0.450157,0.048098,3.526199,0.289163,59.885543,-0.028916,0.35262,0.0
28.7,-0.442471,0.9314,-0.043132,1.992545,0.395863,1.221753,0.470903,-0.672313,0.586462,0.04581,0.171652,4.92628,0.384808,83.845879,-0.77695,-0.451819,0.047723,3.518771,0.274863,59.889914,-0.027486,0.351877,0.0
28.72,-0.440594,0.94553,-0.039145,1.993861,0.398294,1.209046,0.469543,-0.68736,0.585165,0.043425,0.172378,4.915387,0.364774,83.851975,-0.773968,-0.453555,0.047343,3.510991,0.260553,59.894268,-0.026055,0.351099,0.0
28.74,-0.438689,0.959598,-0.035156,1.99505,0.400699,1.196262,0.468154,-0.702364,0.58381,0.041039,0.173101,4.904004,0.344726,83.858047,-0.770985,-0.455366,0.046959,3.50286,0.246233,59.898605,-0.024623,0.350286,0.0
28.76,-0.436756,0.973605,-0.031165,1.996111,0.403079,1.183402,0.466734,-0.717322,0.582396,0.038651,0.173821,4.89213,0.324667,83.864096,-0.767999,-0.45725,0.046571,3.494378,0.231905,59.902926,-0.02319,0.349438,0.0
28.78,-0.434795,0.98755,-0.027172,1.997045,0.405433,1.170465,0.465284,-0.732234,0.580925,0.036261,0.174538,4.879766,0.304595,83.870122,-0.765011,-0.459209,0.046178,3.485547,0.217568,59.90723,-0.021757,0.348555,0.0
28.8,-0.432806,1.001432,-0.023177,1.99785,0.407761,1.157454,0.463805,-0.7471,0.579395,0.033871,0.175253,4.866915,0.284513,83.876124,-0.762022,-0.46124,0.045781,3.476368,0.203223,59.911517,-0.020322,0.347637,0.0
28.82,-0.430789,1.01525,-0.019181,1.998528,0.410062,1.144369,0.462296,-0.761918,0.577807,0.031479,0.175965,4.853577,0.26442,83.882103,-0.75903,-0.463345,0.04538,3.466841,0.188872,59.915788,-0.018887,0.346684,0.0
28.84,-0.428745,1.029002,-0.015183,1.999078,0.412338,1.13121,0.460757,-0.776687,0.576161,0.029085,0.176674,4.839754,0.244318,83.888058,-0.756037,-0.465524,0.044974,3.456967,0.174513,59.920041,-0.017451,0.345697,0.0
28.86,-0.426673,1.042689,-0.011184,1.9995,0.414587,1.11798,0.459189,-0.791406,0.574458,0.026691,0.17738,4.825447,0.224207,83.893989,-0.753043,-0.467775,0.044564,3.446748,0.160148,59.924278,-0.016015,0.344675,0.0
28.88,-0.424574,1.056309,-0.007185,1.999793,0.41681,1.104677,0.457592,-0.806074,0.572697,0.024296,0.178083,4.810657,0.204088,83.899896,-0.750047,-0.470099,0.04415,3.436184,0.145777,59.928497,-0.014578,0.343618,0.0
28.9,-0.422448,1.069861,-0.003185,1.999959,0.419006,1.091304,0.455965,-0.820691,0.570879,0.0219,0.178783,4.795386,0.183962,83.90578,-0.747049,-0.472496,0.043731,3.425276,0.131401,59.9327,-0.01314,0.342528,0.0
28.92,-0.420295,1.083345,0.000815,1.999997,0.421175,1.077861,0.454309,-0.835256,0.569004,0.019503,0.179481,4.779636,0.163829,83.911639,-0.744051,-0.474964,0.043309,3.414026,0.117021,59.936885,-0.011702,0.341403,0.0
28.94,-0.418115,1.09676,0.004815,1.999907,0.423317,1.064349,0.452624,-0.849767,0.567072,0.017106,0.180176,4.763407,0.14369,83.917475,-0.741051,-0.477505,0.042882,3.402434,0.102636,59.941053,-0.010264,0.340243,0.0
28.96,-0.415908,1.110104,0.008814,1.999689,0.425432,1.050769,0.45091,-0.864223,0.565084,0.014708,0.180867,4.746703,0.123546,83.923286,-0.738051,-0.480118,0.042451,3.390502,0.088247,59.945204,-0.008825,0.33905,0.0
28.98,-0.413674,1.123378,0.012813,1.999343,0.42752,1.037122,0.449167,-0.878625,0.563038,0.012309,0.181556,4.729523,0.103398,83.929073,-0.735049,-0.482802,0.042016,3.378231,0.073855,59.949338,-0.007386,0.337823,0.0
29.0,-0.411414,1.136579,0.016812,1.998869,0.429581,1.023408,0.447396,-0.89297,0.560937,0.00991,0.182242,4.711871,0.083245,83.934835,-0.732047,-0.485557,0.041577,3.365622,0.059461,59.953454,-0.005946,0.336562,0.0
29.02,-0.409128,1.149708,0.020809,1.998267,0.431614,1.009629,0.445595,-0.907258,0.558779,0.007511,0.182925,4.693748,0.06309,83.940573,-0.729044,-0.488384,0.041133,3.352677,0.045064,59.957552,-0.004506,0.335268,0.0
29.04,-0.406816,1.162763,0.024805,1.997537,0.433619,0.995785,0.443767,-0.921488,0.556566,0.005111,0.183606,4.675155,0.042933,83.946286,-0.726041,-0.491281,0.040686,3.339396,0.030666,59.961633,-0.003067,0.33394,0.0
29.06,-0.404477,1.175744,0.028799,1.99668,0.435597,0.981877,0.441909,-0.935658,0.554297,0.002711,0.184283,4.656094,0.022774,83.951975,-0.723037,-0.494248,0.040235,3.325782,0.016267,59.965696,-0.001627,0.332578,0.0
29.08,-0.402113,1.188649,0.032791,1.995694,0.437547,0.967907,0.440024,-0.949769,0.551972,0.000311,0.184957,4.636568,0.002614,83.957639,-0.720033,-0.497286,0.039779,3.311835,0.001867,59.969742,-0.000187,0.331183,0.0
29.1,-0.399722,1.201479,0.036781,1.994581,0.439469,0.953875,0.43811,-0.96382,0.549593,-0.002089,0.185628,4.616579,-0.017546,83.963278,-0.717028,-0.500393,0.03932,3.297556,-0.012533,59.97377,0.001253,0.329756,-0.0
29.12,-0.397307,1.214231,0.040769,1.99334,0.441362,0.939781,0.436169,-0.977808,0.547158,-0.004489,0.186297,4.596128,-0.037705,83.968892,-0.714024,-0.503571,0.038857,3.282948,-0.026932,59.97778,0.002693,0.328295,-0.0
29.14,-0.394866,1.226906,0.044755,1.991972,0.443228,0.925628,0.434199,-0.991734,0.544669,-0.006888,0.186962,4.575217,-0.057863,83.974481,-0.711019,-0.506817,0.03839,3.268012,-0.041331,59.981772,0.004133,0.326801,-0.0
29.16,-0.392399,1.239503,0.048737,1.990476,0.445065,0.911415,0.432202,-1.005597,0.542125,-0.009288,0.187624,4.553848,-0.078019,83.980045,-0.708015,-0.510132,0.037918,3.252749,-0.055728,59.985746,0.005573,0.325275,-0.0
29.18,-0.389908,1.252019,0.052717,1.988853,0.446873,0.897144,0.430177,-1.019395,0.539527,-0.011687,0.188284,4.532024,-0.098172,83.985584,-0.70501,-0.513516,0.037443,3.23716,-0.070123,59.989703,0.007012,0.323716,-0.0
29.2,-0.387391,1.264456,0.056693,1.987102,0.448653,0.882816,0.428124,-1.033128,0.536875,-0.014086,0.18894,4.509748,-0.118322,83.991097,-0.702006,-0.516968,0.036965,3.221248,-0.084515,59.993641,0.008452,0.322125,-0.0
29.22,-0.38485,1.276812,0.060665,1.985225,0.450405,0.868431,0.426044,-1.046795,0.534169,-0.016484,0.189593,4.48702,-0.138467,83.996585,-0.699003,-0.520488,0.036482,3.205014,-0.098905,59.997561,0.00989,0.320501,-0.0
29.24,-0.382284,1.289086,0.064633,1.98322,0.452127,0.85399,0.423937,-1.060394,0.53141,-0.018882,0.190244,4.463843,-0.158607,84.002048,-0.696,-0.524076,0.035996,3.188459,-0.113291,60.001463,0.011329,0.318846,-0.0
29.26,-0.379694,1.301278,0.068598,1.981088,0.45382,0.839495,0.421803,-1.073926,0.528598,-0.021279,0.190891,4.44022,-0.178742,84.007485,-0.692998,-0.527731,0.035506,3.171586,-0.127673,60.005346,0.012767,0.317159,-0.0
29.28,-0.377079,1.313387,0.072558,1.97883,0.455485,0.824946,0.419642,-1.087389,0.525732,-0.023675,0.191535,4.416153,-0.19887,84.012896,-0.689996,-0.531453,0.035012,3.154395,-0.14205,60.009211,0.014205,0.315439,-0.0
29.3,-0.37444,1.325411,0.076513,1.976444,0.45712,0.810344,0.417453,-1.100783,0.522815,-0.02607,0.192176,4.391644,-0.218991,84.018281,-0.686995,-0.535241,0.034514,3.136889,-0.156422,60.013058,0.015642,0.313689,-0.0
29.32,-0.371777,1.337351,0.080463,1.973933,0.458726,0.79569,0.415238,-1.114106,0.519845,-0.028465,0.192814,4.366696,-0.239104,84.023641,-0.683995,-0.539095,0.034013,3.119069,-0.170788,60.016887,0.017079,0.311907,-0.0
29.34,-0.369091,1.349204,0.084409,1.971295,0.460303,0.780986,0.412997,-1.127358,0.516823,-0.030858,0.193449,4.341312,-0.259208,84.028975,-0.680997,-0.543015,0.033508,3.100937,-0.185149,60.020696,0.018515,0.310094,-0.0
29.36,-0.366381,1.360972,0.088348,1.968531,0.46185,0.766231,0.410729,-1.140538,0.513749,-0.03325,0.194081,4.315493,-0.279303,84.034283,-0.677999,-0.547001,0.033,3.082495,-0.199502,60.024488,0.01995,0.30825,-0.0
29.38,-0.363647,1.372653,0.092283,1.965641,0.463368,0.751428,0.408435,-1.153644,0.510624,-0.035641,0.19471,4.289243,-0.299388,84.039565,-0.675003,-0.551051,0.032488,3.063745,-0.213849,60.02826,0.021385,0.306375,-0.0
29.4,-0.36089,1.384245,0.096211,1.962625,0.464856,0.736576,0.406115,-1.166677,0.507448,-0.038031,0.195336,4.262564,-0.319463,84.04482,-0.672008,-0.555166,0.031973,3.044689,-0.228188,60.032014,0.022819,0.304469,-0.0
29.42,-0.35811,1.395749,0.100133,1.959483,0.466314,0.721677,0.403768,-1.179635,0.504221,-0.04042,0.195958,4.235459,-0.339526,84.050049,-0.669015,-0.559346,0.031454,3.025328,-0.242518,60.03575,0.024252,0.302533,-0.0
29.44,-0.355307,1.407164,0.104049,1.956216,0.467743,0.706732,0.401396,-1.192518,0.500944,-0.042807,0.196578,4.20793,-0.359576,84.055252,-0.666023,-0.563589,0.030931,3.005664,-0.25684,60.039466,0.025684,0.300566,-0.0
29.46,-0.352481,1.418489,0.107958,1.952824,0.469141,0.691742,0.398998,-1.205324,0.497617,-0.045192,0.197194,4.17998,-0.379614,84.060429,-0.663034,-0.567895,0.030405,2.9857,-0.271153,60.043164,0.027115,0.29857,-0.0
29.48,-0.349633,1.429723,0.11186,1.949307,0.470509,0.676708,0.396575,-1.218054,0.49424,-0.047576,0.197807,4.151613,-0.399638,84.065579,-0.660046,-0.572264,0.029876,2.965438,-0.285456,60.046842,0.028546,0.296544,-0.0
29.5,-0.346763,1.440865,0.115755,1.945665,0.471848,0.66163,0.394126,-1.230705,0.490813,-0.049958,0.198417,4.12283,-0.419647,84.070703,-0.657059,-0.576696,0.029344,2.944878,-0.299748,60.050502,0.029975,0.294488,-0.0
29.52,-0.34387,1.451915,0.119642,1.941899,0.473156,0.64651,0.391652,-1.243277,0.487337,-0.052338,0.199024,4.093635,-0.439642,84.075799,-0.654075,-0.58119,0.028808,2.924025,-0.31403,60.054142,0.031403,0.292402,-0.0
29.54,-0.340955,1.462872,0.123522,1.938008,0.474434,0.631348,0.389153,-1.25577,0.483813,-0.054717,0.199627,4.06403,-0.45962,84.080869,-0.651093,-0.585745,0.028269,2.902879,-0.3283,60.057764,0.03283,0.290288,-0.0
29.56,-0.338018,1.473736,0.127394,1.933993,0.475681,0.616146,0.386629,-1.268183,0.48024,-0.057093,0.200228,4.034019,-0.479583,84.085913,-0.648114,-0.590362,0.027726,2.881442,-0.342559,60.061366,0.034256,0.288144,-0.0
29.58,-0.33506,1.484505,0.131258,1.929855,0.476898,0.600905,0.38408,-1.280514,0.47662,-0.059468,0.200825,4.003605,-0.499527,84.090929,-0.645137,-0.595039,0.027181,2.859718,-0.356805,60.064949,0.035681,0.285972,-0.0
29.6,-0.33208,1.49518,0.135114,1.925593,0.478085,0.585625,0.381507,-1.292764,0.472951,-0.06184,0.201419,3.97279,-0.519454,84.095918,-0.642162,-0.599776,0.026632,2.837707,-0.371039,60.068513,0.037104,0.283771,-0.0
29.62,-0.329079,1.505758,0.138961,1.921208,0.479241,0.570308,0.378909,-1.304931,0.469236,-0.06421,0.20201,3.941579,-0.539362,84.10088,-0.63919,-0.604574,0.02608,2.815413,-0.385259,60.072057,0.038526,0.281541,-0.0
29.64,-0.326057,1.51624,0.142799,1.9167,0.480366,0.554954,0.376287,-1.317014,0.465473,-0.066578,0.202597,3.909972,-0.559251,84.105816,-0.63622,-0.60943,0.025525,2.792837,-0.399465,60.075583,0.039947,0.279284,-0.0
29.66,-0.323015,1.526626,0.146627,1.912069,0.481461,0.539565,0.373641,-1.329013,0.461664,-0.068943,0.203181,3.877975,-0.57912,84.110723,-0.633254,-0.614345,0.024967,2.769982,-0.413657,60.079088,0.041366,0.276998,-0.0
29.68,-0.319951,1.536913,0.150447,1.907316,0.482524,0.524141,0.370971,-1.340927,0.457808,-0.071306,0.203762,3.845591,-0.598967,84.115604,-0.63029,-0.619319,0.024406,2.74685,-0.427834,60.082574,0.042783,0.274685,-0.0
29.7,-0.316867,1.547102,0.154257,1.90244,0.483557,0.508683,0.368278,-1.352755,0.453907,-0.073666,0.20434,3.812821,-0.618794,84.120457,-0.627329,-0.624351,0.023841,2.723444,-0.441995,60.086041,0.0442,0.272344,-0.0
29.72,-0.313763,1.557192,0.158056,1.897443,0.484559,0.493193,0.36556,-1.364496,0.449961,-0.076024,0.204915,3.779671,-0.638598,84.125283,-0.624372,-0.62944,0.023274,2.699765,-0.456141,60.089488,0.045614,0.269976,-0.0
29.74,-0.310638,1.567183,0.161846,1.892325,0.48553,0.477672,0.36282,-1.37615,0.445969,-0.078378,0.205486,3.746142,-0.658378,84.130081,-0.621418,-0.634585,0.022704,2.675816,-0.47027,60.092915,0.047027,0.267582,-0.0
29.76,-0.307494,1.577073,0.165626,1.887085,0.48647,0.46212,0.360056,-1.387716,0.441933,-0.08073,0.206054,3.712239,-0.678136,84.134852,-0.618467,-0.639787,0.022132,2.651599,-0.484383,60.096323,0.048438,0.26516,-0.0
29.78,-0.30433,1.586862,0.169394,1.881725,0.487378,0.446538,0.357269,-1.399194,0.437853,-0.08308,0.206618,3.677964,-0.697869,84.139595,-0.615519,-0.645045,0.021556,2.627117,-0.498478,60.09971,0.049848,0.262712,-0.0
29.8,-0.301147,1.59655,0.173152,1.876244,0.488256,0.430928,0.354459,-1.410581,0.433729,-0.085426,0.20718,3.643322,-0.717576,84.14431,-0.612575,-0.650359,0.020977,2.602373,-0.512554,60.103078,0.051255,0.260237,-0.0
29.82,-0.297944,1.606136,0.176899,1.870643,0.489102,0.41529,0.351627,-1.421879,0.429561,-0.087769,0.207738,3.608315,-0.737258,84.148997,-0.609635,-0.655726,0.020396,2.577368,-0.526613,60.106426,0.052661,0.257737,-0.0
29.84,-0.294722,1.615618,0.180635,1.864923,0.489917,0.399626,0.348772,-1.433085,0.425351,-0.090109,0.208292,3.572948,-0.756913,84.153656,-0.606699,-0.661149,0.019812,2.552106,-0.540652,60.109754,0.054065,0.255211,-0.0
29.86,-0.291481,1.624998,0.184359,1.859083,0.490701,0.383936,0.345894,-1.4442,0.421098,-0.092445,0.208844,3.537223,-0.776541,84.158288,-0.603766,-0.666625,0.019226,2.526588,-0.554672,60.113063,0.055467,0.252659,-0.0
29.88,-0.288222,1.634273,0.188071,1.853124,0.491453,0.368221,0.342995,-1.455222,0.416803,-0.094779,0.209392,3.501145,-0.796142,84.162891,-0.600838,-0.672154,0.018636,2.500818,-0.568673,60.116351,0.056867,0.250082,-0.0
29.9,-0.284944,1.643444,0.191771,1.847046,0.492173,0.352483,0.340074,-1.466151,0.412466,-0.097109,0.209936,3.464716,-0.815713,84.167466,-0.597913,-0.677735,0.018045,2.474797,-0.582652,60.119619,0.058265,0.24748,-0.0
29.92,-0.281648,1.652509,0.195459,1.840851,0.492863,0.336722,0.33713,-1.476987,0.408088,-0.099435,0.210478,3.427941,-0.835255,84.172013,-0.594993,-0.683369,0.01745,2.44853,-0.596611,60.122866,0.059661,0.244853,-0.0
29.94,-0.278334,1.661469,0.199135,1.834537,0.49352,0.32094,0.334166,-1.487727,0.403669,-0.101758,0.211016,3.390824,-0.854767,84.176531,-0.592077,-0.689054,0.016853,2.422017,-0.610548,60.126094,0.061055,0.242202,-0.0
29.96,-0.275003,1.670322,0.202797,1.828106,0.494146,0.305138,0.33118,-1.498373,0.39921,-0.104077,0.21155,3.353367,-0.874248,84.181022,-0.589165,-0.69479,0.016254,2.395262,-0.624463,60.129301,0.062446,0.239526,-0.0
29.98,-0.271653,1.679069,0.206447,1.821558,0.494741,0.289315,0.328172,-1.508923,0.394711,-0.106393,0.212081,3.315574,-0.893698,84.185484,-0.586258,-0.700577,0.015652,2.368267,-0.638356,60.132488,0.063836,0.236827,-0.0
30.0,-0.268286,1.687708,0.210084,1.814894,0.495304,0.273474,0.325144,-1.519376,0.390173,-0.108704,0.212609,3.277451,-0.913116,84.189917,-0.583356,-0.706413,0.015048,2.341036,-0.652226,60.135655,0.065223,0.234104,-0.0
